<?xml version='1.0' encoding='UTF-8'?>
<gpx version="1.1" creator="https://www.komoot.de" xmlns="http://www.topografix.com/GPX/1/1" xmlns:xsi="http://www.w3.org/2001/XMLSchema-instance" xsi:schemaLocation="http://www.topografix.com/GPX/1/1 http://www.topografix.com/GPX/1/1/gpx.xsd">
  <metadata>
    <name>de ‪Vila São João‬ a ‪Jardim Sao Carlos‬</name>
    <author>
      <link href="https://www.komoot.de">
        <text>komoot</text>
        <type>text/html</type>
      </link>
    </author>
  </metadata>
  <trk>
    <name>de ‪Vila São João‬ a ‪Jardim Sao Carlos‬</name>
    <type>racebike</type>
    <trkseg>
      <trkpt lat="-24.370650" lon="-47.936447">
        <ele>30.394072</ele>
        <time>2026-10-07T21:11:38.349Z</time>
      </trkpt>
      <trkpt lat="-24.370274" lon="-47.937043">
        <ele>30.394072</ele>
        <time>2026-10-07T21:12:01.925Z</time>
      </trkpt>
      <trkpt lat="-24.370030" lon="-47.937443">
        <ele>31.779385</ele>
        <time>2026-10-07T21:12:21.143Z</time>
      </trkpt>
      <trkpt lat="-24.369810" lon="-47.937782">
        <ele>34.411144</ele>
        <time>2026-10-07T21:12:39.871Z</time>
      </trkpt>
      <trkpt lat="-24.369681" lon="-47.937895">
        <ele>35.556674</ele>
        <time>2026-10-07T21:12:48.488Z</time>
      </trkpt>
      <trkpt lat="-24.369513" lon="-47.937979">
        <ele>36.838050</ele>
        <time>2026-10-07T21:12:58.492Z</time>
      </trkpt>
      <trkpt lat="-24.368966" lon="-47.938160">
        <ele>40.803617</ele>
        <time>2026-10-07T21:13:28.218Z</time>
      </trkpt>
      <trkpt lat="-24.368744" lon="-47.938255">
        <ele>42.457499</ele>
        <time>2026-10-07T21:13:38.795Z</time>
      </trkpt>
      <trkpt lat="-24.368218" lon="-47.938673">
        <ele>44.882079</ele>
        <time>2026-10-07T21:14:07.701Z</time>
      </trkpt>
      <trkpt lat="-24.368020" lon="-47.938795">
        <ele>45.654776</ele>
        <time>2026-10-07T21:14:16.371Z</time>
      </trkpt>
      <trkpt lat="-24.367827" lon="-47.938873">
        <ele>46.354673</ele>
        <time>2026-10-07T21:14:23.181Z</time>
      </trkpt>
      <trkpt lat="-24.367621" lon="-47.938988">
        <ele>47.141152</ele>
        <time>2026-10-07T21:14:30.449Z</time>
      </trkpt>
      <trkpt lat="-24.367099" lon="-47.939232">
        <ele>48.959616</ele>
        <time>2026-10-07T21:14:44.052Z</time>
      </trkpt>
      <trkpt lat="-24.366863" lon="-47.939461">
        <ele>48.361442</ele>
        <time>2026-10-07T21:14:50.341Z</time>
      </trkpt>
      <trkpt lat="-24.366327" lon="-47.940181">
        <ele>46.752848</ele>
        <time>2026-10-07T21:15:03.185Z</time>
      </trkpt>
      <trkpt lat="-24.365714" lon="-47.940892">
        <ele>45.267624</ele>
        <time>2026-10-07T21:15:16.303Z</time>
      </trkpt>
      <trkpt lat="-24.365573" lon="-47.940966">
        <ele>45.088660</ele>
        <time>2026-10-07T21:15:18.709Z</time>
      </trkpt>
      <trkpt lat="-24.365405" lon="-47.941013">
        <ele>44.890132</ele>
        <time>2026-10-07T21:15:21.441Z</time>
      </trkpt>
      <trkpt lat="-24.365186" lon="-47.941029">
        <ele>44.638797</ele>
        <time>2026-10-07T21:15:25.041Z</time>
      </trkpt>
      <trkpt lat="-24.364985" lon="-47.941001">
        <ele>44.406784</ele>
        <time>2026-10-07T21:15:28.542Z</time>
      </trkpt>
      <trkpt lat="-24.363876" lon="-47.940544">
        <ele>43.237670</ele>
        <time>2026-10-07T21:15:53.238Z</time>
      </trkpt>
      <trkpt lat="-24.363302" lon="-47.940345">
        <ele>42.820784</ele>
        <time>2026-10-07T21:16:05.390Z</time>
      </trkpt>
      <trkpt lat="-24.363011" lon="-47.940322">
        <ele>42.618726</ele>
        <time>2026-10-07T21:16:10.657Z</time>
      </trkpt>
      <trkpt lat="-24.362835" lon="-47.940334">
        <ele>42.496600</ele>
        <time>2026-10-07T21:16:13.702Z</time>
      </trkpt>
      <trkpt lat="-24.362645" lon="-47.940415">
        <ele>42.355438</ele>
        <time>2026-10-07T21:16:17.130Z</time>
      </trkpt>
      <trkpt lat="-24.361428" lon="-47.941353">
        <ele>38.187679</ele>
        <time>2026-10-07T21:16:39.113Z</time>
      </trkpt>
      <trkpt lat="-24.361296" lon="-47.941434">
        <ele>37.738141</ele>
        <time>2026-10-07T21:16:41.211Z</time>
      </trkpt>
      <trkpt lat="-24.361115" lon="-47.941497">
        <ele>37.173689</ele>
        <time>2026-10-07T21:16:43.861Z</time>
      </trkpt>
      <trkpt lat="-24.360922" lon="-47.941526">
        <ele>36.743719</ele>
        <time>2026-10-07T21:16:46.613Z</time>
      </trkpt>
      <trkpt lat="-24.360605" lon="-47.941538">
        <ele>36.217616</ele>
        <time>2026-10-07T21:16:51.181Z</time>
      </trkpt>
      <trkpt lat="-24.360072" lon="-47.941569">
        <ele>35.332317</ele>
        <time>2026-10-07T21:16:59.200Z</time>
      </trkpt>
      <trkpt lat="-24.359345" lon="-47.941564">
        <ele>34.126457</ele>
        <time>2026-10-07T21:17:12.612Z</time>
      </trkpt>
      <trkpt lat="-24.358929" lon="-47.941615">
        <ele>34.485670</ele>
        <time>2026-10-07T21:17:22.892Z</time>
      </trkpt>
      <trkpt lat="-24.358594" lon="-47.941694">
        <ele>35.076673</ele>
        <time>2026-10-07T21:17:32.039Z</time>
      </trkpt>
      <trkpt lat="-24.357758" lon="-47.942021">
        <ele>36.607443</ele>
        <time>2026-10-07T21:17:57.317Z</time>
      </trkpt>
      <trkpt lat="-24.357450" lon="-47.942169">
        <ele>37.267484</ele>
        <time>2026-10-07T21:18:07.490Z</time>
      </trkpt>
      <trkpt lat="-24.357126" lon="-47.942409">
        <ele>38.337730</ele>
        <time>2026-10-07T21:18:19.594Z</time>
      </trkpt>
      <trkpt lat="-24.356842" lon="-47.942716">
        <ele>39.429117</ele>
        <time>2026-10-07T21:18:32.203Z</time>
      </trkpt>
      <trkpt lat="-24.356306" lon="-47.943392">
        <ele>41.664582</ele>
        <time>2026-10-07T21:18:58.785Z</time>
      </trkpt>
      <trkpt lat="-24.355681" lon="-47.944030">
        <ele>42.637934</ele>
        <time>2026-10-07T21:19:23.828Z</time>
      </trkpt>
      <trkpt lat="-24.355387" lon="-47.944438">
        <ele>43.062042</ele>
        <time>2026-10-07T21:19:34.199Z</time>
      </trkpt>
      <trkpt lat="-24.355186" lon="-47.944863">
        <ele>43.452443</ele>
        <time>2026-10-07T21:19:42.208Z</time>
      </trkpt>
      <trkpt lat="-24.354947" lon="-47.945226">
        <ele>43.681718</ele>
        <time>2026-10-07T21:19:49.348Z</time>
      </trkpt>
      <trkpt lat="-24.354851" lon="-47.945450">
        <ele>43.765383</ele>
        <time>2026-10-07T21:19:53.342Z</time>
      </trkpt>
      <trkpt lat="-24.354818" lon="-47.945668">
        <ele>43.840070</ele>
        <time>2026-10-07T21:19:56.971Z</time>
      </trkpt>
      <trkpt lat="-24.354773" lon="-47.946498">
        <ele>44.121083</ele>
        <time>2026-10-07T21:20:12.922Z</time>
      </trkpt>
      <trkpt lat="-24.354672" lon="-47.946757">
        <ele>44.216300</ele>
        <time>2026-10-07T21:20:19.670Z</time>
      </trkpt>
      <trkpt lat="-24.354495" lon="-47.946973">
        <ele>44.934787</ele>
        <time>2026-10-07T21:20:27.939Z</time>
      </trkpt>
      <trkpt lat="-24.354294" lon="-47.947073">
        <ele>45.839647</ele>
        <time>2026-10-07T21:20:35.171Z</time>
      </trkpt>
      <trkpt lat="-24.353859" lon="-47.947131">
        <ele>47.636385</ele>
        <time>2026-10-07T21:20:49.736Z</time>
      </trkpt>
      <trkpt lat="-24.353448" lon="-47.947098">
        <ele>49.326109</ele>
        <time>2026-10-07T21:21:04.438Z</time>
      </trkpt>
      <trkpt lat="-24.353115" lon="-47.947104">
        <ele>50.691691</ele>
        <time>2026-10-07T21:21:17.788Z</time>
      </trkpt>
      <trkpt lat="-24.352967" lon="-47.947150">
        <ele>51.322393</ele>
        <time>2026-10-07T21:21:24.486Z</time>
      </trkpt>
      <trkpt lat="-24.352793" lon="-47.947311">
        <ele>52.848787</ele>
        <time>2026-10-07T21:21:34.976Z</time>
      </trkpt>
      <trkpt lat="-24.352111" lon="-47.948665">
        <ele>64.090147</ele>
        <time>2026-10-07T21:22:50.753Z</time>
      </trkpt>
      <trkpt lat="-24.351845" lon="-47.949003">
        <ele>66.884648</ele>
        <time>2026-10-07T21:23:14.757Z</time>
      </trkpt>
      <trkpt lat="-24.351488" lon="-47.949317">
        <ele>69.326409</ele>
        <time>2026-10-07T21:23:38.863Z</time>
      </trkpt>
      <trkpt lat="-24.351209" lon="-47.949525">
        <ele>71.126574</ele>
        <time>2026-10-07T21:23:54.694Z</time>
      </trkpt>
      <trkpt lat="-24.350917" lon="-47.949643">
        <ele>72.787391</ele>
        <time>2026-10-07T21:24:07.409Z</time>
      </trkpt>
      <trkpt lat="-24.350656" lon="-47.949667">
        <ele>74.185358</ele>
        <time>2026-10-07T21:24:16.322Z</time>
      </trkpt>
      <trkpt lat="-24.350404" lon="-47.949612">
        <ele>75.556739</ele>
        <time>2026-10-07T21:24:23.197Z</time>
      </trkpt>
      <trkpt lat="-24.350239" lon="-47.949546">
        <ele>74.717844</ele>
        <time>2026-10-07T21:24:26.827Z</time>
      </trkpt>
      <trkpt lat="-24.349798" lon="-47.949291">
        <ele>72.248681</ele>
        <time>2026-10-07T21:24:34.364Z</time>
      </trkpt>
      <trkpt lat="-24.349352" lon="-47.949143">
        <ele>69.940578</ele>
        <time>2026-10-07T21:24:40.605Z</time>
      </trkpt>
      <trkpt lat="-24.347822" lon="-47.948846">
        <ele>60.102957</ele>
        <time>2026-10-07T21:24:59.725Z</time>
      </trkpt>
      <trkpt lat="-24.347512" lon="-47.948747">
        <ele>57.728832</ele>
        <time>2026-10-07T21:25:03.773Z</time>
      </trkpt>
      <trkpt lat="-24.347258" lon="-47.948622">
        <ele>55.681887</ele>
        <time>2026-10-07T21:25:07.371Z</time>
      </trkpt>
      <trkpt lat="-24.346899" lon="-47.948374">
        <ele>53.293577</ele>
        <time>2026-10-07T21:25:13.156Z</time>
      </trkpt>
      <trkpt lat="-24.344453" lon="-47.946570">
        <ele>49.826126</ele>
        <time>2026-10-07T21:26:08.791Z</time>
      </trkpt>
      <trkpt lat="-24.344285" lon="-47.946487">
        <ele>49.615757</ele>
        <time>2026-10-07T21:26:11.548Z</time>
      </trkpt>
      <trkpt lat="-24.344054" lon="-47.946431">
        <ele>49.345632</ele>
        <time>2026-10-07T21:26:15.082Z</time>
      </trkpt>
      <trkpt lat="-24.343887" lon="-47.946403">
        <ele>49.183887</ele>
        <time>2026-10-07T21:26:17.591Z</time>
      </trkpt>
      <trkpt lat="-24.343554" lon="-47.946403">
        <ele>48.981922</ele>
        <time>2026-10-07T21:26:22.505Z</time>
      </trkpt>
      <trkpt lat="-24.343249" lon="-47.946459">
        <ele>48.794368</ele>
        <time>2026-10-07T21:26:27.211Z</time>
      </trkpt>
      <trkpt lat="-24.342538" lon="-47.946625">
        <ele>48.353496</ele>
        <time>2026-10-07T21:26:39.621Z</time>
      </trkpt>
      <trkpt lat="-24.342305" lon="-47.946632">
        <ele>48.212128</ele>
        <time>2026-10-07T21:26:46.059Z</time>
      </trkpt>
      <trkpt lat="-24.342124" lon="-47.946600">
        <ele>48.324091</ele>
        <time>2026-10-07T21:26:52.220Z</time>
      </trkpt>
      <trkpt lat="-24.341998" lon="-47.946541">
        <ele>48.918472</ele>
        <time>2026-10-07T21:26:57.222Z</time>
      </trkpt>
      <trkpt lat="-24.341865" lon="-47.946419">
        <ele>49.670553</ele>
        <time>2026-10-07T21:27:03.744Z</time>
      </trkpt>
      <trkpt lat="-24.341524" lon="-47.945743">
        <ele>52.725181</ele>
        <time>2026-10-07T21:27:31.723Z</time>
      </trkpt>
      <trkpt lat="-24.341300" lon="-47.945403">
        <ele>54.383865</ele>
        <time>2026-10-07T21:27:46.926Z</time>
      </trkpt>
      <trkpt lat="-24.341096" lon="-47.945212">
        <ele>55.547311</ele>
        <time>2026-10-07T21:27:57.552Z</time>
      </trkpt>
      <trkpt lat="-24.340809" lon="-47.945039">
        <ele>57.084901</ele>
        <time>2026-10-07T21:28:10.564Z</time>
      </trkpt>
      <trkpt lat="-24.340538" lon="-47.944911">
        <ele>58.509485</ele>
        <time>2026-10-07T21:28:22.331Z</time>
      </trkpt>
      <trkpt lat="-24.340344" lon="-47.944882">
        <ele>59.454888</ele>
        <time>2026-10-07T21:28:30.351Z</time>
      </trkpt>
      <trkpt lat="-24.339884" lon="-47.944893">
        <ele>61.676587</ele>
        <time>2026-10-07T21:28:49.955Z</time>
      </trkpt>
      <trkpt lat="-24.338714" lon="-47.944956">
        <ele>65.156494</ele>
        <time>2026-10-07T21:29:34.012Z</time>
      </trkpt>
      <trkpt lat="-24.338563" lon="-47.945048">
        <ele>65.322029</ele>
        <time>2026-10-07T21:29:38.641Z</time>
      </trkpt>
      <trkpt lat="-24.336973" lon="-47.946722">
        <ele>66.932039</ele>
        <time>2026-10-07T21:30:16.437Z</time>
      </trkpt>
      <trkpt lat="-24.336630" lon="-47.947096">
        <ele>67.182587</ele>
        <time>2026-10-07T21:30:31.031Z</time>
      </trkpt>
      <trkpt lat="-24.336287" lon="-47.947376">
        <ele>68.084405</ele>
        <time>2026-10-07T21:30:46.029Z</time>
      </trkpt>
      <trkpt lat="-24.335880" lon="-47.947533">
        <ele>69.472478</ele>
        <time>2026-10-07T21:31:02.499Z</time>
      </trkpt>
      <trkpt lat="-24.335722" lon="-47.947542">
        <ele>69.981535</ele>
        <time>2026-10-07T21:31:08.444Z</time>
      </trkpt>
      <trkpt lat="-24.334575" lon="-47.947470">
        <ele>73.613723</ele>
        <time>2026-10-07T21:31:44.765Z</time>
      </trkpt>
      <trkpt lat="-24.334031" lon="-47.947336">
        <ele>75.220569</ele>
        <time>2026-10-07T21:32:00.389Z</time>
      </trkpt>
      <trkpt lat="-24.332075" lon="-47.946588">
        <ele>83.252915</ele>
        <time>2026-10-07T21:33:09.311Z</time>
      </trkpt>
      <trkpt lat="-24.331837" lon="-47.946398">
        <ele>84.695031</ele>
        <time>2026-10-07T21:33:21.790Z</time>
      </trkpt>
      <trkpt lat="-24.331692" lon="-47.946162">
        <ele>85.965897</ele>
        <time>2026-10-07T21:33:33.714Z</time>
      </trkpt>
      <trkpt lat="-24.331634" lon="-47.945834">
        <ele>87.781450</ele>
        <time>2026-10-07T21:33:49.081Z</time>
      </trkpt>
      <trkpt lat="-24.331621" lon="-47.945012">
        <ele>94.425583</ele>
        <time>2026-10-07T21:34:31.648Z</time>
      </trkpt>
      <trkpt lat="-24.331576" lon="-47.944608">
        <ele>97.714883</ele>
        <time>2026-10-07T21:34:53.526Z</time>
      </trkpt>
      <trkpt lat="-24.331493" lon="-47.944275">
        <ele>100.504952</ele>
        <time>2026-10-07T21:35:11.716Z</time>
      </trkpt>
      <trkpt lat="-24.331362" lon="-47.944041">
        <ele>102.724486</ele>
        <time>2026-10-07T21:35:25.958Z</time>
      </trkpt>
      <trkpt lat="-24.331125" lon="-47.943778">
        <ele>105.472500</ele>
        <time>2026-10-07T21:35:45.051Z</time>
      </trkpt>
      <trkpt lat="-24.330890" lon="-47.943679">
        <ele>107.505740</ele>
        <time>2026-10-07T21:35:59.022Z</time>
      </trkpt>
      <trkpt lat="-24.330653" lon="-47.943663">
        <ele>109.423710</ele>
        <time>2026-10-07T21:36:12.022Z</time>
      </trkpt>
      <trkpt lat="-24.330453" lon="-47.943714">
        <ele>111.082231</ele>
        <time>2026-10-07T21:36:23.167Z</time>
      </trkpt>
      <trkpt lat="-24.329816" lon="-47.943993">
        <ele>116.622180</ele>
        <time>2026-10-07T21:36:59.087Z</time>
      </trkpt>
      <trkpt lat="-24.329399" lon="-47.944138">
        <ele>118.461747</ele>
        <time>2026-10-07T21:37:19.565Z</time>
      </trkpt>
      <trkpt lat="-24.329206" lon="-47.944138">
        <ele>119.011350</ele>
        <time>2026-10-07T21:37:27.796Z</time>
      </trkpt>
      <trkpt lat="-24.326457" lon="-47.943062">
        <ele>122.595930</ele>
        <time>2026-10-07T21:38:39.096Z</time>
      </trkpt>
      <trkpt lat="-24.325797" lon="-47.942703">
        <ele>117.729917</ele>
        <time>2026-10-07T21:38:49.062Z</time>
      </trkpt>
      <trkpt lat="-24.325489" lon="-47.942587">
        <ele>114.976984</ele>
        <time>2026-10-07T21:38:53.167Z</time>
      </trkpt>
      <trkpt lat="-24.325223" lon="-47.942560">
        <ele>112.718595</ele>
        <time>2026-10-07T21:38:56.445Z</time>
      </trkpt>
      <trkpt lat="-24.324985" lon="-47.942633">
        <ele>110.629409</ele>
        <time>2026-10-07T21:38:59.417Z</time>
      </trkpt>
      <trkpt lat="-24.324475" lon="-47.942971">
        <ele>104.528444</ele>
        <time>2026-10-07T21:39:06.461Z</time>
      </trkpt>
      <trkpt lat="-24.324145" lon="-47.943028">
        <ele>100.026200</ele>
        <time>2026-10-07T21:39:10.352Z</time>
      </trkpt>
      <trkpt lat="-24.323079" lon="-47.942847">
        <ele>85.488507</ele>
        <time>2026-10-07T21:39:22.989Z</time>
      </trkpt>
      <trkpt lat="-24.322849" lon="-47.942882">
        <ele>82.589275</ele>
        <time>2026-10-07T21:39:25.765Z</time>
      </trkpt>
      <trkpt lat="-24.322649" lon="-47.943054">
        <ele>80.170626</ele>
        <time>2026-10-07T21:39:28.836Z</time>
      </trkpt>
      <trkpt lat="-24.322324" lon="-47.943451">
        <ele>75.541633</ele>
        <time>2026-10-07T21:39:34.824Z</time>
      </trkpt>
      <trkpt lat="-24.322089" lon="-47.943558">
        <ele>73.119867</ele>
        <time>2026-10-07T21:39:38.041Z</time>
      </trkpt>
      <trkpt lat="-24.321625" lon="-47.943561">
        <ele>68.703158</ele>
        <time>2026-10-07T21:39:43.925Z</time>
      </trkpt>
      <trkpt lat="-24.321368" lon="-47.943531">
        <ele>66.243076</ele>
        <time>2026-10-07T21:39:47.127Z</time>
      </trkpt>
      <trkpt lat="-24.321138" lon="-47.943446">
        <ele>63.786209</ele>
        <time>2026-10-07T21:39:50.092Z</time>
      </trkpt>
      <trkpt lat="-24.320957" lon="-47.943252">
        <ele>61.208731</ele>
        <time>2026-10-07T21:39:53.143Z</time>
      </trkpt>
      <trkpt lat="-24.320796" lon="-47.942955">
        <ele>58.000641</ele>
        <time>2026-10-07T21:39:56.939Z</time>
      </trkpt>
      <trkpt lat="-24.320605" lon="-47.942488">
        <ele>53.248728</ele>
        <time>2026-10-07T21:40:02.545Z</time>
      </trkpt>
      <trkpt lat="-24.320403" lon="-47.942273">
        <ele>50.381965</ele>
        <time>2026-10-07T21:40:05.949Z</time>
      </trkpt>
      <trkpt lat="-24.320131" lon="-47.942139">
        <ele>47.477276</ele>
        <time>2026-10-07T21:40:09.573Z</time>
      </trkpt>
      <trkpt lat="-24.319875" lon="-47.942155">
        <ele>45.843466</ele>
        <time>2026-10-07T21:40:12.751Z</time>
      </trkpt>
      <trkpt lat="-24.319461" lon="-47.942304">
        <ele>43.067316</ele>
        <time>2026-10-07T21:40:18.316Z</time>
      </trkpt>
      <trkpt lat="-24.319233" lon="-47.942422">
        <ele>41.461099</ele>
        <time>2026-10-07T21:40:21.727Z</time>
      </trkpt>
      <trkpt lat="-24.319130" lon="-47.942577">
        <ele>40.347237</ele>
        <time>2026-10-07T21:40:24.163Z</time>
      </trkpt>
      <trkpt lat="-24.319074" lon="-47.942796">
        <ele>39.026530</ele>
        <time>2026-10-07T21:40:27.086Z</time>
      </trkpt>
      <trkpt lat="-24.319093" lon="-47.943004">
        <ele>37.812755</ele>
        <time>2026-10-07T21:40:29.753Z</time>
      </trkpt>
      <trkpt lat="-24.319391" lon="-47.943574">
        <ele>34.403301</ele>
        <time>2026-10-07T21:40:37.723Z</time>
      </trkpt>
      <trkpt lat="-24.319510" lon="-47.943901">
        <ele>32.729335</ele>
        <time>2026-10-07T21:40:41.860Z</time>
      </trkpt>
      <trkpt lat="-24.319595" lon="-47.944278">
        <ele>30.883003</ele>
        <time>2026-10-07T21:40:46.442Z</time>
      </trkpt>
      <trkpt lat="-24.319572" lon="-47.944537">
        <ele>29.645864</ele>
        <time>2026-10-07T21:40:49.536Z</time>
      </trkpt>
      <trkpt lat="-24.319532" lon="-47.944631">
        <ele>29.152658</ele>
        <time>2026-10-07T21:40:50.779Z</time>
      </trkpt>
      <trkpt lat="-24.319452" lon="-47.944725">
        <ele>28.541188</ele>
        <time>2026-10-07T21:40:52.315Z</time>
      </trkpt>
      <trkpt lat="-24.319234" lon="-47.944859">
        <ele>27.237613</ele>
        <time>2026-10-07T21:40:55.659Z</time>
      </trkpt>
      <trkpt lat="-24.317624" lon="-47.945192">
        <ele>25.165681</ele>
        <time>2026-10-07T21:41:24.488Z</time>
      </trkpt>
      <trkpt lat="-24.316727" lon="-47.945377">
        <ele>26.533935</ele>
        <time>2026-10-07T21:41:44.953Z</time>
      </trkpt>
      <trkpt lat="-24.316411" lon="-47.945500">
        <ele>27.334088</ele>
        <time>2026-10-07T21:41:53.720Z</time>
      </trkpt>
      <trkpt lat="-24.315062" lon="-47.946343">
        <ele>32.315598</ele>
        <time>2026-10-07T21:42:53.791Z</time>
      </trkpt>
      <trkpt lat="-24.314708" lon="-47.946415">
        <ele>33.773265</ele>
        <time>2026-10-07T21:43:09.709Z</time>
      </trkpt>
      <trkpt lat="-24.314034" lon="-47.946466">
        <ele>36.480889</ele>
        <time>2026-10-07T21:43:33.657Z</time>
      </trkpt>
      <trkpt lat="-24.313607" lon="-47.946469">
        <ele>35.874368</ele>
        <time>2026-10-07T21:43:43.746Z</time>
      </trkpt>
      <trkpt lat="-24.312243" lon="-47.946480">
        <ele>33.936896</ele>
        <time>2026-10-07T21:44:03.785Z</time>
      </trkpt>
      <trkpt lat="-24.310970" lon="-47.946519">
        <ele>32.462442</ele>
        <time>2026-10-07T21:44:24.593Z</time>
      </trkpt>
      <trkpt lat="-24.310457" lon="-47.946595">
        <ele>31.863372</ele>
        <time>2026-10-07T21:44:35.785Z</time>
      </trkpt>
      <trkpt lat="-24.308274" lon="-47.947145">
        <ele>30.909025</ele>
        <time>2026-10-07T21:45:23.452Z</time>
      </trkpt>
      <trkpt lat="-24.307792" lon="-47.947238">
        <ele>29.535810</ele>
        <time>2026-10-07T21:45:30.877Z</time>
      </trkpt>
      <trkpt lat="-24.307328" lon="-47.947230">
        <ele>28.233691</ele>
        <time>2026-10-07T21:45:37.312Z</time>
      </trkpt>
      <trkpt lat="-24.306180" lon="-47.947136">
        <ele>24.725433</ele>
        <time>2026-10-07T21:45:52.843Z</time>
      </trkpt>
      <trkpt lat="-24.306067" lon="-47.947129">
        <ele>24.365161</ele>
        <time>2026-10-07T21:45:54.447Z</time>
      </trkpt>
      <trkpt lat="-24.305312" lon="-47.947035">
        <ele>21.946436</ele>
        <time>2026-10-07T21:46:06.108Z</time>
      </trkpt>
      <trkpt lat="-24.304936" lon="-47.946891">
        <ele>21.365850</ele>
        <time>2026-10-07T21:46:13.381Z</time>
      </trkpt>
      <trkpt lat="-24.304005" lon="-47.946348">
        <ele>21.463258</ele>
        <time>2026-10-07T21:46:34.888Z</time>
      </trkpt>
      <trkpt lat="-24.303720" lon="-47.946254">
        <ele>21.490752</ele>
        <time>2026-10-07T21:46:41.798Z</time>
      </trkpt>
      <trkpt lat="-24.303480" lon="-47.946262">
        <ele>21.515117</ele>
        <time>2026-10-07T21:46:47.721Z</time>
      </trkpt>
      <trkpt lat="-24.303273" lon="-47.946348">
        <ele>21.687277</ele>
        <time>2026-10-07T21:46:53.313Z</time>
      </trkpt>
      <trkpt lat="-24.303144" lon="-47.946502">
        <ele>21.835550</ele>
        <time>2026-10-07T21:46:58.064Z</time>
      </trkpt>
      <trkpt lat="-24.302996" lon="-47.946912">
        <ele>22.148155</ele>
        <time>2026-10-07T21:47:07.677Z</time>
      </trkpt>
      <trkpt lat="-24.302878" lon="-47.947096">
        <ele>22.307643</ele>
        <time>2026-10-07T21:47:12.493Z</time>
      </trkpt>
      <trkpt lat="-24.302684" lon="-47.947174">
        <ele>22.468348</ele>
        <time>2026-10-07T21:47:17.307Z</time>
      </trkpt>
      <trkpt lat="-24.302384" lon="-47.947151">
        <ele>22.702257</ele>
        <time>2026-10-07T21:47:24.169Z</time>
      </trkpt>
      <trkpt lat="-24.302090" lon="-47.947018">
        <ele>22.955969</ele>
        <time>2026-10-07T21:47:31.072Z</time>
      </trkpt>
      <trkpt lat="-24.301932" lon="-47.946888">
        <ele>23.135323</ele>
        <time>2026-10-07T21:47:35.169Z</time>
      </trkpt>
      <trkpt lat="-24.301783" lon="-47.946712">
        <ele>23.334149</ele>
        <time>2026-10-07T21:47:39.751Z</time>
      </trkpt>
      <trkpt lat="-24.301271" lon="-47.945892">
        <ele>24.156866</ele>
        <time>2026-10-07T21:48:02.743Z</time>
      </trkpt>
      <trkpt lat="-24.300679" lon="-47.945240">
        <ele>24.744711</ele>
        <time>2026-10-07T21:48:23.436Z</time>
      </trkpt>
      <trkpt lat="-24.300508" lon="-47.945004">
        <ele>24.878064</ele>
        <time>2026-10-07T21:48:28.457Z</time>
      </trkpt>
      <trkpt lat="-24.300453" lon="-47.944828">
        <ele>24.960359</ele>
        <time>2026-10-07T21:48:31.558Z</time>
      </trkpt>
      <trkpt lat="-24.300442" lon="-47.944655">
        <ele>25.037065</ele>
        <time>2026-10-07T21:48:34.539Z</time>
      </trkpt>
      <trkpt lat="-24.300469" lon="-47.944285">
        <ele>25.201243</ele>
        <time>2026-10-07T21:48:41.467Z</time>
      </trkpt>
      <trkpt lat="-24.300447" lon="-47.943979">
        <ele>25.337010</ele>
        <time>2026-10-07T21:48:47.698Z</time>
      </trkpt>
      <trkpt lat="-24.300380" lon="-47.943831">
        <ele>25.410103</ele>
        <time>2026-10-07T21:48:51.311Z</time>
      </trkpt>
      <trkpt lat="-24.300290" lon="-47.943719">
        <ele>25.599837</ele>
        <time>2026-10-07T21:48:54.673Z</time>
      </trkpt>
      <trkpt lat="-24.300053" lon="-47.943572">
        <ele>26.013014</ele>
        <time>2026-10-07T21:49:02.004Z</time>
      </trkpt>
      <trkpt lat="-24.299775" lon="-47.943542">
        <ele>26.436957</ele>
        <time>2026-10-07T21:49:10.490Z</time>
      </trkpt>
      <trkpt lat="-24.299503" lon="-47.943623">
        <ele>26.864693</ele>
        <time>2026-10-07T21:49:19.799Z</time>
      </trkpt>
      <trkpt lat="-24.298875" lon="-47.944111">
        <ele>28.032598</ele>
        <time>2026-10-07T21:49:42.203Z</time>
      </trkpt>
      <trkpt lat="-24.298697" lon="-47.944211">
        <ele>27.857213</ele>
        <time>2026-10-07T21:49:45.950Z</time>
      </trkpt>
      <trkpt lat="-24.298542" lon="-47.944250">
        <ele>27.485032</ele>
        <time>2026-10-07T21:49:48.588Z</time>
      </trkpt>
      <trkpt lat="-24.297961" lon="-47.944249">
        <ele>26.125250</ele>
        <time>2026-10-07T21:49:57.179Z</time>
      </trkpt>
      <trkpt lat="-24.296799" lon="-47.944154">
        <ele>23.874383</ele>
        <time>2026-10-07T21:50:13.813Z</time>
      </trkpt>
      <trkpt lat="-24.296543" lon="-47.944092">
        <ele>23.801933</ele>
        <time>2026-10-07T21:50:18.116Z</time>
      </trkpt>
      <trkpt lat="-24.296147" lon="-47.943939">
        <ele>23.685910</ele>
        <time>2026-10-07T21:50:26.071Z</time>
      </trkpt>
      <trkpt lat="-24.295330" lon="-47.943561">
        <ele>23.442449</ele>
        <time>2026-10-07T21:50:48.119Z</time>
      </trkpt>
      <trkpt lat="-24.295122" lon="-47.943507">
        <ele>23.830499</ele>
        <time>2026-10-07T21:50:54.006Z</time>
      </trkpt>
      <trkpt lat="-24.294783" lon="-47.943553">
        <ele>24.450638</ele>
        <time>2026-10-07T21:51:03.646Z</time>
      </trkpt>
      <trkpt lat="-24.294628" lon="-47.943636">
        <ele>24.763766</ele>
        <time>2026-10-07T21:51:08.556Z</time>
      </trkpt>
      <trkpt lat="-24.294519" lon="-47.943757">
        <ele>25.045276</ele>
        <time>2026-10-07T21:51:13.012Z</time>
      </trkpt>
      <trkpt lat="-24.294017" lon="-47.944596">
        <ele>26.706000</ele>
        <time>2026-10-07T21:51:38.935Z</time>
      </trkpt>
      <trkpt lat="-24.293871" lon="-47.944745">
        <ele>26.730243</ele>
        <time>2026-10-07T21:51:44.476Z</time>
      </trkpt>
      <trkpt lat="-24.293658" lon="-47.944870">
        <ele>26.759045</ele>
        <time>2026-10-07T21:51:50.977Z</time>
      </trkpt>
      <trkpt lat="-24.290460" lon="-47.946393">
        <ele>25.203431</ele>
        <time>2026-10-07T21:52:55.078Z</time>
      </trkpt>
      <trkpt lat="-24.290221" lon="-47.946434">
        <ele>24.831471</ele>
        <time>2026-10-07T21:52:58.743Z</time>
      </trkpt>
      <trkpt lat="-24.289964" lon="-47.946409">
        <ele>24.434748</ele>
        <time>2026-10-07T21:53:02.615Z</time>
      </trkpt>
      <trkpt lat="-24.289712" lon="-47.946302">
        <ele>24.019258</ele>
        <time>2026-10-07T21:53:06.660Z</time>
      </trkpt>
      <trkpt lat="-24.289426" lon="-47.946085">
        <ele>23.484573</ele>
        <time>2026-10-07T21:53:11.926Z</time>
      </trkpt>
      <trkpt lat="-24.288910" lon="-47.945621">
        <ele>23.702419</ele>
        <time>2026-10-07T21:53:23.979Z</time>
      </trkpt>
      <trkpt lat="-24.288722" lon="-47.945565">
        <ele>24.169441</ele>
        <time>2026-10-07T21:53:28.943Z</time>
      </trkpt>
      <trkpt lat="-24.288520" lon="-47.945581">
        <ele>24.654971</ele>
        <time>2026-10-07T21:53:34.704Z</time>
      </trkpt>
      <trkpt lat="-24.287162" lon="-47.946404">
        <ele>27.957791</ele>
        <time>2026-10-07T21:54:30.979Z</time>
      </trkpt>
      <trkpt lat="-24.286600" lon="-47.946847">
        <ele>28.998532</ele>
        <time>2026-10-07T21:54:51.904Z</time>
      </trkpt>
      <trkpt lat="-24.285473" lon="-47.948241">
        <ele>27.513555</ele>
        <time>2026-10-07T21:55:20.177Z</time>
      </trkpt>
      <trkpt lat="-24.285243" lon="-47.948451">
        <ele>26.821128</ele>
        <time>2026-10-07T21:55:24.356Z</time>
      </trkpt>
      <trkpt lat="-24.284964" lon="-47.948638">
        <ele>26.064568</ele>
        <time>2026-10-07T21:55:28.927Z</time>
      </trkpt>
      <trkpt lat="-24.284688" lon="-47.948730">
        <ele>25.779320</ele>
        <time>2026-10-07T21:55:33.025Z</time>
      </trkpt>
      <trkpt lat="-24.284136" lon="-47.948829">
        <ele>25.713984</ele>
        <time>2026-10-07T21:55:41.279Z</time>
      </trkpt>
      <trkpt lat="-24.279764" lon="-47.949440">
        <ele>25.397378</ele>
        <time>2026-10-07T21:57:23.395Z</time>
      </trkpt>
      <trkpt lat="-24.279204" lon="-47.949456">
        <ele>24.636781</ele>
        <time>2026-10-07T21:57:31.899Z</time>
      </trkpt>
      <trkpt lat="-24.278566" lon="-47.949355">
        <ele>23.022429</ele>
        <time>2026-10-07T21:57:41.147Z</time>
      </trkpt>
      <trkpt lat="-24.277708" lon="-47.948831">
        <ele>20.861280</ele>
        <time>2026-10-07T21:57:55.798Z</time>
      </trkpt>
      <trkpt lat="-24.276869" lon="-47.948235">
        <ele>20.601277</ele>
        <time>2026-10-07T21:58:14.934Z</time>
      </trkpt>
      <trkpt lat="-24.276350" lon="-47.947894">
        <ele>20.443911</ele>
        <time>2026-10-07T21:58:29.215Z</time>
      </trkpt>
      <trkpt lat="-24.275992" lon="-47.947786">
        <ele>20.412372</ele>
        <time>2026-10-07T21:58:38.196Z</time>
      </trkpt>
      <trkpt lat="-24.275529" lon="-47.947699">
        <ele>20.388736</ele>
        <time>2026-10-07T21:58:49.473Z</time>
      </trkpt>
      <trkpt lat="-24.275255" lon="-47.947679">
        <ele>20.374919</ele>
        <time>2026-10-07T21:58:55.557Z</time>
      </trkpt>
      <trkpt lat="-24.274433" lon="-47.947681">
        <ele>20.219045</ele>
        <time>2026-10-07T21:59:09.930Z</time>
      </trkpt>
      <trkpt lat="-24.274029" lon="-47.947666">
        <ele>19.603116</ele>
        <time>2026-10-07T21:59:16.203Z</time>
      </trkpt>
      <trkpt lat="-24.273554" lon="-47.947648">
        <ele>18.878925</ele>
        <time>2026-10-07T21:59:23.555Z</time>
      </trkpt>
      <trkpt lat="-24.273298" lon="-47.947620">
        <ele>18.486923</ele>
        <time>2026-10-07T21:59:27.543Z</time>
      </trkpt>
      <trkpt lat="-24.273067" lon="-47.947545">
        <ele>18.119855</ele>
        <time>2026-10-07T21:59:31.322Z</time>
      </trkpt>
      <trkpt lat="-24.270836" lon="-47.946497">
        <ele>17.083885</ele>
        <time>2026-10-07T22:00:18.353Z</time>
      </trkpt>
      <trkpt lat="-24.270545" lon="-47.946341">
        <ele>17.087914</ele>
        <time>2026-10-07T22:00:25.036Z</time>
      </trkpt>
      <trkpt lat="-24.270274" lon="-47.946133">
        <ele>17.092028</ele>
        <time>2026-10-07T22:00:31.828Z</time>
      </trkpt>
      <trkpt lat="-24.268948" lon="-47.944989">
        <ele>17.462555</ele>
        <time>2026-10-07T22:01:06.479Z</time>
      </trkpt>
      <trkpt lat="-24.267202" lon="-47.943399">
        <ele>19.202102</ele>
        <time>2026-10-07T22:01:58.812Z</time>
      </trkpt>
      <trkpt lat="-24.266941" lon="-47.943184">
        <ele>19.533302</ele>
        <time>2026-10-07T22:02:07.653Z</time>
      </trkpt>
      <trkpt lat="-24.266114" lon="-47.942436">
        <ele>20.888195</ele>
        <time>2026-10-07T22:02:37.110Z</time>
      </trkpt>
      <trkpt lat="-24.265863" lon="-47.942248">
        <ele>21.287020</ele>
        <time>2026-10-07T22:02:44.801Z</time>
      </trkpt>
      <trkpt lat="-24.265615" lon="-47.942176">
        <ele>21.623653</ele>
        <time>2026-10-07T22:02:50.908Z</time>
      </trkpt>
      <trkpt lat="-24.264774" lon="-47.942170">
        <ele>22.505536</ele>
        <time>2026-10-07T22:03:09.915Z</time>
      </trkpt>
      <trkpt lat="-24.264570" lon="-47.942233">
        <ele>22.689877</ele>
        <time>2026-10-07T22:03:14.715Z</time>
      </trkpt>
      <trkpt lat="-24.264344" lon="-47.942382">
        <ele>22.919231</ele>
        <time>2026-10-07T22:03:20.843Z</time>
      </trkpt>
      <trkpt lat="-24.263551" lon="-47.943103">
        <ele>23.795532</ele>
        <time>2026-10-07T22:03:46.335Z</time>
      </trkpt>
      <trkpt lat="-24.263388" lon="-47.943208">
        <ele>23.942141</ele>
        <time>2026-10-07T22:03:51.077Z</time>
      </trkpt>
      <trkpt lat="-24.262765" lon="-47.943427">
        <ele>24.449539</ele>
        <time>2026-10-07T22:04:06.617Z</time>
      </trkpt>
      <trkpt lat="-24.261913" lon="-47.943882">
        <ele>25.148909</ele>
        <time>2026-10-07T22:04:27.387Z</time>
      </trkpt>
      <trkpt lat="-24.261681" lon="-47.943876">
        <ele>25.287672</ele>
        <time>2026-10-07T22:04:32.512Z</time>
      </trkpt>
      <trkpt lat="-24.261400" lon="-47.943766">
        <ele>25.466076</ele>
        <time>2026-10-07T22:04:39.264Z</time>
      </trkpt>
      <trkpt lat="-24.260867" lon="-47.943436">
        <ele>25.832051</ele>
        <time>2026-10-07T22:04:53.525Z</time>
      </trkpt>
      <trkpt lat="-24.260339" lon="-47.943018">
        <ele>26.051958</ele>
        <time>2026-10-07T22:05:08.533Z</time>
      </trkpt>
      <trkpt lat="-24.259852" lon="-47.942522">
        <ele>25.872791</ele>
        <time>2026-10-07T22:05:22.261Z</time>
      </trkpt>
      <trkpt lat="-24.258955" lon="-47.941406">
        <ele>25.271176</ele>
        <time>2026-10-07T22:05:46.345Z</time>
      </trkpt>
      <trkpt lat="-24.258847" lon="-47.941240">
        <ele>25.116020</ele>
        <time>2026-10-07T22:05:49.543Z</time>
      </trkpt>
      <trkpt lat="-24.258778" lon="-47.941073">
        <ele>24.976526</ele>
        <time>2026-10-07T22:05:52.409Z</time>
      </trkpt>
      <trkpt lat="-24.258715" lon="-47.940743">
        <ele>24.720011</ele>
        <time>2026-10-07T22:05:57.730Z</time>
      </trkpt>
      <trkpt lat="-24.258659" lon="-47.940185">
        <ele>24.292912</ele>
        <time>2026-10-07T22:06:06.753Z</time>
      </trkpt>
      <trkpt lat="-24.258593" lon="-47.939858">
        <ele>24.149181</ele>
        <time>2026-10-07T22:06:12.354Z</time>
      </trkpt>
      <trkpt lat="-24.258434" lon="-47.939574">
        <ele>24.244926</ele>
        <time>2026-10-07T22:06:18.086Z</time>
      </trkpt>
      <trkpt lat="-24.258297" lon="-47.939383">
        <ele>24.314743</ele>
        <time>2026-10-07T22:06:22.373Z</time>
      </trkpt>
      <trkpt lat="-24.257035" lon="-47.938305">
        <ele>25.567792</ele>
        <time>2026-10-07T22:06:59.253Z</time>
      </trkpt>
      <trkpt lat="-24.256913" lon="-47.938152">
        <ele>25.954368</ele>
        <time>2026-10-07T22:07:04.284Z</time>
      </trkpt>
      <trkpt lat="-24.256839" lon="-47.938003">
        <ele>26.277064</ele>
        <time>2026-10-07T22:07:08.569Z</time>
      </trkpt>
      <trkpt lat="-24.256783" lon="-47.937799">
        <ele>26.682250</ele>
        <time>2026-10-07T22:07:14.109Z</time>
      </trkpt>
      <trkpt lat="-24.256597" lon="-47.936342">
        <ele>29.913994</ele>
        <time>2026-10-07T22:07:56.987Z</time>
      </trkpt>
      <trkpt lat="-24.256512" lon="-47.936116">
        <ele>30.572330</ele>
        <time>2026-10-07T22:08:04.769Z</time>
      </trkpt>
      <trkpt lat="-24.256383" lon="-47.935921">
        <ele>31.221107</ele>
        <time>2026-10-07T22:08:12.434Z</time>
      </trkpt>
      <trkpt lat="-24.256243" lon="-47.935787">
        <ele>31.769920</ele>
        <time>2026-10-07T22:08:18.774Z</time>
      </trkpt>
      <trkpt lat="-24.255768" lon="-47.935497">
        <ele>33.375589</ele>
        <time>2026-10-07T22:08:36.219Z</time>
      </trkpt>
      <trkpt lat="-24.255592" lon="-47.935435">
        <ele>33.831868</ele>
        <time>2026-10-07T22:08:41.581Z</time>
      </trkpt>
      <trkpt lat="-24.255066" lon="-47.935416">
        <ele>34.573345</ele>
        <time>2026-10-07T22:08:55.340Z</time>
      </trkpt>
      <trkpt lat="-24.254856" lon="-47.935376">
        <ele>34.873640</ele>
        <time>2026-10-07T22:09:00.676Z</time>
      </trkpt>
      <trkpt lat="-24.254621" lon="-47.935226">
        <ele>35.256713</ele>
        <time>2026-10-07T22:09:07.329Z</time>
      </trkpt>
      <trkpt lat="-24.254486" lon="-47.935068">
        <ele>35.534861</ele>
        <time>2026-10-07T22:09:12.148Z</time>
      </trkpt>
      <trkpt lat="-24.254395" lon="-47.934862">
        <ele>35.828897</ele>
        <time>2026-10-07T22:09:17.444Z</time>
      </trkpt>
      <trkpt lat="-24.254179" lon="-47.934121">
        <ele>35.958721</ele>
        <time>2026-10-07T22:09:35.193Z</time>
      </trkpt>
      <trkpt lat="-24.253985" lon="-47.933748">
        <ele>35.628796</ele>
        <time>2026-10-07T22:09:43.524Z</time>
      </trkpt>
      <trkpt lat="-24.253833" lon="-47.933601">
        <ele>35.458029</ele>
        <time>2026-10-07T22:09:47.262Z</time>
      </trkpt>
      <trkpt lat="-24.253659" lon="-47.933504">
        <ele>35.293551</ele>
        <time>2026-10-07T22:09:50.525Z</time>
      </trkpt>
      <trkpt lat="-24.252521" lon="-47.933158">
        <ele>34.370077</ele>
        <time>2026-10-07T22:10:08.107Z</time>
      </trkpt>
      <trkpt lat="-24.252313" lon="-47.933032">
        <ele>34.200368</ele>
        <time>2026-10-07T22:10:11.921Z</time>
      </trkpt>
      <trkpt lat="-24.252168" lon="-47.932855">
        <ele>34.045418</ele>
        <time>2026-10-07T22:10:15.826Z</time>
      </trkpt>
      <trkpt lat="-24.252049" lon="-47.932587">
        <ele>33.851305</ele>
        <time>2026-10-07T22:10:21.733Z</time>
      </trkpt>
      <trkpt lat="-24.251787" lon="-47.931629">
        <ele>33.471442</ele>
        <time>2026-10-07T22:10:45.528Z</time>
      </trkpt>
      <trkpt lat="-24.251648" lon="-47.931374">
        <ele>33.462990</ele>
        <time>2026-10-07T22:10:52.346Z</time>
      </trkpt>
      <trkpt lat="-24.250696" lon="-47.930358">
        <ele>33.312721</ele>
        <time>2026-10-07T22:11:15.813Z</time>
      </trkpt>
      <trkpt lat="-24.249875" lon="-47.929414">
        <ele>32.621718</ele>
        <time>2026-10-07T22:11:36.266Z</time>
      </trkpt>
      <trkpt lat="-24.249549" lon="-47.929086">
        <ele>32.384109</ele>
        <time>2026-10-07T22:11:45.998Z</time>
      </trkpt>
      <trkpt lat="-24.249354" lon="-47.928944">
        <ele>32.393714</ele>
        <time>2026-10-07T22:11:51.516Z</time>
      </trkpt>
      <trkpt lat="-24.248867" lon="-47.928746">
        <ele>32.415027</ele>
        <time>2026-10-07T22:12:03.876Z</time>
      </trkpt>
      <trkpt lat="-24.248679" lon="-47.928638">
        <ele>32.423736</ele>
        <time>2026-10-07T22:12:08.901Z</time>
      </trkpt>
      <trkpt lat="-24.248551" lon="-47.928528">
        <ele>32.430408</ele>
        <time>2026-10-07T22:12:12.665Z</time>
      </trkpt>
      <trkpt lat="-24.247691" lon="-47.927552">
        <ele>31.620344</ele>
        <time>2026-10-07T22:12:34.083Z</time>
      </trkpt>
      <trkpt lat="-24.247285" lon="-47.927048">
        <ele>30.763326</ele>
        <time>2026-10-07T22:12:43.544Z</time>
      </trkpt>
      <trkpt lat="-24.247004" lon="-47.926868">
        <ele>30.308515</ele>
        <time>2026-10-07T22:12:48.630Z</time>
      </trkpt>
      <trkpt lat="-24.240554" lon="-47.924334">
        <ele>28.717632</ele>
        <time>2026-10-07T22:15:00.383Z</time>
      </trkpt>
      <trkpt lat="-24.240131" lon="-47.924250">
        <ele>28.892853</ele>
        <time>2026-10-07T22:15:10.912Z</time>
      </trkpt>
      <trkpt lat="-24.238945" lon="-47.924106">
        <ele>30.909862</ele>
        <time>2026-10-07T22:15:45.533Z</time>
      </trkpt>
      <trkpt lat="-24.238627" lon="-47.924124">
        <ele>31.518312</ele>
        <time>2026-10-07T22:15:55.607Z</time>
      </trkpt>
      <trkpt lat="-24.238374" lon="-47.924204">
        <ele>32.021444</ele>
        <time>2026-10-07T22:16:03.456Z</time>
      </trkpt>
      <trkpt lat="-24.238133" lon="-47.924358">
        <ele>32.355723</ele>
        <time>2026-10-07T22:16:10.703Z</time>
      </trkpt>
      <trkpt lat="-24.237641" lon="-47.924771">
        <ele>32.005626</ele>
        <time>2026-10-07T22:16:22.883Z</time>
      </trkpt>
      <trkpt lat="-24.237568" lon="-47.924832">
        <ele>31.953768</ele>
        <time>2026-10-07T22:16:24.422Z</time>
      </trkpt>
      <trkpt lat="-24.236807" lon="-47.925469">
        <ele>31.412821</ele>
        <time>2026-10-07T22:16:39.730Z</time>
      </trkpt>
      <trkpt lat="-24.234165" lon="-47.927756">
        <ele>31.590686</ele>
        <time>2026-10-07T22:17:48.062Z</time>
      </trkpt>
      <trkpt lat="-24.233937" lon="-47.928000">
        <ele>31.750255</ele>
        <time>2026-10-07T22:17:56.415Z</time>
      </trkpt>
      <trkpt lat="-24.233852" lon="-47.928156">
        <ele>32.016908</ele>
        <time>2026-10-07T22:18:00.815Z</time>
      </trkpt>
      <trkpt lat="-24.233823" lon="-47.928360">
        <ele>32.319859</ele>
        <time>2026-10-07T22:18:05.890Z</time>
      </trkpt>
      <trkpt lat="-24.233815" lon="-47.928939">
        <ele>33.169539</ele>
        <time>2026-10-07T22:18:20.204Z</time>
      </trkpt>
      <trkpt lat="-24.233778" lon="-47.929279">
        <ele>33.671970</ele>
        <time>2026-10-07T22:18:28.613Z</time>
      </trkpt>
      <trkpt lat="-24.233711" lon="-47.929586">
        <ele>34.135162</ele>
        <time>2026-10-07T22:18:36.195Z</time>
      </trkpt>
      <trkpt lat="-24.233487" lon="-47.930175">
        <ele>35.648334</ele>
        <time>2026-10-07T22:18:51.927Z</time>
      </trkpt>
      <trkpt lat="-24.233225" lon="-47.930696">
        <ele>37.554437</ele>
        <time>2026-10-07T22:19:08.339Z</time>
      </trkpt>
      <trkpt lat="-24.233023" lon="-47.930987">
        <ele>38.726093</ele>
        <time>2026-10-07T22:19:19.711Z</time>
      </trkpt>
      <trkpt lat="-24.232798" lon="-47.931193">
        <ele>39.755857</ele>
        <time>2026-10-07T22:19:30.551Z</time>
      </trkpt>
      <trkpt lat="-24.232379" lon="-47.931436">
        <ele>42.006739</ele>
        <time>2026-10-07T22:19:50.248Z</time>
      </trkpt>
      <trkpt lat="-24.231885" lon="-47.931570">
        <ele>45.816635</ele>
        <time>2026-10-07T22:20:15.016Z</time>
      </trkpt>
      <trkpt lat="-24.231677" lon="-47.931554">
        <ele>47.377697</ele>
        <time>2026-10-07T22:20:26.116Z</time>
      </trkpt>
      <trkpt lat="-24.231420" lon="-47.931479">
        <ele>49.368745</ele>
        <time>2026-10-07T22:20:40.782Z</time>
      </trkpt>
      <trkpt lat="-24.231292" lon="-47.931377">
        <ele>50.553337</ele>
        <time>2026-10-07T22:20:49.779Z</time>
      </trkpt>
      <trkpt lat="-24.231198" lon="-47.931251">
        <ele>51.664748</ele>
        <time>2026-10-07T22:20:58.208Z</time>
      </trkpt>
      <trkpt lat="-24.231036" lon="-47.930849">
        <ele>54.487626</ele>
        <time>2026-10-07T22:21:20.158Z</time>
      </trkpt>
      <trkpt lat="-24.230887" lon="-47.930245">
        <ele>56.196293</ele>
        <time>2026-10-07T22:21:48.691Z</time>
      </trkpt>
      <trkpt lat="-24.230430" lon="-47.928794">
        <ele>58.577976</ele>
        <time>2026-10-07T22:22:22.844Z</time>
      </trkpt>
      <trkpt lat="-24.230283" lon="-47.928593">
        <ele>57.269095</ele>
        <time>2026-10-07T22:22:26.025Z</time>
      </trkpt>
      <trkpt lat="-24.230111" lon="-47.928456">
        <ele>56.084854</ele>
        <time>2026-10-07T22:22:28.832Z</time>
      </trkpt>
      <trkpt lat="-24.229950" lon="-47.928381">
        <ele>55.110401</ele>
        <time>2026-10-07T22:22:31.089Z</time>
      </trkpt>
      <trkpt lat="-24.229773" lon="-47.928346">
        <ele>54.108483</ele>
        <time>2026-10-07T22:22:33.377Z</time>
      </trkpt>
      <trkpt lat="-24.227935" lon="-47.928200">
        <ele>42.420491</ele>
        <time>2026-10-07T22:22:56.554Z</time>
      </trkpt>
      <trkpt lat="-24.227738" lon="-47.928227">
        <ele>41.047610</ele>
        <time>2026-10-07T22:22:59.112Z</time>
      </trkpt>
      <trkpt lat="-24.226601" lon="-47.928575">
        <ele>35.671035</ele>
        <time>2026-10-07T22:23:15.038Z</time>
      </trkpt>
      <trkpt lat="-24.226466" lon="-47.928602">
        <ele>35.321242</ele>
        <time>2026-10-07T22:23:17.035Z</time>
      </trkpt>
      <trkpt lat="-24.226329" lon="-47.928589">
        <ele>34.970722</ele>
        <time>2026-10-07T22:23:19.084Z</time>
      </trkpt>
      <trkpt lat="-24.226181" lon="-47.928512">
        <ele>34.553161</ele>
        <time>2026-10-07T22:23:21.580Z</time>
      </trkpt>
      <trkpt lat="-24.225627" lon="-47.927823">
        <ele>32.886155</ele>
        <time>2026-10-07T22:23:37.000Z</time>
      </trkpt>
      <trkpt lat="-24.225447" lon="-47.927653">
        <ele>33.241329</ele>
        <time>2026-10-07T22:23:42.950Z</time>
      </trkpt>
      <trkpt lat="-24.225272" lon="-47.927575">
        <ele>33.523759</ele>
        <time>2026-10-07T22:23:47.993Z</time>
      </trkpt>
      <trkpt lat="-24.223443" lon="-47.927281">
        <ele>35.180430</ele>
        <time>2026-10-07T22:24:40.537Z</time>
      </trkpt>
      <trkpt lat="-24.223154" lon="-47.927211">
        <ele>35.069588</ele>
        <time>2026-10-07T22:24:45.731Z</time>
      </trkpt>
      <trkpt lat="-24.222966" lon="-47.927120">
        <ele>34.992625</ele>
        <time>2026-10-07T22:24:49.029Z</time>
      </trkpt>
      <trkpt lat="-24.222795" lon="-47.926978">
        <ele>34.912293</ele>
        <time>2026-10-07T22:24:52.350Z</time>
      </trkpt>
      <trkpt lat="-24.222252" lon="-47.926391">
        <ele>35.288402</ele>
        <time>2026-10-07T22:25:04.301Z</time>
      </trkpt>
      <trkpt lat="-24.222034" lon="-47.926257">
        <ele>35.802795</ele>
        <time>2026-10-07T22:25:08.780Z</time>
      </trkpt>
      <trkpt lat="-24.221819" lon="-47.926216">
        <ele>36.251965</ele>
        <time>2026-10-07T22:25:13.476Z</time>
      </trkpt>
      <trkpt lat="-24.221700" lon="-47.926227">
        <ele>36.497768</ele>
        <time>2026-10-07T22:25:16.452Z</time>
      </trkpt>
      <trkpt lat="-24.221559" lon="-47.926286">
        <ele>36.808397</ele>
        <time>2026-10-07T22:25:20.675Z</time>
      </trkpt>
      <trkpt lat="-24.221378" lon="-47.926426">
        <ele>37.264303</ele>
        <time>2026-10-07T22:25:27.919Z</time>
      </trkpt>
      <trkpt lat="-24.221236" lon="-47.926573">
        <ele>37.666251</ele>
        <time>2026-10-07T22:25:35.400Z</time>
      </trkpt>
      <trkpt lat="-24.221085" lon="-47.926659">
        <ele>38.016472</ele>
        <time>2026-10-07T22:25:42.596Z</time>
      </trkpt>
      <trkpt lat="-24.220672" lon="-47.926731">
        <ele>39.842691</ele>
        <time>2026-10-07T22:26:02.212Z</time>
      </trkpt>
      <trkpt lat="-24.220192" lon="-47.926927">
        <ele>43.176399</ele>
        <time>2026-10-07T22:26:26.288Z</time>
      </trkpt>
      <trkpt lat="-24.219986" lon="-47.927041">
        <ele>44.678244</ele>
        <time>2026-10-07T22:26:36.956Z</time>
      </trkpt>
      <trkpt lat="-24.219757" lon="-47.927265">
        <ele>46.675570</ele>
        <time>2026-10-07T22:26:51.331Z</time>
      </trkpt>
      <trkpt lat="-24.219382" lon="-47.927756">
        <ele>50.490600</ele>
        <time>2026-10-07T22:27:18.717Z</time>
      </trkpt>
      <trkpt lat="-24.219239" lon="-47.927863">
        <ele>51.662431</ele>
        <time>2026-10-07T22:27:26.684Z</time>
      </trkpt>
      <trkpt lat="-24.218229" lon="-47.928395">
        <ele>59.246807</ele>
        <time>2026-10-07T22:28:23.062Z</time>
      </trkpt>
      <trkpt lat="-24.217986" lon="-47.928425">
        <ele>60.902020</ele>
        <time>2026-10-07T22:28:36.177Z</time>
      </trkpt>
      <trkpt lat="-24.217249" lon="-47.928233">
        <ele>61.536844</ele>
        <time>2026-10-07T22:29:05.577Z</time>
      </trkpt>
      <trkpt lat="-24.217049" lon="-47.928121">
        <ele>61.219892</ele>
        <time>2026-10-07T22:29:09.810Z</time>
      </trkpt>
      <trkpt lat="-24.216902" lon="-47.927984">
        <ele>60.947608</ele>
        <time>2026-10-07T22:29:12.683Z</time>
      </trkpt>
      <trkpt lat="-24.216706" lon="-47.927702">
        <ele>60.491239</ele>
        <time>2026-10-07T22:29:17.035Z</time>
      </trkpt>
      <trkpt lat="-24.216574" lon="-47.927592">
        <ele>60.257243</ele>
        <time>2026-10-07T22:29:19.191Z</time>
      </trkpt>
      <trkpt lat="-24.216146" lon="-47.927456">
        <ele>59.327508</ele>
        <time>2026-10-07T22:29:24.898Z</time>
      </trkpt>
      <trkpt lat="-24.215995" lon="-47.927375">
        <ele>58.598488</ele>
        <time>2026-10-07T22:29:27.064Z</time>
      </trkpt>
      <trkpt lat="-24.215921" lon="-47.927236">
        <ele>57.961907</ele>
        <time>2026-10-07T22:29:28.979Z</time>
      </trkpt>
      <trkpt lat="-24.215933" lon="-47.927088">
        <ele>57.374233</ele>
        <time>2026-10-07T22:29:30.778Z</time>
      </trkpt>
      <trkpt lat="-24.216012" lon="-47.926930">
        <ele>56.661562</ele>
        <time>2026-10-07T22:29:32.992Z</time>
      </trkpt>
      <trkpt lat="-24.216481" lon="-47.926696">
        <ele>54.426944</ele>
        <time>2026-10-07T22:29:40.306Z</time>
      </trkpt>
      <trkpt lat="-24.216635" lon="-47.926565">
        <ele>53.581665</ele>
        <time>2026-10-07T22:29:43.304Z</time>
      </trkpt>
      <trkpt lat="-24.216716" lon="-47.926394">
        <ele>52.819550</ele>
        <time>2026-10-07T22:29:46.080Z</time>
      </trkpt>
      <trkpt lat="-24.216733" lon="-47.926192">
        <ele>52.017216</ele>
        <time>2026-10-07T22:29:48.980Z</time>
      </trkpt>
      <trkpt lat="-24.216618" lon="-47.925562">
        <ele>49.680809</ele>
        <time>2026-10-07T22:29:57.579Z</time>
      </trkpt>
      <trkpt lat="-24.216508" lon="-47.925315">
        <ele>48.682780</ele>
        <time>2026-10-07T22:30:00.994Z</time>
      </trkpt>
      <trkpt lat="-24.216359" lon="-47.925125">
        <ele>47.772952</ele>
        <time>2026-10-07T22:30:04.046Z</time>
      </trkpt>
      <trkpt lat="-24.216009" lon="-47.924881">
        <ele>46.121753</ele>
        <time>2026-10-07T22:30:09.591Z</time>
      </trkpt>
      <trkpt lat="-24.215518" lon="-47.924629">
        <ele>44.724376</ele>
        <time>2026-10-07T22:30:17.165Z</time>
      </trkpt>
      <trkpt lat="-24.215248" lon="-47.924559">
        <ele>44.609811</ele>
        <time>2026-10-07T22:30:21.277Z</time>
      </trkpt>
      <trkpt lat="-24.214480" lon="-47.924639">
        <ele>44.291254</ele>
        <time>2026-10-07T22:30:35.466Z</time>
      </trkpt>
      <trkpt lat="-24.214219" lon="-47.924599">
        <ele>44.182432</ele>
        <time>2026-10-07T22:30:42.932Z</time>
      </trkpt>
      <trkpt lat="-24.213744" lon="-47.924350">
        <ele>44.474752</ele>
        <time>2026-10-07T22:31:01.011Z</time>
      </trkpt>
      <trkpt lat="-24.213030" lon="-47.923904">
        <ele>45.787487</ele>
        <time>2026-10-07T22:31:29.515Z</time>
      </trkpt>
      <trkpt lat="-24.212584" lon="-47.923491">
        <ele>46.720075</ele>
        <time>2026-10-07T22:31:42.163Z</time>
      </trkpt>
      <trkpt lat="-24.212423" lon="-47.923392">
        <ele>46.798883</ele>
        <time>2026-10-07T22:31:45.168Z</time>
      </trkpt>
      <trkpt lat="-24.212161" lon="-47.923392">
        <ele>45.959356</ele>
        <time>2026-10-07T22:31:49.068Z</time>
      </trkpt>
      <trkpt lat="-24.211958" lon="-47.923524">
        <ele>45.203097</ele>
        <time>2026-10-07T22:31:52.359Z</time>
      </trkpt>
      <trkpt lat="-24.211176" lon="-47.924308">
        <ele>41.807744</ele>
        <time>2026-10-07T22:32:07.006Z</time>
      </trkpt>
      <trkpt lat="-24.211077" lon="-47.924433">
        <ele>41.323925</ele>
        <time>2026-10-07T22:32:09.230Z</time>
      </trkpt>
      <trkpt lat="-24.211023" lon="-47.924567">
        <ele>41.188222</ele>
        <time>2026-10-07T22:32:11.256Z</time>
      </trkpt>
      <trkpt lat="-24.211128" lon="-47.925291">
        <ele>41.252693</ele>
        <time>2026-10-07T22:32:22.596Z</time>
      </trkpt>
      <trkpt lat="-24.211122" lon="-47.925461">
        <ele>41.267654</ele>
        <time>2026-10-07T22:32:25.824Z</time>
      </trkpt>
      <trkpt lat="-24.211026" lon="-47.925736">
        <ele>41.293550</ele>
        <time>2026-10-07T22:32:31.995Z</time>
      </trkpt>
      <trkpt lat="-24.210819" lon="-47.926083">
        <ele>41.330014</ele>
        <time>2026-10-07T22:32:41.990Z</time>
      </trkpt>
      <trkpt lat="-24.210680" lon="-47.926251">
        <ele>41.349963</ele>
        <time>2026-10-07T22:32:48.189Z</time>
      </trkpt>
      <trkpt lat="-24.210431" lon="-47.926554">
        <ele>42.307829</ele>
        <time>2026-10-07T22:33:00.510Z</time>
      </trkpt>
      <trkpt lat="-24.210222" lon="-47.926686">
        <ele>42.986482</ele>
        <time>2026-10-07T22:33:09.041Z</time>
      </trkpt>
      <trkpt lat="-24.210008" lon="-47.926755">
        <ele>43.614114</ele>
        <time>2026-10-07T22:33:17.019Z</time>
      </trkpt>
      <trkpt lat="-24.209789" lon="-47.926718">
        <ele>44.237591</ele>
        <time>2026-10-07T22:33:24.832Z</time>
      </trkpt>
      <trkpt lat="-24.209625" lon="-47.926611">
        <ele>44.774560</ele>
        <time>2026-10-07T22:33:31.137Z</time>
      </trkpt>
      <trkpt lat="-24.209150" lon="-47.926024">
        <ele>46.711959</ele>
        <time>2026-10-07T22:33:51.935Z</time>
      </trkpt>
      <trkpt lat="-24.208989" lon="-47.925918">
        <ele>47.132499</ele>
        <time>2026-10-07T22:33:56.469Z</time>
      </trkpt>
      <trkpt lat="-24.208771" lon="-47.925836">
        <ele>47.648602</ele>
        <time>2026-10-07T22:34:01.837Z</time>
      </trkpt>
      <trkpt lat="-24.208005" lon="-47.925720">
        <ele>49.380215</ele>
        <time>2026-10-07T22:34:22.338Z</time>
      </trkpt>
      <trkpt lat="-24.207548" lon="-47.925625">
        <ele>50.421822</ele>
        <time>2026-10-07T22:34:38.450Z</time>
      </trkpt>
      <trkpt lat="-24.207377" lon="-47.925524">
        <ele>51.051131</ele>
        <time>2026-10-07T22:34:45.864Z</time>
      </trkpt>
      <trkpt lat="-24.207263" lon="-47.925374">
        <ele>51.636663</ele>
        <time>2026-10-07T22:34:52.586Z</time>
      </trkpt>
      <trkpt lat="-24.206945" lon="-47.924746">
        <ele>53.790743</ele>
        <time>2026-10-07T22:35:15.415Z</time>
      </trkpt>
      <trkpt lat="-24.206735" lon="-47.924622">
        <ele>54.574990</ele>
        <time>2026-10-07T22:35:22.641Z</time>
      </trkpt>
      <trkpt lat="-24.206270" lon="-47.924553">
        <ele>56.117849</ele>
        <time>2026-10-07T22:35:36.193Z</time>
      </trkpt>
      <trkpt lat="-24.206121" lon="-47.924497">
        <ele>57.022925</ele>
        <time>2026-10-07T22:35:41.097Z</time>
      </trkpt>
      <trkpt lat="-24.205904" lon="-47.924392">
        <ele>58.881019</ele>
        <time>2026-10-07T22:35:48.873Z</time>
      </trkpt>
      <trkpt lat="-24.205696" lon="-47.924250">
        <ele>60.800481</ele>
        <time>2026-10-07T22:35:57.682Z</time>
      </trkpt>
      <trkpt lat="-24.205597" lon="-47.924136">
        <ele>61.925159</ele>
        <time>2026-10-07T22:36:03.540Z</time>
      </trkpt>
      <trkpt lat="-24.204979" lon="-47.922689">
        <ele>73.056385</ele>
        <time>2026-10-07T22:37:36.052Z</time>
      </trkpt>
      <trkpt lat="-24.204920" lon="-47.922484">
        <ele>74.441192</ele>
        <time>2026-10-07T22:37:49.216Z</time>
      </trkpt>
      <trkpt lat="-24.204806" lon="-47.922302">
        <ele>75.863502</ele>
        <time>2026-10-07T22:38:01.913Z</time>
      </trkpt>
      <trkpt lat="-24.204635" lon="-47.922192">
        <ele>77.263811</ele>
        <time>2026-10-07T22:38:13.237Z</time>
      </trkpt>
      <trkpt lat="-24.203871" lon="-47.922032">
        <ele>82.757499</ele>
        <time>2026-10-07T22:38:43.430Z</time>
      </trkpt>
      <trkpt lat="-24.203707" lon="-47.922140">
        <ele>83.250099</ele>
        <time>2026-10-07T22:38:47.472Z</time>
      </trkpt>
      <trkpt lat="-24.203673" lon="-47.922343">
        <ele>83.389557</ele>
        <time>2026-10-07T22:38:50.830Z</time>
      </trkpt>
      <trkpt lat="-24.203760" lon="-47.922629">
        <ele>83.593267</ele>
        <time>2026-10-07T22:38:55.566Z</time>
      </trkpt>
      <trkpt lat="-24.203910" lon="-47.922966">
        <ele>83.846640</ele>
        <time>2026-10-07T22:39:01.388Z</time>
      </trkpt>
      <trkpt lat="-24.203991" lon="-47.923289">
        <ele>84.072985</ele>
        <time>2026-10-07T22:39:06.782Z</time>
      </trkpt>
      <trkpt lat="-24.203800" lon="-47.923884">
        <ele>84.671574</ele>
        <time>2026-10-07T22:39:20.351Z</time>
      </trkpt>
      <trkpt lat="-24.203442" lon="-47.924448">
        <ele>89.775100</ele>
        <time>2026-10-07T22:39:43.602Z</time>
      </trkpt>
      <trkpt lat="-24.203418" lon="-47.924625">
        <ele>91.104172</ele>
        <time>2026-10-07T22:39:51.505Z</time>
      </trkpt>
      <trkpt lat="-24.203522" lon="-47.925123">
        <ele>94.898661</ele>
        <time>2026-10-07T22:40:19.166Z</time>
      </trkpt>
      <trkpt lat="-24.203483" lon="-47.925275">
        <ele>96.071422</ele>
        <time>2026-10-07T22:40:29.067Z</time>
      </trkpt>
      <trkpt lat="-24.203432" lon="-47.925355">
        <ele>96.796351</ele>
        <time>2026-10-07T22:40:35.370Z</time>
      </trkpt>
      <trkpt lat="-24.203350" lon="-47.925419">
        <ele>97.615997</ele>
        <time>2026-10-07T22:40:42.553Z</time>
      </trkpt>
      <trkpt lat="-24.203099" lon="-47.925401">
        <ele>99.893292</ele>
        <time>2026-10-07T22:41:01.169Z</time>
      </trkpt>
      <trkpt lat="-24.202615" lon="-47.924963">
        <ele>107.187836</ele>
        <time>2026-10-07T22:41:52.152Z</time>
      </trkpt>
      <trkpt lat="-24.201903" lon="-47.924174">
        <ele>118.954612</ele>
        <time>2026-10-07T22:43:04.284Z</time>
      </trkpt>
      <trkpt lat="-24.201509" lon="-47.923954">
        <ele>119.410980</ele>
        <time>2026-10-07T22:43:19.722Z</time>
      </trkpt>
      <trkpt lat="-24.201262" lon="-47.923872">
        <ele>118.950156</ele>
        <time>2026-10-07T22:43:24.648Z</time>
      </trkpt>
      <trkpt lat="-24.201140" lon="-47.923882">
        <ele>118.731703</ele>
        <time>2026-10-07T22:43:26.572Z</time>
      </trkpt>
      <trkpt lat="-24.201014" lon="-47.923968">
        <ele>118.466678</ele>
        <time>2026-10-07T22:43:28.720Z</time>
      </trkpt>
      <trkpt lat="-24.200811" lon="-47.924417">
        <ele>117.650490</ele>
        <time>2026-10-07T22:43:34.809Z</time>
      </trkpt>
      <trkpt lat="-24.200679" lon="-47.924602">
        <ele>117.267945</ele>
        <time>2026-10-07T22:43:37.554Z</time>
      </trkpt>
      <trkpt lat="-24.200525" lon="-47.924712">
        <ele>116.939747</ele>
        <time>2026-10-07T22:43:39.887Z</time>
      </trkpt>
      <trkpt lat="-24.200076" lon="-47.924707">
        <ele>115.815349</ele>
        <time>2026-10-07T22:43:45.654Z</time>
      </trkpt>
      <trkpt lat="-24.199940" lon="-47.924728">
        <ele>115.454597</ele>
        <time>2026-10-07T22:43:47.450Z</time>
      </trkpt>
      <trkpt lat="-24.199446" lon="-47.925044">
        <ele>113.952309</ele>
        <time>2026-10-07T22:43:55.653Z</time>
      </trkpt>
      <trkpt lat="-24.199226" lon="-47.925100">
        <ele>113.359072</ele>
        <time>2026-10-07T22:43:59.759Z</time>
      </trkpt>
      <trkpt lat="-24.198996" lon="-47.925103">
        <ele>112.754897</ele>
        <time>2026-10-07T22:44:05.178Z</time>
      </trkpt>
      <trkpt lat="-24.198794" lon="-47.925011">
        <ele>112.180348</ele>
        <time>2026-10-07T22:44:11.437Z</time>
      </trkpt>
      <trkpt lat="-24.198526" lon="-47.924730">
        <ele>112.376986</ele>
        <time>2026-10-07T22:44:23.444Z</time>
      </trkpt>
      <trkpt lat="-24.198114" lon="-47.923889">
        <ele>113.090968</ele>
        <time>2026-10-07T22:44:46.302Z</time>
      </trkpt>
      <trkpt lat="-24.197935" lon="-47.923769">
        <ele>113.263009</ele>
        <time>2026-10-07T22:44:50.385Z</time>
      </trkpt>
      <trkpt lat="-24.197596" lon="-47.923797">
        <ele>113.541766</ele>
        <time>2026-10-07T22:44:56.716Z</time>
      </trkpt>
      <trkpt lat="-24.197298" lon="-47.923741">
        <ele>112.688555</ele>
        <time>2026-10-07T22:45:02.052Z</time>
      </trkpt>
      <trkpt lat="-24.197150" lon="-47.923668">
        <ele>112.144428</ele>
        <time>2026-10-07T22:45:04.714Z</time>
      </trkpt>
      <trkpt lat="-24.197048" lon="-47.923543">
        <ele>111.631499</ele>
        <time>2026-10-07T22:45:07.033Z</time>
      </trkpt>
      <trkpt lat="-24.196998" lon="-47.923344">
        <ele>111.000239</ele>
        <time>2026-10-07T22:45:09.740Z</time>
      </trkpt>
      <trkpt lat="-24.197054" lon="-47.922705">
        <ele>109.037014</ele>
        <time>2026-10-07T22:45:17.937Z</time>
      </trkpt>
      <trkpt lat="-24.197004" lon="-47.922517">
        <ele>108.438121</ele>
        <time>2026-10-07T22:45:20.408Z</time>
      </trkpt>
      <trkpt lat="-24.196689" lon="-47.921906">
        <ele>106.206333</ele>
        <time>2026-10-07T22:45:28.943Z</time>
      </trkpt>
      <trkpt lat="-24.196601" lon="-47.921627">
        <ele>105.241893</ele>
        <time>2026-10-07T22:45:32.421Z</time>
      </trkpt>
      <trkpt lat="-24.196488" lon="-47.921519">
        <ele>104.704963</ele>
        <time>2026-10-07T22:45:34.346Z</time>
      </trkpt>
      <trkpt lat="-24.196184" lon="-47.921399">
        <ele>103.547718</ele>
        <time>2026-10-07T22:45:38.580Z</time>
      </trkpt>
      <trkpt lat="-24.195598" lon="-47.921235">
        <ele>101.381571</ele>
        <time>2026-10-07T22:45:48.020Z</time>
      </trkpt>
      <trkpt lat="-24.195193" lon="-47.921084">
        <ele>101.982732</ele>
        <time>2026-10-07T22:46:01.541Z</time>
      </trkpt>
      <trkpt lat="-24.194985" lon="-47.920895">
        <ele>102.664834</ele>
        <time>2026-10-07T22:46:12.452Z</time>
      </trkpt>
      <trkpt lat="-24.194789" lon="-47.920623">
        <ele>103.463149</ele>
        <time>2026-10-07T22:46:25.933Z</time>
      </trkpt>
      <trkpt lat="-24.194603" lon="-47.920262">
        <ele>104.418015</ele>
        <time>2026-10-07T22:46:41.272Z</time>
      </trkpt>
      <trkpt lat="-24.194445" lon="-47.920042">
        <ele>105.062884</ele>
        <time>2026-10-07T22:46:49.677Z</time>
      </trkpt>
      <trkpt lat="-24.194042" lon="-47.919746">
        <ele>104.490850</ele>
        <time>2026-10-07T22:46:58.834Z</time>
      </trkpt>
      <trkpt lat="-24.193570" lon="-47.919583">
        <ele>102.263421</ele>
        <time>2026-10-07T22:47:05.613Z</time>
      </trkpt>
      <trkpt lat="-24.193379" lon="-47.919554">
        <ele>101.395507</ele>
        <time>2026-10-07T22:47:08.093Z</time>
      </trkpt>
      <trkpt lat="-24.193239" lon="-47.919594">
        <ele>100.744305</ele>
        <time>2026-10-07T22:47:09.944Z</time>
      </trkpt>
      <trkpt lat="-24.193061" lon="-47.919774">
        <ele>99.654311</ele>
        <time>2026-10-07T22:47:13.007Z</time>
      </trkpt>
      <trkpt lat="-24.193024" lon="-47.919906">
        <ele>99.087340</ele>
        <time>2026-10-07T22:47:14.607Z</time>
      </trkpt>
      <trkpt lat="-24.193040" lon="-47.920277">
        <ele>97.562401</ele>
        <time>2026-10-07T22:47:18.963Z</time>
      </trkpt>
      <trkpt lat="-24.193060" lon="-47.920514">
        <ele>97.338077</ele>
        <time>2026-10-07T22:47:21.843Z</time>
      </trkpt>
      <trkpt lat="-24.193126" lon="-47.920764">
        <ele>97.106756</ele>
        <time>2026-10-07T22:47:25.206Z</time>
      </trkpt>
      <trkpt lat="-24.193231" lon="-47.920976">
        <ele>96.892345</ele>
        <time>2026-10-07T22:47:28.688Z</time>
      </trkpt>
      <trkpt lat="-24.193344" lon="-47.921142">
        <ele>96.708247</ele>
        <time>2026-10-07T22:47:32.198Z</time>
      </trkpt>
      <trkpt lat="-24.193656" lon="-47.921424">
        <ele>96.314238</ele>
        <time>2026-10-07T22:47:42.144Z</time>
      </trkpt>
      <trkpt lat="-24.193843" lon="-47.921680">
        <ele>96.022738</ele>
        <time>2026-10-07T22:47:50.535Z</time>
      </trkpt>
      <trkpt lat="-24.194139" lon="-47.922312">
        <ele>96.720035</ele>
        <time>2026-10-07T22:48:09.345Z</time>
      </trkpt>
      <trkpt lat="-24.194852" lon="-47.923060">
        <ele>98.935059</ele>
        <time>2026-10-07T22:48:34.269Z</time>
      </trkpt>
      <trkpt lat="-24.195014" lon="-47.923284">
        <ele>99.520322</ele>
        <time>2026-10-07T22:48:41.573Z</time>
      </trkpt>
      <trkpt lat="-24.195085" lon="-47.923569">
        <ele>101.179358</ele>
        <time>2026-10-07T22:48:50.929Z</time>
      </trkpt>
      <trkpt lat="-24.195058" lon="-47.923803">
        <ele>103.390275</ele>
        <time>2026-10-07T22:49:00.088Z</time>
      </trkpt>
      <trkpt lat="-24.194897" lon="-47.924115">
        <ele>106.750420</ele>
        <time>2026-10-07T22:49:17.388Z</time>
      </trkpt>
      <trkpt lat="-24.194626" lon="-47.924475">
        <ele>111.125705</ele>
        <time>2026-10-07T22:49:45.866Z</time>
      </trkpt>
      <trkpt lat="-24.194448" lon="-47.924509">
        <ele>112.982460</ele>
        <time>2026-10-07T22:49:59.530Z</time>
      </trkpt>
      <trkpt lat="-24.194279" lon="-47.924397">
        <ele>115.011834</ele>
        <time>2026-10-07T22:50:15.124Z</time>
      </trkpt>
      <trkpt lat="-24.194065" lon="-47.924143">
        <ele>118.252987</ele>
        <time>2026-10-07T22:50:40.785Z</time>
      </trkpt>
      <trkpt lat="-24.193894" lon="-47.923992">
        <ele>120.931236</ele>
        <time>2026-10-07T22:50:58.615Z</time>
      </trkpt>
      <trkpt lat="-24.193779" lon="-47.923951">
        <ele>122.412736</ele>
        <time>2026-10-07T22:51:08.365Z</time>
      </trkpt>
      <trkpt lat="-24.193640" lon="-47.923972">
        <ele>124.131727</ele>
        <time>2026-10-07T22:51:19.386Z</time>
      </trkpt>
      <trkpt lat="-24.192753" lon="-47.924639">
        <ele>137.309103</ele>
        <time>2026-10-07T22:52:34.525Z</time>
      </trkpt>
      <trkpt lat="-24.192472" lon="-47.924794">
        <ele>140.721332</ele>
        <time>2026-10-07T22:52:52.705Z</time>
      </trkpt>
      <trkpt lat="-24.192196" lon="-47.924889">
        <ele>142.341649</ele>
        <time>2026-10-07T22:53:08.245Z</time>
      </trkpt>
      <trkpt lat="-24.191786" lon="-47.924836">
        <ele>144.654020</ele>
        <time>2026-10-07T22:53:28.476Z</time>
      </trkpt>
      <trkpt lat="-24.191649" lon="-47.924889">
        <ele>145.467751</ele>
        <time>2026-10-07T22:53:35.039Z</time>
      </trkpt>
      <trkpt lat="-24.191126" lon="-47.925476">
        <ele>149.660133</ele>
        <time>2026-10-07T22:54:02.770Z</time>
      </trkpt>
      <trkpt lat="-24.191011" lon="-47.925576">
        <ele>150.438985</ele>
        <time>2026-10-07T22:54:06.576Z</time>
      </trkpt>
      <trkpt lat="-24.190740" lon="-47.925614">
        <ele>150.834989</ele>
        <time>2026-10-07T22:54:12.168Z</time>
      </trkpt>
      <trkpt lat="-24.190638" lon="-47.925677">
        <ele>151.004685</ele>
        <time>2026-10-07T22:54:14.346Z</time>
      </trkpt>
      <trkpt lat="-24.190500" lon="-47.925883">
        <ele>151.342612</ele>
        <time>2026-10-07T22:54:18.628Z</time>
      </trkpt>
      <trkpt lat="-24.190406" lon="-47.926170">
        <ele>151.745797</ele>
        <time>2026-10-07T22:54:23.798Z</time>
      </trkpt>
      <trkpt lat="-24.190370" lon="-47.926569">
        <ele>152.275922</ele>
        <time>2026-10-07T22:54:32.104Z</time>
      </trkpt>
      <trkpt lat="-24.190408" lon="-47.927163">
        <ele>153.194218</ele>
        <time>2026-10-07T22:54:48.242Z</time>
      </trkpt>
      <trkpt lat="-24.190375" lon="-47.927276">
        <ele>153.987305</ele>
        <time>2026-10-07T22:54:51.982Z</time>
      </trkpt>
      <trkpt lat="-24.190240" lon="-47.927340">
        <ele>155.065084</ele>
        <time>2026-10-07T22:54:57.366Z</time>
      </trkpt>
      <trkpt lat="-24.189924" lon="-47.927410">
        <ele>157.427446</ele>
        <time>2026-10-07T22:55:11.038Z</time>
      </trkpt>
      <trkpt lat="-24.189789" lon="-47.927526">
        <ele>158.684352</ele>
        <time>2026-10-07T22:55:19.546Z</time>
      </trkpt>
      <trkpt lat="-24.189748" lon="-47.927672">
        <ele>159.705459</ele>
        <time>2026-10-07T22:55:26.913Z</time>
      </trkpt>
      <trkpt lat="-24.189778" lon="-47.928145">
        <ele>162.874766</ele>
        <time>2026-10-07T22:55:52.133Z</time>
      </trkpt>
      <trkpt lat="-24.189696" lon="-47.928365">
        <ele>164.463337</ele>
        <time>2026-10-07T22:56:05.363Z</time>
      </trkpt>
      <trkpt lat="-24.189249" lon="-47.928784">
        <ele>169.399667</ele>
        <time>2026-10-07T22:56:40.451Z</time>
      </trkpt>
      <trkpt lat="-24.188930" lon="-47.929269">
        <ele>174.374046</ele>
        <time>2026-10-07T22:57:12.060Z</time>
      </trkpt>
      <trkpt lat="-24.188724" lon="-47.929542">
        <ele>177.321585</ele>
        <time>2026-10-07T22:57:30.710Z</time>
      </trkpt>
      <trkpt lat="-24.188619" lon="-47.929765">
        <ele>179.409376</ele>
        <time>2026-10-07T22:57:43.700Z</time>
      </trkpt>
      <trkpt lat="-24.188505" lon="-47.930112">
        <ele>182.477721</ele>
        <time>2026-10-07T22:58:02.215Z</time>
      </trkpt>
      <trkpt lat="-24.188390" lon="-47.930330">
        <ele>184.195175</ele>
        <time>2026-10-07T22:58:14.202Z</time>
      </trkpt>
      <trkpt lat="-24.188239" lon="-47.930445">
        <ele>185.548656</ele>
        <time>2026-10-07T22:58:23.312Z</time>
      </trkpt>
      <trkpt lat="-24.187943" lon="-47.930527">
        <ele>187.796110</ele>
        <time>2026-10-07T22:58:38.073Z</time>
      </trkpt>
      <trkpt lat="-24.187713" lon="-47.930718">
        <ele>189.920167</ele>
        <time>2026-10-07T22:58:51.638Z</time>
      </trkpt>
      <trkpt lat="-24.187567" lon="-47.930945">
        <ele>191.785283</ele>
        <time>2026-10-07T22:59:03.669Z</time>
      </trkpt>
      <trkpt lat="-24.187293" lon="-47.931735">
        <ele>197.486681</ele>
        <time>2026-10-07T22:59:41.745Z</time>
      </trkpt>
      <trkpt lat="-24.187183" lon="-47.931889">
        <ele>198.821358</ele>
        <time>2026-10-07T22:59:50.807Z</time>
      </trkpt>
      <trkpt lat="-24.186651" lon="-47.932215">
        <ele>203.380480</ele>
        <time>2026-10-07T23:00:21.828Z</time>
      </trkpt>
      <trkpt lat="-24.186342" lon="-47.932532">
        <ele>206.546220</ele>
        <time>2026-10-07T23:00:43.650Z</time>
      </trkpt>
      <trkpt lat="-24.185832" lon="-47.932926">
        <ele>211.277563</ele>
        <time>2026-10-07T23:01:14.463Z</time>
      </trkpt>
      <trkpt lat="-24.185554" lon="-47.933425">
        <ele>215.401887</ele>
        <time>2026-10-07T23:01:40.313Z</time>
      </trkpt>
      <trkpt lat="-24.185418" lon="-47.933571">
        <ele>216.873788</ele>
        <time>2026-10-07T23:01:49.804Z</time>
      </trkpt>
      <trkpt lat="-24.185196" lon="-47.933630">
        <ele>218.640128</ele>
        <time>2026-10-07T23:02:01.584Z</time>
      </trkpt>
      <trkpt lat="-24.184715" lon="-47.933543">
        <ele>222.409742</ele>
        <time>2026-10-07T23:02:27.826Z</time>
      </trkpt>
      <trkpt lat="-24.184305" lon="-47.933306">
        <ele>226.062763</ele>
        <time>2026-10-07T23:02:53.466Z</time>
      </trkpt>
      <trkpt lat="-24.184088" lon="-47.933094">
        <ele>228.366188</ele>
        <time>2026-10-07T23:03:09.339Z</time>
      </trkpt>
      <trkpt lat="-24.184017" lon="-47.932969">
        <ele>229.430660</ele>
        <time>2026-10-07T23:03:16.503Z</time>
      </trkpt>
      <trkpt lat="-24.184021" lon="-47.932786">
        <ele>230.753945</ele>
        <time>2026-10-07T23:03:25.180Z</time>
      </trkpt>
      <trkpt lat="-24.184069" lon="-47.932603">
        <ele>232.130450</ele>
        <time>2026-10-07T23:03:33.977Z</time>
      </trkpt>
      <trkpt lat="-24.184247" lon="-47.932198">
        <ele>235.380271</ele>
        <time>2026-10-07T23:03:53.840Z</time>
      </trkpt>
      <trkpt lat="-24.184902" lon="-47.931522">
        <ele>243.007669</ele>
        <time>2026-10-07T23:04:39.259Z</time>
      </trkpt>
      <trkpt lat="-24.185025" lon="-47.931319">
        <ele>244.943638</ele>
        <time>2026-10-07T23:04:51.865Z</time>
      </trkpt>
      <trkpt lat="-24.185059" lon="-47.931005">
        <ele>247.455591</ele>
        <time>2026-10-07T23:05:08.857Z</time>
      </trkpt>
      <trkpt lat="-24.185036" lon="-47.930789">
        <ele>249.183163</ele>
        <time>2026-10-07T23:05:20.882Z</time>
      </trkpt>
      <trkpt lat="-24.184882" lon="-47.930358">
        <ele>252.860343</ele>
        <time>2026-10-07T23:05:47.397Z</time>
      </trkpt>
      <trkpt lat="-24.184859" lon="-47.930159">
        <ele>253.644472</ele>
        <time>2026-10-07T23:05:58.699Z</time>
      </trkpt>
      <trkpt lat="-24.184984" lon="-47.929236">
        <ele>256.509919</ele>
        <time>2026-10-07T23:06:38.011Z</time>
      </trkpt>
      <trkpt lat="-24.184929" lon="-47.929050">
        <ele>257.110353</ele>
        <time>2026-10-07T23:06:42.487Z</time>
      </trkpt>
      <trkpt lat="-24.184864" lon="-47.928974">
        <ele>257.430268</ele>
        <time>2026-10-07T23:06:44.359Z</time>
      </trkpt>
      <trkpt lat="-24.184722" lon="-47.928910">
        <ele>257.947109</ele>
        <time>2026-10-07T23:06:46.914Z</time>
      </trkpt>
      <trkpt lat="-24.184562" lon="-47.928910">
        <ele>258.485717</ele>
        <time>2026-10-07T23:06:49.357Z</time>
      </trkpt>
      <trkpt lat="-24.184356" lon="-47.929092">
        <ele>259.200453</ele>
        <time>2026-10-07T23:06:53.120Z</time>
      </trkpt>
      <trkpt lat="-24.184041" lon="-47.929676">
        <ele>259.325438</ele>
        <time>2026-10-07T23:07:01.653Z</time>
      </trkpt>
      <trkpt lat="-24.183858" lon="-47.929896">
        <ele>259.380286</ele>
        <time>2026-10-07T23:07:05.742Z</time>
      </trkpt>
      <trkpt lat="-24.183619" lon="-47.929934">
        <ele>259.429056</ele>
        <time>2026-10-07T23:07:10.376Z</time>
      </trkpt>
      <trkpt lat="-24.183424" lon="-47.929852">
        <ele>259.471234</ele>
        <time>2026-10-07T23:07:16.212Z</time>
      </trkpt>
      <trkpt lat="-24.183338" lon="-47.929746">
        <ele>259.497367</ele>
        <time>2026-10-07T23:07:20.786Z</time>
      </trkpt>
      <trkpt lat="-24.183317" lon="-47.929564">
        <ele>259.531163</ele>
        <time>2026-10-07T23:07:27.708Z</time>
      </trkpt>
      <trkpt lat="-24.183356" lon="-47.929367">
        <ele>260.164669</ele>
        <time>2026-10-07T23:07:36.619Z</time>
      </trkpt>
      <trkpt lat="-24.183621" lon="-47.928723">
        <ele>265.193583</ele>
        <time>2026-10-07T23:08:14.390Z</time>
      </trkpt>
      <trkpt lat="-24.183646" lon="-47.928524">
        <ele>266.623473</ele>
        <time>2026-10-07T23:08:25.574Z</time>
      </trkpt>
      <trkpt lat="-24.183582" lon="-47.927944">
        <ele>270.782121</ele>
        <time>2026-10-07T23:08:55.631Z</time>
      </trkpt>
      <trkpt lat="-24.183644" lon="-47.927726">
        <ele>272.407553</ele>
        <time>2026-10-07T23:09:05.847Z</time>
      </trkpt>
      <trkpt lat="-24.183795" lon="-47.927427">
        <ele>274.569820</ele>
        <time>2026-10-07T23:09:19.552Z</time>
      </trkpt>
      <trkpt lat="-24.183841" lon="-47.927254">
        <ele>275.575650</ele>
        <time>2026-10-07T23:09:26.037Z</time>
      </trkpt>
      <trkpt lat="-24.183824" lon="-47.927125">
        <ele>276.303172</ele>
        <time>2026-10-07T23:09:30.423Z</time>
      </trkpt>
      <trkpt lat="-24.183694" lon="-47.926987">
        <ele>277.410449</ele>
        <time>2026-10-07T23:09:36.850Z</time>
      </trkpt>
      <trkpt lat="-24.183570" lon="-47.926987">
        <ele>278.169177</ele>
        <time>2026-10-07T23:09:41.172Z</time>
      </trkpt>
      <trkpt lat="-24.183420" lon="-47.927072">
        <ele>279.202371</ele>
        <time>2026-10-07T23:09:47.042Z</time>
      </trkpt>
      <trkpt lat="-24.183005" lon="-47.927648">
        <ele>283.299314</ele>
        <time>2026-10-07T23:10:15.664Z</time>
      </trkpt>
      <trkpt lat="-24.182701" lon="-47.927887">
        <ele>286.280078</ele>
        <time>2026-10-07T23:10:36.725Z</time>
      </trkpt>
      <trkpt lat="-24.182600" lon="-47.927906">
        <ele>287.342770</ele>
        <time>2026-10-07T23:10:43.008Z</time>
      </trkpt>
      <trkpt lat="-24.182512" lon="-47.927889">
        <ele>288.269401</ele>
        <time>2026-10-07T23:10:48.696Z</time>
      </trkpt>
      <trkpt lat="-24.182061" lon="-47.927634">
        <ele>293.531802</ele>
        <time>2026-10-07T23:11:22.718Z</time>
      </trkpt>
      <trkpt lat="-24.181947" lon="-47.927619">
        <ele>294.722480</ele>
        <time>2026-10-07T23:11:30.779Z</time>
      </trkpt>
      <trkpt lat="-24.181795" lon="-47.927670">
        <ele>296.370920</ele>
        <time>2026-10-07T23:11:41.792Z</time>
      </trkpt>
      <trkpt lat="-24.181473" lon="-47.927853">
        <ele>300.132191</ele>
        <time>2026-10-07T23:12:06.186Z</time>
      </trkpt>
      <trkpt lat="-24.180984" lon="-47.927999">
        <ele>304.393663</ele>
        <time>2026-10-07T23:12:36.628Z</time>
      </trkpt>
      <trkpt lat="-24.180549" lon="-47.928083">
        <ele>306.849034</ele>
        <time>2026-10-07T23:12:59.079Z</time>
      </trkpt>
      <trkpt lat="-24.180050" lon="-47.928365">
        <ele>309.969882</ele>
        <time>2026-10-07T23:13:22.365Z</time>
      </trkpt>
      <trkpt lat="-24.179831" lon="-47.928334">
        <ele>311.197398</ele>
        <time>2026-10-07T23:13:29.659Z</time>
      </trkpt>
      <trkpt lat="-24.179561" lon="-47.928190">
        <ele>312.866533</ele>
        <time>2026-10-07T23:13:38.182Z</time>
      </trkpt>
      <trkpt lat="-24.179389" lon="-47.928218">
        <ele>313.612197</ele>
        <time>2026-10-07T23:13:42.508Z</time>
      </trkpt>
      <trkpt lat="-24.179264" lon="-47.928314">
        <ele>314.142739</ele>
        <time>2026-10-07T23:13:46.131Z</time>
      </trkpt>
      <trkpt lat="-24.179189" lon="-47.928485">
        <ele>314.744416</ele>
        <time>2026-10-07T23:13:50.210Z</time>
      </trkpt>
      <trkpt lat="-24.179151" lon="-47.928782">
        <ele>315.695458</ele>
        <time>2026-10-07T23:13:57.006Z</time>
      </trkpt>
      <trkpt lat="-24.179167" lon="-47.929276">
        <ele>317.262979</ele>
        <time>2026-10-07T23:14:10.228Z</time>
      </trkpt>
      <trkpt lat="-24.179070" lon="-47.929403">
        <ele>317.788226</ele>
        <time>2026-10-07T23:14:15.397Z</time>
      </trkpt>
      <trkpt lat="-24.178947" lon="-47.929451">
        <ele>318.242071</ele>
        <time>2026-10-07T23:14:20.266Z</time>
      </trkpt>
      <trkpt lat="-24.178733" lon="-47.929421">
        <ele>318.992011</ele>
        <time>2026-10-07T23:14:29.265Z</time>
      </trkpt>
      <trkpt lat="-24.178452" lon="-47.929332">
        <ele>321.020097</ele>
        <time>2026-10-07T23:14:43.495Z</time>
      </trkpt>
      <trkpt lat="-24.177750" lon="-47.929014">
        <ele>328.865006</ele>
        <time>2026-10-07T23:15:30.477Z</time>
      </trkpt>
      <trkpt lat="-24.177540" lon="-47.928990">
        <ele>331.045628</ele>
        <time>2026-10-07T23:15:45.562Z</time>
      </trkpt>
      <trkpt lat="-24.177181" lon="-47.929169">
        <ele>335.118913</ele>
        <time>2026-10-07T23:16:14.500Z</time>
      </trkpt>
      <trkpt lat="-24.177058" lon="-47.929148">
        <ele>336.404565</ele>
        <time>2026-10-07T23:16:23.395Z</time>
      </trkpt>
      <trkpt lat="-24.176950" lon="-47.929090">
        <ele>337.646657</ele>
        <time>2026-10-07T23:16:31.791Z</time>
      </trkpt>
      <trkpt lat="-24.176849" lon="-47.928908">
        <ele>338.732544</ele>
        <time>2026-10-07T23:16:44.668Z</time>
      </trkpt>
      <trkpt lat="-24.176648" lon="-47.928623">
        <ele>340.149971</ele>
        <time>2026-10-07T23:17:03.314Z</time>
      </trkpt>
      <trkpt lat="-24.176405" lon="-47.928376">
        <ele>341.579312</ele>
        <time>2026-10-07T23:17:17.956Z</time>
      </trkpt>
      <trkpt lat="-24.176113" lon="-47.928360">
        <ele>342.840297</ele>
        <time>2026-10-07T23:17:27.750Z</time>
      </trkpt>
      <trkpt lat="-24.176022" lon="-47.928408">
        <ele>343.275864</ele>
        <time>2026-10-07T23:17:30.293Z</time>
      </trkpt>
      <trkpt lat="-24.175974" lon="-47.928513">
        <ele>343.737982</ele>
        <time>2026-10-07T23:17:32.602Z</time>
      </trkpt>
      <trkpt lat="-24.175979" lon="-47.928993">
        <ele>345.626794</ele>
        <time>2026-10-07T23:17:39.826Z</time>
      </trkpt>
      <trkpt lat="-24.175912" lon="-47.929795">
        <ele>348.559046</ele>
        <time>2026-10-07T23:17:51.344Z</time>
      </trkpt>
      <trkpt lat="-24.175599" lon="-47.930970">
        <ele>352.990200</ele>
        <time>2026-10-07T23:18:45.468Z</time>
      </trkpt>
      <trkpt lat="-24.175480" lon="-47.931084">
        <ele>353.589662</ele>
        <time>2026-10-07T23:18:56.471Z</time>
      </trkpt>
      <trkpt lat="-24.174969" lon="-47.931178">
        <ele>355.555017</ele>
        <time>2026-10-07T23:19:25.830Z</time>
      </trkpt>
      <trkpt lat="-24.174825" lon="-47.931243">
        <ele>356.145716</ele>
        <time>2026-10-07T23:19:32.337Z</time>
      </trkpt>
      <trkpt lat="-24.174748" lon="-47.931356">
        <ele>356.633777</ele>
        <time>2026-10-07T23:19:36.909Z</time>
      </trkpt>
      <trkpt lat="-24.174726" lon="-47.931486">
        <ele>357.091304</ele>
        <time>2026-10-07T23:19:40.538Z</time>
      </trkpt>
      <trkpt lat="-24.174794" lon="-47.931597">
        <ele>357.553974</ele>
        <time>2026-10-07T23:19:43.777Z</time>
      </trkpt>
      <trkpt lat="-24.174900" lon="-47.931668">
        <ele>358.025162</ele>
        <time>2026-10-07T23:19:46.481Z</time>
      </trkpt>
      <trkpt lat="-24.175679" lon="-47.931911">
        <ele>361.988072</ele>
        <time>2026-10-07T23:19:58.781Z</time>
      </trkpt>
      <trkpt lat="-24.175831" lon="-47.932045">
        <ele>363.232375</ele>
        <time>2026-10-07T23:20:02.068Z</time>
      </trkpt>
      <trkpt lat="-24.175980" lon="-47.932249">
        <ele>364.753180</ele>
        <time>2026-10-07T23:20:08.111Z</time>
      </trkpt>
      <trkpt lat="-24.176072" lon="-47.932532">
        <ele>366.501560</ele>
        <time>2026-10-07T23:20:19.934Z</time>
      </trkpt>
      <trkpt lat="-24.176025" lon="-47.932746">
        <ele>367.782530</ele>
        <time>2026-10-07T23:20:31.971Z</time>
      </trkpt>
      <trkpt lat="-24.175899" lon="-47.932851">
        <ele>368.792196</ele>
        <time>2026-10-07T23:20:43.486Z</time>
      </trkpt>
      <trkpt lat="-24.175644" lon="-47.932868">
        <ele>370.421865</ele>
        <time>2026-10-07T23:21:04.899Z</time>
      </trkpt>
      <trkpt lat="-24.174906" lon="-47.932682">
        <ele>377.324906</ele>
        <time>2026-10-07T23:22:12.140Z</time>
      </trkpt>
      <trkpt lat="-24.174778" lon="-47.932681">
        <ele>378.565770</ele>
        <time>2026-10-07T23:22:21.628Z</time>
      </trkpt>
      <trkpt lat="-24.174682" lon="-47.932738">
        <ele>379.624155</ele>
        <time>2026-10-07T23:22:28.829Z</time>
      </trkpt>
      <trkpt lat="-24.174640" lon="-47.932945">
        <ele>381.499561</ele>
        <time>2026-10-07T23:22:40.053Z</time>
      </trkpt>
      <trkpt lat="-24.174717" lon="-47.933265">
        <ele>384.426378</ele>
        <time>2026-10-07T23:22:53.264Z</time>
      </trkpt>
      <trkpt lat="-24.174907" lon="-47.933632">
        <ele>388.158261</ele>
        <time>2026-10-07T23:23:04.870Z</time>
      </trkpt>
      <trkpt lat="-24.175017" lon="-47.933726">
        <ele>389.314885</ele>
        <time>2026-10-07T23:23:08.476Z</time>
      </trkpt>
      <trkpt lat="-24.175364" lon="-47.933836">
        <ele>391.971439</ele>
        <time>2026-10-07T23:23:18.576Z</time>
      </trkpt>
      <trkpt lat="-24.175515" lon="-47.933968">
        <ele>393.391861</ele>
        <time>2026-10-07T23:23:24.926Z</time>
      </trkpt>
      <trkpt lat="-24.175564" lon="-47.934148">
        <ele>394.652169</ele>
        <time>2026-10-07T23:23:31.509Z</time>
      </trkpt>
      <trkpt lat="-24.175523" lon="-47.934353">
        <ele>396.060257</ele>
        <time>2026-10-07T23:23:40.464Z</time>
      </trkpt>
      <trkpt lat="-24.175146" lon="-47.934910">
        <ele>400.713591</ele>
        <time>2026-10-07T23:24:21.471Z</time>
      </trkpt>
      <trkpt lat="-24.175121" lon="-47.935111">
        <ele>402.095355</ele>
        <time>2026-10-07T23:24:35.830Z</time>
      </trkpt>
      <trkpt lat="-24.175229" lon="-47.935543">
        <ele>405.525878</ele>
        <time>2026-10-07T23:25:07.012Z</time>
      </trkpt>
      <trkpt lat="-24.175305" lon="-47.936084">
        <ele>409.718049</ele>
        <time>2026-10-07T23:25:37.710Z</time>
      </trkpt>
      <trkpt lat="-24.175382" lon="-47.936230">
        <ele>411.009612</ele>
        <time>2026-10-07T23:25:45.564Z</time>
      </trkpt>
      <trkpt lat="-24.175494" lon="-47.936254">
        <ele>411.967642</ele>
        <time>2026-10-07T23:25:51.072Z</time>
      </trkpt>
      <trkpt lat="-24.175643" lon="-47.936232">
        <ele>413.229782</ele>
        <time>2026-10-07T23:25:57.921Z</time>
      </trkpt>
      <trkpt lat="-24.175972" lon="-47.936119">
        <ele>416.124124</ele>
        <time>2026-10-07T23:26:11.842Z</time>
      </trkpt>
      <trkpt lat="-24.176334" lon="-47.936152">
        <ele>417.193023</ele>
        <time>2026-10-07T23:26:23.679Z</time>
      </trkpt>
      <trkpt lat="-24.176791" lon="-47.936286">
        <ele>417.498763</ele>
        <time>2026-10-07T23:26:33.689Z</time>
      </trkpt>
      <trkpt lat="-24.176966" lon="-47.936436">
        <ele>417.642338</ele>
        <time>2026-10-07T23:26:37.260Z</time>
      </trkpt>
      <trkpt lat="-24.177050" lon="-47.936555">
        <ele>417.731051</ele>
        <time>2026-10-07T23:26:39.414Z</time>
      </trkpt>
      <trkpt lat="-24.177153" lon="-47.936587">
        <ele>417.800242</ele>
        <time>2026-10-07T23:26:41.078Z</time>
      </trkpt>
      <trkpt lat="-24.177269" lon="-47.936560">
        <ele>417.876883</ele>
        <time>2026-10-07T23:26:42.946Z</time>
      </trkpt>
      <trkpt lat="-24.177574" lon="-47.936403">
        <ele>418.094656</ele>
        <time>2026-10-07T23:26:48.826Z</time>
      </trkpt>
      <trkpt lat="-24.177803" lon="-47.936416">
        <ele>418.666142</ele>
        <time>2026-10-07T23:26:53.681Z</time>
      </trkpt>
      <trkpt lat="-24.177974" lon="-47.936484">
        <ele>419.730237</ele>
        <time>2026-10-07T23:26:58.813Z</time>
      </trkpt>
      <trkpt lat="-24.178192" lon="-47.936636">
        <ele>421.241602</ele>
        <time>2026-10-07T23:27:08.174Z</time>
      </trkpt>
      <trkpt lat="-24.178295" lon="-47.936853">
        <ele>422.547007</ele>
        <time>2026-10-07T23:27:18.336Z</time>
      </trkpt>
      <trkpt lat="-24.178388" lon="-47.937267">
        <ele>424.822341</ele>
        <time>2026-10-07T23:27:38.800Z</time>
      </trkpt>
      <trkpt lat="-24.178328" lon="-47.937674">
        <ele>427.022501</ele>
        <time>2026-10-07T23:28:00.645Z</time>
      </trkpt>
      <trkpt lat="-24.178187" lon="-47.937963">
        <ele>428.757348</ele>
        <time>2026-10-07T23:28:17.509Z</time>
      </trkpt>
      <trkpt lat="-24.178210" lon="-47.938105">
        <ele>429.344568</ele>
        <time>2026-10-07T23:28:24.459Z</time>
      </trkpt>
      <trkpt lat="-24.178283" lon="-47.938151">
        <ele>429.720381</ele>
        <time>2026-10-07T23:28:28.624Z</time>
      </trkpt>
      <trkpt lat="-24.178909" lon="-47.938070">
        <ele>432.533748</ele>
        <time>2026-10-07T23:28:52.771Z</time>
      </trkpt>
      <trkpt lat="-24.179117" lon="-47.938130">
        <ele>433.493701</ele>
        <time>2026-10-07T23:28:58.307Z</time>
      </trkpt>
      <trkpt lat="-24.179406" lon="-47.938385">
        <ele>435.149527</ele>
        <time>2026-10-07T23:29:06.776Z</time>
      </trkpt>
      <trkpt lat="-24.179987" lon="-47.939068">
        <ele>440.451814</ele>
        <time>2026-10-07T23:29:40.083Z</time>
      </trkpt>
      <trkpt lat="-24.180146" lon="-47.939384">
        <ele>442.917414</ele>
        <time>2026-10-07T23:29:58.411Z</time>
      </trkpt>
      <trkpt lat="-24.180250" lon="-47.940214">
        <ele>448.641378</ele>
        <time>2026-10-07T23:30:42.415Z</time>
      </trkpt>
      <trkpt lat="-24.180617" lon="-47.941800">
        <ele>460.606276</ele>
        <time>2026-10-07T23:32:02.353Z</time>
      </trkpt>
      <trkpt lat="-24.180698" lon="-47.943026">
        <ele>468.625886</ele>
        <time>2026-10-07T23:32:58.848Z</time>
      </trkpt>
      <trkpt lat="-24.180856" lon="-47.944308">
        <ele>476.112076</ele>
        <time>2026-10-07T23:33:49.310Z</time>
      </trkpt>
      <trkpt lat="-24.180934" lon="-47.944603">
        <ele>478.456171</ele>
        <time>2026-10-07T23:34:00.873Z</time>
      </trkpt>
      <trkpt lat="-24.181162" lon="-47.945119">
        <ele>482.881692</ele>
        <time>2026-10-07T23:34:26.163Z</time>
      </trkpt>
      <trkpt lat="-24.181188" lon="-47.945396">
        <ele>485.031089</ele>
        <time>2026-10-07T23:34:40.180Z</time>
      </trkpt>
      <trkpt lat="-24.181149" lon="-47.945564">
        <ele>486.369176</ele>
        <time>2026-10-07T23:34:49.279Z</time>
      </trkpt>
      <trkpt lat="-24.181076" lon="-47.945720">
        <ele>487.722490</ele>
        <time>2026-10-07T23:34:58.870Z</time>
      </trkpt>
      <trkpt lat="-24.180568" lon="-47.946177">
        <ele>494.027982</ele>
        <time>2026-10-07T23:35:41.401Z</time>
      </trkpt>
      <trkpt lat="-24.180475" lon="-47.946314">
        <ele>495.870646</ele>
        <time>2026-10-07T23:35:51.974Z</time>
      </trkpt>
      <trkpt lat="-24.180393" lon="-47.946661">
        <ele>499.738521</ele>
        <time>2026-10-07T23:36:14.183Z</time>
      </trkpt>
      <trkpt lat="-24.180273" lon="-47.946813">
        <ele>501.907570</ele>
        <time>2026-10-07T23:36:26.241Z</time>
      </trkpt>
      <trkpt lat="-24.179903" lon="-47.947146">
        <ele>507.570144</ele>
        <time>2026-10-07T23:36:57.022Z</time>
      </trkpt>
      <trkpt lat="-24.179218" lon="-47.947654">
        <ele>518.115117</ele>
        <time>2026-10-07T23:37:57.598Z</time>
      </trkpt>
      <trkpt lat="-24.179013" lon="-47.947713">
        <ele>521.031705</ele>
        <time>2026-10-07T23:38:15.391Z</time>
      </trkpt>
      <trkpt lat="-24.178812" lon="-47.947698">
        <ele>523.804040</ele>
        <time>2026-10-07T23:38:32.878Z</time>
      </trkpt>
      <trkpt lat="-24.178402" lon="-47.947351">
        <ele>530.931970</ele>
        <time>2026-10-07T23:39:16.205Z</time>
      </trkpt>
      <trkpt lat="-24.178237" lon="-47.947320">
        <ele>533.235621</ele>
        <time>2026-10-07T23:39:29.655Z</time>
      </trkpt>
      <trkpt lat="-24.177877" lon="-47.947370">
        <ele>537.683727</ele>
        <time>2026-10-07T23:39:56.458Z</time>
      </trkpt>
      <trkpt lat="-24.177112" lon="-47.947411">
        <ele>540.971609</ele>
        <time>2026-10-07T23:40:34.140Z</time>
      </trkpt>
      <trkpt lat="-24.176908" lon="-47.947477">
        <ele>541.884679</ele>
        <time>2026-10-07T23:40:40.265Z</time>
      </trkpt>
      <trkpt lat="-24.176474" lon="-47.947681">
        <ele>543.911805</ele>
        <time>2026-10-07T23:40:49.769Z</time>
      </trkpt>
      <trkpt lat="-24.176338" lon="-47.947776">
        <ele>544.604088</ele>
        <time>2026-10-07T23:40:52.535Z</time>
      </trkpt>
      <trkpt lat="-24.176225" lon="-47.947932">
        <ele>545.245762</ele>
        <time>2026-10-07T23:40:55.538Z</time>
      </trkpt>
      <trkpt lat="-24.175929" lon="-47.948718">
        <ele>546.541675</ele>
        <time>2026-10-07T23:41:09.266Z</time>
      </trkpt>
      <trkpt lat="-24.175888" lon="-47.949084">
        <ele>547.103651</ele>
        <time>2026-10-07T23:41:18.546Z</time>
      </trkpt>
      <trkpt lat="-24.175898" lon="-47.949427">
        <ele>547.626652</ele>
        <time>2026-10-07T23:41:29.119Z</time>
      </trkpt>
      <trkpt lat="-24.175960" lon="-47.949700">
        <ele>548.055403</ele>
        <time>2026-10-07T23:41:38.996Z</time>
      </trkpt>
      <trkpt lat="-24.175931" lon="-47.949934">
        <ele>549.107639</ele>
        <time>2026-10-07T23:41:48.090Z</time>
      </trkpt>
      <trkpt lat="-24.175884" lon="-47.950025">
        <ele>549.703054</ele>
        <time>2026-10-07T23:41:52.376Z</time>
      </trkpt>
      <trkpt lat="-24.174735" lon="-47.951074">
        <ele>559.035890</ele>
        <time>2026-10-07T23:43:02.492Z</time>
      </trkpt>
      <trkpt lat="-24.174591" lon="-47.951273">
        <ele>560.659385</ele>
        <time>2026-10-07T23:43:12.879Z</time>
      </trkpt>
      <trkpt lat="-24.174535" lon="-47.951448">
        <ele>561.886416</ele>
        <time>2026-10-07T23:43:20.710Z</time>
      </trkpt>
      <trkpt lat="-24.174546" lon="-47.952100">
        <ele>566.201039</ele>
        <time>2026-10-07T23:43:49.828Z</time>
      </trkpt>
      <trkpt lat="-24.174503" lon="-47.952303">
        <ele>567.579895</ele>
        <time>2026-10-07T23:43:59.577Z</time>
      </trkpt>
      <trkpt lat="-24.173909" lon="-47.953196">
        <ele>573.661230</ele>
        <time>2026-10-07T23:44:52.326Z</time>
      </trkpt>
      <trkpt lat="-24.173819" lon="-47.953518">
        <ele>574.774352</ele>
        <time>2026-10-07T23:45:06.363Z</time>
      </trkpt>
      <trkpt lat="-24.173728" lon="-47.954197">
        <ele>577.042710</ele>
        <time>2026-10-07T23:45:27.724Z</time>
      </trkpt>
      <trkpt lat="-24.173526" lon="-47.954743">
        <ele>578.945518</ele>
        <time>2026-10-07T23:45:38.495Z</time>
      </trkpt>
      <trkpt lat="-24.173330" lon="-47.955519">
        <ele>578.720275</ele>
        <time>2026-10-07T23:45:50.363Z</time>
      </trkpt>
      <trkpt lat="-24.173017" lon="-47.956318">
        <ele>578.477029</ele>
        <time>2026-10-07T23:46:05.133Z</time>
      </trkpt>
      <trkpt lat="-24.173009" lon="-47.956622">
        <ele>578.391818</ele>
        <time>2026-10-07T23:46:12.144Z</time>
      </trkpt>
      <trkpt lat="-24.173061" lon="-47.956868">
        <ele>578.319459</ele>
        <time>2026-10-07T23:46:18.383Z</time>
      </trkpt>
      <trkpt lat="-24.173161" lon="-47.957109">
        <ele>578.243593</ele>
        <time>2026-10-07T23:46:24.811Z</time>
      </trkpt>
      <trkpt lat="-24.173469" lon="-47.957559">
        <ele>578.082390</ele>
        <time>2026-10-07T23:46:37.257Z</time>
      </trkpt>
      <trkpt lat="-24.173532" lon="-47.957838">
        <ele>578.000030</ele>
        <time>2026-10-07T23:46:42.367Z</time>
      </trkpt>
      <trkpt lat="-24.173475" lon="-47.958029">
        <ele>577.942445</ele>
        <time>2026-10-07T23:46:45.519Z</time>
      </trkpt>
      <trkpt lat="-24.173147" lon="-47.958245">
        <ele>577.679834</ele>
        <time>2026-10-07T23:46:51.376Z</time>
      </trkpt>
      <trkpt lat="-24.173052" lon="-47.958379">
        <ele>576.957823</ele>
        <time>2026-10-07T23:46:53.596Z</time>
      </trkpt>
      <trkpt lat="-24.173043" lon="-47.958621">
        <ele>575.927369</ele>
        <time>2026-10-07T23:46:56.662Z</time>
      </trkpt>
      <trkpt lat="-24.173157" lon="-47.959160">
        <ele>573.573354</ele>
        <time>2026-10-07T23:47:03.440Z</time>
      </trkpt>
      <trkpt lat="-24.173109" lon="-47.959908">
        <ele>570.383097</ele>
        <time>2026-10-07T23:47:12.509Z</time>
      </trkpt>
      <trkpt lat="-24.173032" lon="-47.960094">
        <ele>569.514092</ele>
        <time>2026-10-07T23:47:14.998Z</time>
      </trkpt>
      <trkpt lat="-24.172648" lon="-47.960597">
        <ele>567.927585</ele>
        <time>2026-10-07T23:47:23.149Z</time>
      </trkpt>
      <trkpt lat="-24.172548" lon="-47.960845">
        <ele>567.284417</ele>
        <time>2026-10-07T23:47:26.653Z</time>
      </trkpt>
      <trkpt lat="-24.172452" lon="-47.961268">
        <ele>566.250454</ele>
        <time>2026-10-07T23:47:32.634Z</time>
      </trkpt>
      <trkpt lat="-24.172364" lon="-47.961863">
        <ele>564.820649</ele>
        <time>2026-10-07T23:47:42.580Z</time>
      </trkpt>
      <trkpt lat="-24.172346" lon="-47.962485">
        <ele>566.083692</ele>
        <time>2026-10-07T23:47:58.011Z</time>
      </trkpt>
      <trkpt lat="-24.172364" lon="-47.962774">
        <ele>566.718693</ele>
        <time>2026-10-07T23:48:06.466Z</time>
      </trkpt>
      <trkpt lat="-24.172522" lon="-47.963290">
        <ele>567.911844</ele>
        <time>2026-10-07T23:48:23.118Z</time>
      </trkpt>
      <trkpt lat="-24.172519" lon="-47.963544">
        <ele>568.468691</ele>
        <time>2026-10-07T23:48:30.911Z</time>
      </trkpt>
      <trkpt lat="-24.172426" lon="-47.963749">
        <ele>568.970572</ele>
        <time>2026-10-07T23:48:37.880Z</time>
      </trkpt>
      <trkpt lat="-24.172242" lon="-47.963969">
        <ele>569.741482</ele>
        <time>2026-10-07T23:48:46.852Z</time>
      </trkpt>
      <trkpt lat="-24.171871" lon="-47.964209">
        <ele>571.002326</ele>
        <time>2026-10-07T23:49:00.652Z</time>
      </trkpt>
      <trkpt lat="-24.171791" lon="-47.964331">
        <ele>571.403504</ele>
        <time>2026-10-07T23:49:04.935Z</time>
      </trkpt>
      <trkpt lat="-24.171734" lon="-47.964514">
        <ele>571.919840</ele>
        <time>2026-10-07T23:49:10.413Z</time>
      </trkpt>
      <trkpt lat="-24.171600" lon="-47.965580">
        <ele>574.833060</ele>
        <time>2026-10-07T23:49:41.124Z</time>
      </trkpt>
      <trkpt lat="-24.171463" lon="-47.965972">
        <ele>576.055858</ele>
        <time>2026-10-07T23:49:53.660Z</time>
      </trkpt>
      <trkpt lat="-24.171303" lon="-47.966128">
        <ele>576.739585</ele>
        <time>2026-10-07T23:50:00.868Z</time>
      </trkpt>
      <trkpt lat="-24.170630" lon="-47.966571">
        <ele>579.246118</ele>
        <time>2026-10-07T23:50:27.977Z</time>
      </trkpt>
      <trkpt lat="-24.170509" lon="-47.966720">
        <ele>579.827191</ele>
        <time>2026-10-07T23:50:33.993Z</time>
      </trkpt>
      <trkpt lat="-24.170095" lon="-47.967410">
        <ele>583.021150</ele>
        <time>2026-10-07T23:50:57.138Z</time>
      </trkpt>
      <trkpt lat="-24.169606" lon="-47.967894">
        <ele>585.901279</ele>
        <time>2026-10-07T23:51:21.345Z</time>
      </trkpt>
      <trkpt lat="-24.169524" lon="-47.968093">
        <ele>586.772111</ele>
        <time>2026-10-07T23:51:30.131Z</time>
      </trkpt>
      <trkpt lat="-24.169512" lon="-47.968473">
        <ele>588.482011</ele>
        <time>2026-10-07T23:51:46.737Z</time>
      </trkpt>
      <trkpt lat="-24.169553" lon="-47.968633">
        <ele>589.534639</ele>
        <time>2026-10-07T23:51:54.007Z</time>
      </trkpt>
      <trkpt lat="-24.170026" lon="-47.969268">
        <ele>594.726883</ele>
        <time>2026-10-07T23:52:29.899Z</time>
      </trkpt>
      <trkpt lat="-24.170087" lon="-47.969443">
        <ele>595.913444</ele>
        <time>2026-10-07T23:52:38.382Z</time>
      </trkpt>
      <trkpt lat="-24.170277" lon="-47.970255">
        <ele>601.058045</ele>
        <time>2026-10-07T23:53:16.931Z</time>
      </trkpt>
      <trkpt lat="-24.170375" lon="-47.970439">
        <ele>602.120932</ele>
        <time>2026-10-07T23:53:25.883Z</time>
      </trkpt>
      <trkpt lat="-24.170491" lon="-47.970529">
        <ele>602.898050</ele>
        <time>2026-10-07T23:53:32.173Z</time>
      </trkpt>
      <trkpt lat="-24.171090" lon="-47.970726">
        <ele>606.317675</ele>
        <time>2026-10-07T23:54:01.457Z</time>
      </trkpt>
      <trkpt lat="-24.171157" lon="-47.970831">
        <ele>606.956889</ele>
        <time>2026-10-07T23:54:07.094Z</time>
      </trkpt>
      <trkpt lat="-24.171171" lon="-47.971040">
        <ele>608.002323</ele>
        <time>2026-10-07T23:54:16.244Z</time>
      </trkpt>
      <trkpt lat="-24.171112" lon="-47.971410">
        <ele>609.876105</ele>
        <time>2026-10-07T23:54:29.622Z</time>
      </trkpt>
      <trkpt lat="-24.171149" lon="-47.971526">
        <ele>610.246029</ele>
        <time>2026-10-07T23:54:32.877Z</time>
      </trkpt>
      <trkpt lat="-24.171245" lon="-47.971702">
        <ele>610.071079</ele>
        <time>2026-10-07T23:54:36.963Z</time>
      </trkpt>
      <trkpt lat="-24.171479" lon="-47.971947">
        <ele>609.768459</ele>
        <time>2026-10-07T23:54:41.906Z</time>
      </trkpt>
      <trkpt lat="-24.171507" lon="-47.972060">
        <ele>609.668557</ele>
        <time>2026-10-07T23:54:43.466Z</time>
      </trkpt>
      <trkpt lat="-24.171499" lon="-47.972167">
        <ele>609.576961</ele>
        <time>2026-10-07T23:54:44.892Z</time>
      </trkpt>
      <trkpt lat="-24.171147" lon="-47.972564">
        <ele>609.104643</ele>
        <time>2026-10-07T23:54:52.246Z</time>
      </trkpt>
      <trkpt lat="-24.171046" lon="-47.972847">
        <ele>608.845376</ele>
        <time>2026-10-07T23:54:56.306Z</time>
      </trkpt>
      <trkpt lat="-24.171130" lon="-47.974572">
        <ele>611.656158</ele>
        <time>2026-10-07T23:55:34.332Z</time>
      </trkpt>
      <trkpt lat="-24.171044" lon="-47.975491">
        <ele>616.237054</ele>
        <time>2026-10-07T23:56:10.848Z</time>
      </trkpt>
      <trkpt lat="-24.171063" lon="-47.975699">
        <ele>618.079014</ele>
        <time>2026-10-07T23:56:21.737Z</time>
      </trkpt>
      <trkpt lat="-24.171171" lon="-47.975980">
        <ele>620.765797</ele>
        <time>2026-10-07T23:56:39.600Z</time>
      </trkpt>
      <trkpt lat="-24.171452" lon="-47.976476">
        <ele>625.910406</ele>
        <time>2026-10-07T23:57:18.059Z</time>
      </trkpt>
      <trkpt lat="-24.171886" lon="-47.977007">
        <ele>631.009636</ele>
        <time>2026-10-07T23:58:01.979Z</time>
      </trkpt>
      <trkpt lat="-24.171928" lon="-47.977182">
        <ele>631.677004</ele>
        <time>2026-10-07T23:58:11.522Z</time>
      </trkpt>
      <trkpt lat="-24.171894" lon="-47.978786">
        <ele>637.454544</ele>
        <time>2026-10-07T23:58:53.568Z</time>
      </trkpt>
      <trkpt lat="-24.172107" lon="-47.979196">
        <ele>637.720862</ele>
        <time>2026-10-07T23:59:00.545Z</time>
      </trkpt>
      <trkpt lat="-24.172167" lon="-47.980101">
        <ele>638.233039</ele>
        <time>2026-10-07T23:59:17.335Z</time>
      </trkpt>
      <trkpt lat="-24.172205" lon="-47.980299">
        <ele>638.347246</ele>
        <time>2026-10-07T23:59:22.303Z</time>
      </trkpt>
      <trkpt lat="-24.172352" lon="-47.980646">
        <ele>638.495560</ele>
        <time>2026-10-07T23:59:32.278Z</time>
      </trkpt>
      <trkpt lat="-24.172626" lon="-47.981098">
        <ele>637.818753</ele>
        <time>2026-10-07T23:59:46.006Z</time>
      </trkpt>
      <trkpt lat="-24.172762" lon="-47.981550">
        <ele>637.225175</ele>
        <time>2026-10-07T23:59:57.416Z</time>
      </trkpt>
      <trkpt lat="-24.172878" lon="-47.982764">
        <ele>633.787821</ele>
        <time>2026-10-08T00:00:12.935Z</time>
      </trkpt>
      <trkpt lat="-24.172850" lon="-47.982958">
        <ele>632.310000</ele>
        <time>2026-10-08T00:00:15.147Z</time>
      </trkpt>
      <trkpt lat="-24.172731" lon="-47.983065">
        <ele>631.040619</ele>
        <time>2026-10-08T00:00:17.037Z</time>
      </trkpt>
      <trkpt lat="-24.172577" lon="-47.983064">
        <ele>629.770524</ele>
        <time>2026-10-08T00:00:18.920Z</time>
      </trkpt>
      <trkpt lat="-24.172387" lon="-47.982945">
        <ele>627.965786</ele>
        <time>2026-10-08T00:00:21.583Z</time>
      </trkpt>
      <trkpt lat="-24.172290" lon="-47.982774">
        <ele>626.450742</ele>
        <time>2026-10-08T00:00:23.819Z</time>
      </trkpt>
      <trkpt lat="-24.172239" lon="-47.981893">
        <ele>620.546534</ele>
        <time>2026-10-08T00:00:33.680Z</time>
      </trkpt>
      <trkpt lat="-24.172184" lon="-47.981797">
        <ele>620.130382</ele>
        <time>2026-10-08T00:00:34.998Z</time>
      </trkpt>
      <trkpt lat="-24.171996" lon="-47.981676">
        <ele>619.253115</ele>
        <time>2026-10-08T00:00:37.858Z</time>
      </trkpt>
      <trkpt lat="-24.171618" lon="-47.981594">
        <ele>617.702578</ele>
        <time>2026-10-08T00:00:43.165Z</time>
      </trkpt>
      <trkpt lat="-24.171501" lon="-47.981453">
        <ele>617.002875</ele>
        <time>2026-10-08T00:00:45.680Z</time>
      </trkpt>
      <trkpt lat="-24.171263" lon="-47.980918">
        <ele>614.817783</ele>
        <time>2026-10-08T00:00:54.230Z</time>
      </trkpt>
      <trkpt lat="-24.170807" lon="-47.980522">
        <ele>615.222711</ele>
        <time>2026-10-08T00:01:06.070Z</time>
      </trkpt>
      <trkpt lat="-24.170753" lon="-47.980396">
        <ele>615.625756</ele>
        <time>2026-10-08T00:01:09.653Z</time>
      </trkpt>
      <trkpt lat="-24.170763" lon="-47.979935">
        <ele>616.960834</ele>
        <time>2026-10-08T00:01:24.160Z</time>
      </trkpt>
      <trkpt lat="-24.170694" lon="-47.979773">
        <ele>617.478457</ele>
        <time>2026-10-08T00:01:30.589Z</time>
      </trkpt>
      <trkpt lat="-24.170611" lon="-47.979648">
        <ele>617.926064</ele>
        <time>2026-10-08T00:01:36.381Z</time>
      </trkpt>
      <trkpt lat="-24.170301" lon="-47.979412">
        <ele>619.123840</ele>
        <time>2026-10-08T00:01:52.220Z</time>
      </trkpt>
      <trkpt lat="-24.169962" lon="-47.979218">
        <ele>620.675021</ele>
        <time>2026-10-08T00:02:07.864Z</time>
      </trkpt>
      <trkpt lat="-24.169661" lon="-47.978998">
        <ele>622.450717</ele>
        <time>2026-10-08T00:02:22.049Z</time>
      </trkpt>
      <trkpt lat="-24.169575" lon="-47.978830">
        <ele>623.313336</ele>
        <time>2026-10-08T00:02:28.668Z</time>
      </trkpt>
      <trkpt lat="-24.169480" lon="-47.978422">
        <ele>625.198888</ele>
        <time>2026-10-08T00:02:42.097Z</time>
      </trkpt>
      <trkpt lat="-24.169325" lon="-47.978224">
        <ele>626.367167</ele>
        <time>2026-10-08T00:02:49.921Z</time>
      </trkpt>
      <trkpt lat="-24.168952" lon="-47.977661">
        <ele>631.117340</ele>
        <time>2026-10-08T00:03:15.735Z</time>
      </trkpt>
      <trkpt lat="-24.168735" lon="-47.977495">
        <ele>634.686883</ele>
        <time>2026-10-08T00:03:30.574Z</time>
      </trkpt>
      <trkpt lat="-24.168603" lon="-47.977449">
        <ele>636.555274</ele>
        <time>2026-10-08T00:03:39.508Z</time>
      </trkpt>
      <trkpt lat="-24.168485" lon="-47.977449">
        <ele>638.146991</ele>
        <time>2026-10-08T00:03:47.819Z</time>
      </trkpt>
      <trkpt lat="-24.168409" lon="-47.977489">
        <ele>639.284228</ele>
        <time>2026-10-08T00:03:54.009Z</time>
      </trkpt>
      <trkpt lat="-24.168321" lon="-47.977598">
        <ele>641.075462</ele>
        <time>2026-10-08T00:04:04.340Z</time>
      </trkpt>
      <trkpt lat="-24.168203" lon="-47.977924">
        <ele>645.391680</ele>
        <time>2026-10-08T00:04:31.449Z</time>
      </trkpt>
      <trkpt lat="-24.168190" lon="-47.978248">
        <ele>649.382926</ele>
        <time>2026-10-08T00:04:59.382Z</time>
      </trkpt>
      <trkpt lat="-24.168213" lon="-47.978502">
        <ele>652.524203</ele>
        <time>2026-10-08T00:05:22.538Z</time>
      </trkpt>
      <trkpt lat="-24.168264" lon="-47.978761">
        <ele>656.221372</ele>
        <time>2026-10-08T00:05:47.279Z</time>
      </trkpt>
      <trkpt lat="-24.168437" lon="-47.979225">
        <ele>663.294872</ele>
        <time>2026-10-08T00:06:33.763Z</time>
      </trkpt>
      <trkpt lat="-24.168469" lon="-47.979907">
        <ele>672.931767</ele>
        <time>2026-10-08T00:07:28.503Z</time>
      </trkpt>
      <trkpt lat="-24.168460" lon="-47.980400">
        <ele>679.890224</ele>
        <time>2026-10-08T00:07:57.724Z</time>
      </trkpt>
      <trkpt lat="-24.168401" lon="-47.980673">
        <ele>681.580347</ele>
        <time>2026-10-08T00:08:11.122Z</time>
      </trkpt>
      <trkpt lat="-24.168306" lon="-47.980778">
        <ele>682.196118</ele>
        <time>2026-10-08T00:08:17.365Z</time>
      </trkpt>
      <trkpt lat="-24.168206" lon="-47.980836">
        <ele>682.712496</ele>
        <time>2026-10-08T00:08:22.231Z</time>
      </trkpt>
      <trkpt lat="-24.168101" lon="-47.980818">
        <ele>683.197558</ele>
        <time>2026-10-08T00:08:26.596Z</time>
      </trkpt>
      <trkpt lat="-24.167803" lon="-47.980708">
        <ele>684.632736</ele>
        <time>2026-10-08T00:08:38.028Z</time>
      </trkpt>
      <trkpt lat="-24.167605" lon="-47.980715">
        <ele>685.536909</ele>
        <time>2026-10-08T00:08:44.480Z</time>
      </trkpt>
      <trkpt lat="-24.167393" lon="-47.980950">
        <ele>686.913080</ele>
        <time>2026-10-08T00:08:53.335Z</time>
      </trkpt>
      <trkpt lat="-24.167272" lon="-47.981333">
        <ele>688.600852</ele>
        <time>2026-10-08T00:09:03.342Z</time>
      </trkpt>
      <trkpt lat="-24.167143" lon="-47.981384">
        <ele>688.921364</ele>
        <time>2026-10-08T00:09:07.141Z</time>
      </trkpt>
      <trkpt lat="-24.166891" lon="-47.981369">
        <ele>689.164075</ele>
        <time>2026-10-08T00:09:14.332Z</time>
      </trkpt>
      <trkpt lat="-24.166762" lon="-47.981385">
        <ele>689.288928</ele>
        <time>2026-10-08T00:09:18.022Z</time>
      </trkpt>
      <trkpt lat="-24.166664" lon="-47.981470">
        <ele>689.409116</ele>
        <time>2026-10-08T00:09:21.414Z</time>
      </trkpt>
      <trkpt lat="-24.166442" lon="-47.981775">
        <ele>689.751464</ele>
        <time>2026-10-08T00:09:30.603Z</time>
      </trkpt>
      <trkpt lat="-24.166348" lon="-47.981781">
        <ele>689.842018</ele>
        <time>2026-10-08T00:09:32.970Z</time>
      </trkpt>
      <trkpt lat="-24.166187" lon="-47.981729">
        <ele>690.003438</ele>
        <time>2026-10-08T00:09:37.143Z</time>
      </trkpt>
      <trkpt lat="-24.165607" lon="-47.981489">
        <ele>690.517698</ele>
        <time>2026-10-08T00:09:50.224Z</time>
      </trkpt>
      <trkpt lat="-24.165472" lon="-47.981511">
        <ele>690.290793</ele>
        <time>2026-10-08T00:09:52.649Z</time>
      </trkpt>
      <trkpt lat="-24.165097" lon="-47.981768">
        <ele>689.555513</ele>
        <time>2026-10-08T00:09:59.783Z</time>
      </trkpt>
      <trkpt lat="-24.164939" lon="-47.981810">
        <ele>689.285223</ele>
        <time>2026-10-08T00:10:02.225Z</time>
      </trkpt>
      <trkpt lat="-24.164795" lon="-47.981777">
        <ele>689.040646</ele>
        <time>2026-10-08T00:10:04.410Z</time>
      </trkpt>
      <trkpt lat="-24.164664" lon="-47.981651">
        <ele>688.750890</ele>
        <time>2026-10-08T00:10:07.009Z</time>
      </trkpt>
      <trkpt lat="-24.164434" lon="-47.980801">
        <ele>688.159349</ele>
        <time>2026-10-08T00:10:19.512Z</time>
      </trkpt>
      <trkpt lat="-24.164331" lon="-47.980600">
        <ele>689.329661</ele>
        <time>2026-10-08T00:10:23.019Z</time>
      </trkpt>
      <trkpt lat="-24.163987" lon="-47.980252">
        <ele>691.934388</ele>
        <time>2026-10-08T00:10:34.048Z</time>
      </trkpt>
      <trkpt lat="-24.163585" lon="-47.979266">
        <ele>697.416915</ele>
        <time>2026-10-08T00:11:29.940Z</time>
      </trkpt>
      <trkpt lat="-24.163438" lon="-47.979075">
        <ele>700.129108</ele>
        <time>2026-10-08T00:11:47.589Z</time>
      </trkpt>
      <trkpt lat="-24.163313" lon="-47.978983">
        <ele>702.068155</ele>
        <time>2026-10-08T00:11:59.660Z</time>
      </trkpt>
      <trkpt lat="-24.162751" lon="-47.978832">
        <ele>709.519998</ele>
        <time>2026-10-08T00:12:46.995Z</time>
      </trkpt>
      <trkpt lat="-24.162138" lon="-47.978860">
        <ele>717.421184</ele>
        <time>2026-10-08T00:13:34.294Z</time>
      </trkpt>
      <trkpt lat="-24.161911" lon="-47.978922">
        <ele>720.433938</ele>
        <time>2026-10-08T00:13:50.140Z</time>
      </trkpt>
      <trkpt lat="-24.161149" lon="-47.979350">
        <ele>724.819189</ele>
        <time>2026-10-08T00:14:35.076Z</time>
      </trkpt>
      <trkpt lat="-24.160894" lon="-47.979545">
        <ele>726.340371</ele>
        <time>2026-10-08T00:14:45.962Z</time>
      </trkpt>
      <trkpt lat="-24.160518" lon="-47.980020">
        <ele>729.147390</ele>
        <time>2026-10-08T00:14:59.967Z</time>
      </trkpt>
      <trkpt lat="-24.160358" lon="-47.980188">
        <ele>729.352509</ele>
        <time>2026-10-08T00:15:03.894Z</time>
      </trkpt>
      <trkpt lat="-24.159660" lon="-47.980653">
        <ele>728.194403</ele>
        <time>2026-10-08T00:15:16.272Z</time>
      </trkpt>
      <trkpt lat="-24.159145" lon="-47.981209">
        <ele>727.169475</ele>
        <time>2026-10-08T00:15:27.524Z</time>
      </trkpt>
      <trkpt lat="-24.158969" lon="-47.981317">
        <ele>727.123809</ele>
        <time>2026-10-08T00:15:31.469Z</time>
      </trkpt>
      <trkpt lat="-24.158443" lon="-47.981424">
        <ele>727.931794</ele>
        <time>2026-10-08T00:15:44.709Z</time>
      </trkpt>
      <trkpt lat="-24.158227" lon="-47.981589">
        <ele>728.329439</ele>
        <time>2026-10-08T00:15:52.142Z</time>
      </trkpt>
      <trkpt lat="-24.158080" lon="-47.981810">
        <ele>728.706317</ele>
        <time>2026-10-08T00:15:59.531Z</time>
      </trkpt>
      <trkpt lat="-24.157924" lon="-47.981925">
        <ele>728.990261</ele>
        <time>2026-10-08T00:16:05.222Z</time>
      </trkpt>
      <trkpt lat="-24.157276" lon="-47.982053">
        <ele>730.047665</ele>
        <time>2026-10-08T00:16:24.851Z</time>
      </trkpt>
      <trkpt lat="-24.157164" lon="-47.982133">
        <ele>730.296944</ele>
        <time>2026-10-08T00:16:28.753Z</time>
      </trkpt>
      <trkpt lat="-24.157085" lon="-47.982262">
        <ele>730.561271</ele>
        <time>2026-10-08T00:16:32.847Z</time>
      </trkpt>
      <trkpt lat="-24.157044" lon="-47.982629">
        <ele>731.190331</ele>
        <time>2026-10-08T00:16:42.412Z</time>
      </trkpt>
      <trkpt lat="-24.156997" lon="-47.982710">
        <ele>731.353647</ele>
        <time>2026-10-08T00:16:44.860Z</time>
      </trkpt>
      <trkpt lat="-24.156217" lon="-47.983039">
        <ele>732.912066</ele>
        <time>2026-10-08T00:17:07.521Z</time>
      </trkpt>
      <trkpt lat="-24.156104" lon="-47.983138">
        <ele>733.166668</ele>
        <time>2026-10-08T00:17:11.231Z</time>
      </trkpt>
      <trkpt lat="-24.156070" lon="-47.983310">
        <ele>733.425454</ele>
        <time>2026-10-08T00:17:15.299Z</time>
      </trkpt>
      <trkpt lat="-24.156181" lon="-47.984030">
        <ele>734.499192</ele>
        <time>2026-10-08T00:17:31.378Z</time>
      </trkpt>
      <trkpt lat="-24.156124" lon="-47.984198">
        <ele>734.762755</ele>
        <time>2026-10-08T00:17:35.389Z</time>
      </trkpt>
      <trkpt lat="-24.155990" lon="-47.984350">
        <ele>735.073548</ele>
        <time>2026-10-08T00:17:40.337Z</time>
      </trkpt>
      <trkpt lat="-24.155731" lon="-47.984451">
        <ele>735.516582</ele>
        <time>2026-10-08T00:17:47.969Z</time>
      </trkpt>
      <trkpt lat="-24.155387" lon="-47.984499">
        <ele>736.081923</ele>
        <time>2026-10-08T00:17:58.594Z</time>
      </trkpt>
      <trkpt lat="-24.155194" lon="-47.984417">
        <ele>736.435797</ele>
        <time>2026-10-08T00:18:05.255Z</time>
      </trkpt>
      <trkpt lat="-24.154967" lon="-47.984073">
        <ele>737.098021</ele>
        <time>2026-10-08T00:18:17.591Z</time>
      </trkpt>
      <trkpt lat="-24.154798" lon="-47.983962">
        <ele>737.434850</ele>
        <time>2026-10-08T00:18:23.559Z</time>
      </trkpt>
      <trkpt lat="-24.154566" lon="-47.983947">
        <ele>737.832161</ele>
        <time>2026-10-08T00:18:30.046Z</time>
      </trkpt>
      <trkpt lat="-24.154342" lon="-47.984044">
        <ele>738.243915</ele>
        <time>2026-10-08T00:18:36.196Z</time>
      </trkpt>
      <trkpt lat="-24.154173" lon="-47.984356">
        <ele>738.809899</ele>
        <time>2026-10-08T00:18:43.571Z</time>
      </trkpt>
      <trkpt lat="-24.154177" lon="-47.984587">
        <ele>739.148939</ele>
        <time>2026-10-08T00:18:47.870Z</time>
      </trkpt>
      <trkpt lat="-24.154291" lon="-47.984895">
        <ele>739.579894</ele>
        <time>2026-10-08T00:18:53.851Z</time>
      </trkpt>
      <trkpt lat="-24.154543" lon="-47.985208">
        <ele>740.121123</ele>
        <time>2026-10-08T00:19:01.717Z</time>
      </trkpt>
      <trkpt lat="-24.154560" lon="-47.985427">
        <ele>740.406101</ele>
        <time>2026-10-08T00:19:06.300Z</time>
      </trkpt>
      <trkpt lat="-24.154370" lon="-47.985726">
        <ele>740.878531</ele>
        <time>2026-10-08T00:19:14.952Z</time>
      </trkpt>
      <trkpt lat="-24.154106" lon="-47.985981">
        <ele>741.378581</ele>
        <time>2026-10-08T00:19:25.780Z</time>
      </trkpt>
      <trkpt lat="-24.154027" lon="-47.986088">
        <ele>741.557045</ele>
        <time>2026-10-08T00:19:29.985Z</time>
      </trkpt>
      <trkpt lat="-24.153947" lon="-47.986749">
        <ele>744.159763</ele>
        <time>2026-10-08T00:19:52.414Z</time>
      </trkpt>
      <trkpt lat="-24.153782" lon="-47.987227">
        <ele>746.223634</ele>
        <time>2026-10-08T00:20:10.128Z</time>
      </trkpt>
      <trkpt lat="-24.152963" lon="-47.988590">
        <ele>754.122244</ele>
        <time>2026-10-08T00:21:10.569Z</time>
      </trkpt>
      <trkpt lat="-24.152811" lon="-47.988693">
        <ele>755.231093</ele>
        <time>2026-10-08T00:21:18.598Z</time>
      </trkpt>
      <trkpt lat="-24.152261" lon="-47.988767">
        <ele>758.669346</ele>
        <time>2026-10-08T00:21:44.310Z</time>
      </trkpt>
      <trkpt lat="-24.152116" lon="-47.988838">
        <ele>759.654756</ele>
        <time>2026-10-08T00:21:52.105Z</time>
      </trkpt>
      <trkpt lat="-24.151970" lon="-47.988958">
        <ele>760.816116</ele>
        <time>2026-10-08T00:22:01.261Z</time>
      </trkpt>
      <trkpt lat="-24.151641" lon="-47.989380">
        <ele>765.324969</ele>
        <time>2026-10-08T00:22:27.952Z</time>
      </trkpt>
      <trkpt lat="-24.151291" lon="-47.990142">
        <ele>772.254877</ele>
        <time>2026-10-08T00:23:13.082Z</time>
      </trkpt>
      <trkpt lat="-24.151161" lon="-47.990361">
        <ele>774.377191</ele>
        <time>2026-10-08T00:23:27.561Z</time>
      </trkpt>
      <trkpt lat="-24.150772" lon="-47.990752">
        <ele>778.413986</ele>
        <time>2026-10-08T00:23:58.963Z</time>
      </trkpt>
      <trkpt lat="-24.150494" lon="-47.990882">
        <ele>780.344340</ele>
        <time>2026-10-08T00:24:15.708Z</time>
      </trkpt>
      <trkpt lat="-24.150147" lon="-47.990962">
        <ele>782.609003</ele>
        <time>2026-10-08T00:24:33.331Z</time>
      </trkpt>
      <trkpt lat="-24.149974" lon="-47.990910">
        <ele>783.754692</ele>
        <time>2026-10-08T00:24:41.132Z</time>
      </trkpt>
      <trkpt lat="-24.149721" lon="-47.990709">
        <ele>785.750420</ele>
        <time>2026-10-08T00:24:52.873Z</time>
      </trkpt>
      <trkpt lat="-24.149563" lon="-47.990686">
        <ele>786.768369</ele>
        <time>2026-10-08T00:24:58.079Z</time>
      </trkpt>
      <trkpt lat="-24.149425" lon="-47.990744">
        <ele>787.712313</ele>
        <time>2026-10-08T00:25:02.624Z</time>
      </trkpt>
      <trkpt lat="-24.149165" lon="-47.990972">
        <ele>789.667604</ele>
        <time>2026-10-08T00:25:12.730Z</time>
      </trkpt>
      <trkpt lat="-24.149006" lon="-47.990976">
        <ele>790.575807</ele>
        <time>2026-10-08T00:25:18.087Z</time>
      </trkpt>
      <trkpt lat="-24.148643" lon="-47.990697">
        <ele>793.107687</ele>
        <time>2026-10-08T00:25:35.423Z</time>
      </trkpt>
      <trkpt lat="-24.148398" lon="-47.990710">
        <ele>794.508390</ele>
        <time>2026-10-08T00:25:46.483Z</time>
      </trkpt>
      <trkpt lat="-24.148290" lon="-47.990830">
        <ele>795.386651</ele>
        <time>2026-10-08T00:25:53.888Z</time>
      </trkpt>
      <trkpt lat="-24.148026" lon="-47.991424">
        <ele>798.714338</ele>
        <time>2026-10-08T00:26:25.421Z</time>
      </trkpt>
      <trkpt lat="-24.147713" lon="-47.991676">
        <ele>800.177494</ele>
        <time>2026-10-08T00:26:47.156Z</time>
      </trkpt>
      <trkpt lat="-24.146996" lon="-47.991966">
        <ele>803.056710</ele>
        <time>2026-10-08T00:27:22.102Z</time>
      </trkpt>
      <trkpt lat="-24.146863" lon="-47.992072">
        <ele>803.676245</ele>
        <time>2026-10-08T00:27:26.728Z</time>
      </trkpt>
      <trkpt lat="-24.146517" lon="-47.992467">
        <ele>804.543901</ele>
        <time>2026-10-08T00:27:34.626Z</time>
      </trkpt>
      <trkpt lat="-24.146414" lon="-47.992487">
        <ele>803.565795</ele>
        <time>2026-10-08T00:27:36.041Z</time>
      </trkpt>
      <trkpt lat="-24.146221" lon="-47.992454">
        <ele>801.739310</ele>
        <time>2026-10-08T00:27:38.548Z</time>
      </trkpt>
      <trkpt lat="-24.146096" lon="-47.992458">
        <ele>800.569996</ele>
        <time>2026-10-08T00:27:40.110Z</time>
      </trkpt>
      <trkpt lat="-24.145879" lon="-47.992526">
        <ele>798.459608</ele>
        <time>2026-10-08T00:27:42.859Z</time>
      </trkpt>
      <trkpt lat="-24.145788" lon="-47.992499">
        <ele>797.578075</ele>
        <time>2026-10-08T00:27:44.000Z</time>
      </trkpt>
      <trkpt lat="-24.145594" lon="-47.992386">
        <ele>795.523758</ele>
        <time>2026-10-08T00:27:46.594Z</time>
      </trkpt>
      <trkpt lat="-24.145467" lon="-47.992272">
        <ele>793.988721</ele>
        <time>2026-10-08T00:27:48.531Z</time>
      </trkpt>
      <trkpt lat="-24.145395" lon="-47.992120">
        <ele>792.527460</ele>
        <time>2026-10-08T00:27:50.360Z</time>
      </trkpt>
      <trkpt lat="-24.145302" lon="-47.991205">
        <ele>786.420457</ele>
        <time>2026-10-08T00:28:00.438Z</time>
      </trkpt>
      <trkpt lat="-24.145239" lon="-47.991082">
        <ele>785.774100</ele>
        <time>2026-10-08T00:28:02.063Z</time>
      </trkpt>
      <trkpt lat="-24.144637" lon="-47.990908">
        <ele>782.647618</ele>
        <time>2026-10-08T00:28:10.482Z</time>
      </trkpt>
      <trkpt lat="-24.144448" lon="-47.990800">
        <ele>781.577223</ele>
        <time>2026-10-08T00:28:13.962Z</time>
      </trkpt>
      <trkpt lat="-24.144356" lon="-47.990600">
        <ele>780.550871</ele>
        <time>2026-10-08T00:28:18.144Z</time>
      </trkpt>
      <trkpt lat="-24.144327" lon="-47.990275">
        <ele>779.448139</ele>
        <time>2026-10-08T00:28:25.399Z</time>
      </trkpt>
      <trkpt lat="-24.144246" lon="-47.990153">
        <ele>779.508586</ele>
        <time>2026-10-08T00:28:28.815Z</time>
      </trkpt>
      <trkpt lat="-24.143532" lon="-47.989802">
        <ele>779.852162</ele>
        <time>2026-10-08T00:28:47.759Z</time>
      </trkpt>
      <trkpt lat="-24.143346" lon="-47.989735">
        <ele>779.938123</ele>
        <time>2026-10-08T00:28:52.502Z</time>
      </trkpt>
      <trkpt lat="-24.143158" lon="-47.989786">
        <ele>780.023156</ele>
        <time>2026-10-08T00:28:57.138Z</time>
      </trkpt>
      <trkpt lat="-24.142991" lon="-47.989883">
        <ele>780.106139</ele>
        <time>2026-10-08T00:29:01.415Z</time>
      </trkpt>
      <trkpt lat="-24.142491" lon="-47.990433">
        <ele>779.501130</ele>
        <time>2026-10-08T00:29:14.220Z</time>
      </trkpt>
      <trkpt lat="-24.142057" lon="-47.990807">
        <ele>778.691151</ele>
        <time>2026-10-08T00:29:22.610Z</time>
      </trkpt>
      <trkpt lat="-24.141884" lon="-47.991111">
        <ele>778.211525</ele>
        <time>2026-10-08T00:29:27.532Z</time>
      </trkpt>
      <trkpt lat="-24.141691" lon="-47.991632">
        <ele>777.624192</ele>
        <time>2026-10-08T00:29:35.777Z</time>
      </trkpt>
      <trkpt lat="-24.141689" lon="-47.991889">
        <ele>777.803631</ele>
        <time>2026-10-08T00:29:40.107Z</time>
      </trkpt>
      <trkpt lat="-24.141733" lon="-47.992079">
        <ele>777.940490</ele>
        <time>2026-10-08T00:29:43.892Z</time>
      </trkpt>
      <trkpt lat="-24.142511" lon="-47.993505">
        <ele>778.747030</ele>
        <time>2026-10-08T00:30:25.518Z</time>
      </trkpt>
      <trkpt lat="-24.142613" lon="-47.993826">
        <ele>778.449554</ele>
        <time>2026-10-08T00:30:31.128Z</time>
      </trkpt>
      <trkpt lat="-24.142633" lon="-47.993985">
        <ele>778.309086</ele>
        <time>2026-10-08T00:30:33.572Z</time>
      </trkpt>
      <trkpt lat="-24.142529" lon="-47.994403">
        <ele>777.929909</ele>
        <time>2026-10-08T00:30:39.735Z</time>
      </trkpt>
      <trkpt lat="-24.142425" lon="-47.994638">
        <ele>777.701332</ele>
        <time>2026-10-08T00:30:43.269Z</time>
      </trkpt>
      <trkpt lat="-24.142265" lon="-47.994799">
        <ele>777.493004</ele>
        <time>2026-10-08T00:30:46.396Z</time>
      </trkpt>
      <trkpt lat="-24.140518" lon="-47.995696">
        <ele>778.713208</ele>
        <time>2026-10-08T00:31:23.534Z</time>
      </trkpt>
      <trkpt lat="-24.140300" lon="-47.995878">
        <ele>779.713245</ele>
        <time>2026-10-08T00:31:36.501Z</time>
      </trkpt>
      <trkpt lat="-24.140007" lon="-47.996284">
        <ele>783.133756</ele>
        <time>2026-10-08T00:32:01.328Z</time>
      </trkpt>
      <trkpt lat="-24.139750" lon="-47.996535">
        <ele>785.626682</ele>
        <time>2026-10-08T00:32:21.121Z</time>
      </trkpt>
      <trkpt lat="-24.139491" lon="-47.996628">
        <ele>787.600343</ele>
        <time>2026-10-08T00:32:37.259Z</time>
      </trkpt>
      <trkpt lat="-24.138601" lon="-47.996709">
        <ele>793.317276</ele>
        <time>2026-10-08T00:33:21.226Z</time>
      </trkpt>
      <trkpt lat="-24.138405" lon="-47.996780">
        <ele>794.299620</ele>
        <time>2026-10-08T00:33:29.504Z</time>
      </trkpt>
      <trkpt lat="-24.137938" lon="-47.997048">
        <ele>796.808230</ele>
        <time>2026-10-08T00:33:49.398Z</time>
      </trkpt>
      <trkpt lat="-24.137810" lon="-47.997232">
        <ele>797.812961</ele>
        <time>2026-10-08T00:33:57.029Z</time>
      </trkpt>
      <trkpt lat="-24.137532" lon="-47.997854">
        <ele>800.789385</ele>
        <time>2026-10-08T00:34:18.726Z</time>
      </trkpt>
      <trkpt lat="-24.137419" lon="-47.997916">
        <ele>801.341561</ele>
        <time>2026-10-08T00:34:22.933Z</time>
      </trkpt>
      <trkpt lat="-24.136885" lon="-47.997984">
        <ele>803.690527</ele>
        <time>2026-10-08T00:34:40.593Z</time>
      </trkpt>
      <trkpt lat="-24.136278" lon="-47.998193">
        <ele>806.470605</ele>
        <time>2026-10-08T00:35:03.097Z</time>
      </trkpt>
      <trkpt lat="-24.136086" lon="-47.998179">
        <ele>807.311386</ele>
        <time>2026-10-08T00:35:10.785Z</time>
      </trkpt>
      <trkpt lat="-24.135949" lon="-47.998115">
        <ele>807.962122</ele>
        <time>2026-10-08T00:35:16.996Z</time>
      </trkpt>
      <trkpt lat="-24.135900" lon="-47.997973">
        <ele>808.833225</ele>
        <time>2026-10-08T00:35:23.078Z</time>
      </trkpt>
      <trkpt lat="-24.135918" lon="-47.997855">
        <ele>809.780149</ele>
        <time>2026-10-08T00:35:28.012Z</time>
      </trkpt>
      <trkpt lat="-24.136494" lon="-47.996274">
        <ele>823.254052</ele>
        <time>2026-10-08T00:36:58.500Z</time>
      </trkpt>
      <trkpt lat="-24.136508" lon="-47.996072">
        <ele>824.300926</ele>
        <time>2026-10-08T00:37:10.555Z</time>
      </trkpt>
      <trkpt lat="-24.136372" lon="-47.995420">
        <ele>826.525148</ele>
        <time>2026-10-08T00:37:43.917Z</time>
      </trkpt>
      <trkpt lat="-24.136268" lon="-47.995239">
        <ele>827.236462</ele>
        <time>2026-10-08T00:37:51.959Z</time>
      </trkpt>
      <trkpt lat="-24.136128" lon="-47.995187">
        <ele>827.775164</ele>
        <time>2026-10-08T00:37:57.132Z</time>
      </trkpt>
      <trkpt lat="-24.135987" lon="-47.995171">
        <ele>828.291746</ele>
        <time>2026-10-08T00:38:01.203Z</time>
      </trkpt>
      <trkpt lat="-24.135678" lon="-47.995283">
        <ele>829.477811</ele>
        <time>2026-10-08T00:38:07.296Z</time>
      </trkpt>
      <trkpt lat="-24.135549" lon="-47.995296">
        <ele>829.949899</ele>
        <time>2026-10-08T00:38:09.246Z</time>
      </trkpt>
      <trkpt lat="-24.135361" lon="-47.995258">
        <ele>830.213017</ele>
        <time>2026-10-08T00:38:11.917Z</time>
      </trkpt>
      <trkpt lat="-24.134884" lon="-47.995071">
        <ele>827.939684</ele>
        <time>2026-10-08T00:38:18.609Z</time>
      </trkpt>
      <trkpt lat="-24.134738" lon="-47.995047">
        <ele>827.277198</ele>
        <time>2026-10-08T00:38:20.542Z</time>
      </trkpt>
      <trkpt lat="-24.134424" lon="-47.995201">
        <ele>825.733473</ele>
        <time>2026-10-08T00:38:25.102Z</time>
      </trkpt>
      <trkpt lat="-24.133653" lon="-47.995737">
        <ele>821.643558</ele>
        <time>2026-10-08T00:38:37.836Z</time>
      </trkpt>
      <trkpt lat="-24.133404" lon="-47.995785">
        <ele>820.520299</ele>
        <time>2026-10-08T00:38:41.481Z</time>
      </trkpt>
      <trkpt lat="-24.133104" lon="-47.995702">
        <ele>819.145614</ele>
        <time>2026-10-08T00:38:45.863Z</time>
      </trkpt>
      <trkpt lat="-24.132816" lon="-47.995454">
        <ele>817.518249</ele>
        <time>2026-10-08T00:38:50.900Z</time>
      </trkpt>
      <trkpt lat="-24.132653" lon="-47.995167">
        <ele>816.147650</ele>
        <time>2026-10-08T00:38:55.047Z</time>
      </trkpt>
      <trkpt lat="-24.132591" lon="-47.994978">
        <ele>815.333334</ele>
        <time>2026-10-08T00:38:57.492Z</time>
      </trkpt>
      <trkpt lat="-24.132682" lon="-47.994672">
        <ele>814.187594</ele>
        <time>2026-10-08T00:39:01.440Z</time>
      </trkpt>
      <trkpt lat="-24.132968" lon="-47.994308">
        <ele>813.097421</ele>
        <time>2026-10-08T00:39:07.471Z</time>
      </trkpt>
      <trkpt lat="-24.132980" lon="-47.994043">
        <ele>812.495219</ele>
        <time>2026-10-08T00:39:10.937Z</time>
      </trkpt>
      <trkpt lat="-24.132918" lon="-47.993833">
        <ele>811.994267</ele>
        <time>2026-10-08T00:39:13.920Z</time>
      </trkpt>
      <trkpt lat="-24.132563" lon="-47.993380">
        <ele>810.639046</ele>
        <time>2026-10-08T00:39:22.674Z</time>
      </trkpt>
      <trkpt lat="-24.131840" lon="-47.992848">
        <ele>809.908164</ele>
        <time>2026-10-08T00:39:42.829Z</time>
      </trkpt>
      <trkpt lat="-24.131591" lon="-47.992805">
        <ele>809.904458</ele>
        <time>2026-10-08T00:39:49.134Z</time>
      </trkpt>
      <trkpt lat="-24.131364" lon="-47.992850">
        <ele>809.901065</ele>
        <time>2026-10-08T00:39:54.523Z</time>
      </trkpt>
      <trkpt lat="-24.131077" lon="-47.992860">
        <ele>809.896843</ele>
        <time>2026-10-08T00:40:00.448Z</time>
      </trkpt>
      <trkpt lat="-24.130867" lon="-47.992755">
        <ele>809.893448</ele>
        <time>2026-10-08T00:40:04.828Z</time>
      </trkpt>
      <trkpt lat="-24.130527" lon="-47.992729">
        <ele>809.246521</ele>
        <time>2026-10-08T00:40:10.752Z</time>
      </trkpt>
      <trkpt lat="-24.130315" lon="-47.992778">
        <ele>808.115894</ele>
        <time>2026-10-08T00:40:14.178Z</time>
      </trkpt>
      <trkpt lat="-24.130174" lon="-47.992932">
        <ele>807.077024</ele>
        <time>2026-10-08T00:40:17.160Z</time>
      </trkpt>
      <trkpt lat="-24.129876" lon="-47.993536">
        <ele>803.807129</ele>
        <time>2026-10-08T00:40:25.910Z</time>
      </trkpt>
      <trkpt lat="-24.129524" lon="-47.994337">
        <ele>798.249427</ele>
        <time>2026-10-08T00:40:36.027Z</time>
      </trkpt>
      <trkpt lat="-24.129406" lon="-47.994493">
        <ele>795.912504</ele>
        <time>2026-10-08T00:40:38.236Z</time>
      </trkpt>
      <trkpt lat="-24.129266" lon="-47.994621">
        <ele>793.608171</ele>
        <time>2026-10-08T00:40:40.383Z</time>
      </trkpt>
      <trkpt lat="-24.129120" lon="-47.994704">
        <ele>791.529483</ele>
        <time>2026-10-08T00:40:42.317Z</time>
      </trkpt>
      <trkpt lat="-24.129017" lon="-47.994723">
        <ele>790.209460</ele>
        <time>2026-10-08T00:40:43.537Z</time>
      </trkpt>
      <trkpt lat="-24.128932" lon="-47.994705">
        <ele>789.115360</ele>
        <time>2026-10-08T00:40:44.552Z</time>
      </trkpt>
      <trkpt lat="-24.128819" lon="-47.994633">
        <ele>787.463380</ele>
        <time>2026-10-08T00:40:46.069Z</time>
      </trkpt>
      <trkpt lat="-24.128739" lon="-47.994530">
        <ele>785.903421</ele>
        <time>2026-10-08T00:40:47.501Z</time>
      </trkpt>
      <trkpt lat="-24.128226" lon="-47.993646">
        <ele>775.656599</ele>
        <time>2026-10-08T00:40:58.732Z</time>
      </trkpt>
      <trkpt lat="-24.127208" lon="-47.991676">
        <ele>763.829438</ele>
        <time>2026-10-08T00:41:26.969Z</time>
      </trkpt>
      <trkpt lat="-24.127088" lon="-47.991500">
        <ele>763.217627</ele>
        <time>2026-10-08T00:41:30.130Z</time>
      </trkpt>
      <trkpt lat="-24.126915" lon="-47.991418">
        <ele>762.642455</ele>
        <time>2026-10-08T00:41:33.112Z</time>
      </trkpt>
      <trkpt lat="-24.126765" lon="-47.991416">
        <ele>762.184708</ele>
        <time>2026-10-08T00:41:35.452Z</time>
      </trkpt>
      <trkpt lat="-24.126105" lon="-47.991431">
        <ele>760.170335</ele>
        <time>2026-10-08T00:41:45.569Z</time>
      </trkpt>
      <trkpt lat="-24.125738" lon="-47.991323">
        <ele>759.763372</ele>
        <time>2026-10-08T00:41:51.393Z</time>
      </trkpt>
      <trkpt lat="-24.125215" lon="-47.991061">
        <ele>759.208470</ele>
        <time>2026-10-08T00:42:00.574Z</time>
      </trkpt>
      <trkpt lat="-24.124972" lon="-47.990888">
        <ele>758.928844</ele>
        <time>2026-10-08T00:42:05.453Z</time>
      </trkpt>
      <trkpt lat="-24.124069" lon="-47.990116">
        <ele>759.684338</ele>
        <time>2026-10-08T00:42:32.223Z</time>
      </trkpt>
      <trkpt lat="-24.123933" lon="-47.989939">
        <ele>760.167169</ele>
        <time>2026-10-08T00:42:38.743Z</time>
      </trkpt>
      <trkpt lat="-24.123758" lon="-47.989527">
        <ele>761.115481</ele>
        <time>2026-10-08T00:42:51.991Z</time>
      </trkpt>
      <trkpt lat="-24.123570" lon="-47.989286">
        <ele>761.777075</ele>
        <time>2026-10-08T00:43:01.487Z</time>
      </trkpt>
      <trkpt lat="-24.122977" lon="-47.988955">
        <ele>763.397129</ele>
        <time>2026-10-08T00:43:23.854Z</time>
      </trkpt>
      <trkpt lat="-24.122707" lon="-47.988843">
        <ele>764.137371</ele>
        <time>2026-10-08T00:43:33.814Z</time>
      </trkpt>
      <trkpt lat="-24.122315" lon="-47.988750">
        <ele>765.165765</ele>
        <time>2026-10-08T00:43:47.535Z</time>
      </trkpt>
      <trkpt lat="-24.121460" lon="-47.988735">
        <ele>766.835109</ele>
        <time>2026-10-08T00:44:11.826Z</time>
      </trkpt>
      <trkpt lat="-24.121312" lon="-47.988810">
        <ele>766.405612</ele>
        <time>2026-10-08T00:44:15.165Z</time>
      </trkpt>
      <trkpt lat="-24.121027" lon="-47.989128">
        <ele>765.334212</ele>
        <time>2026-10-08T00:44:22.100Z</time>
      </trkpt>
      <trkpt lat="-24.120805" lon="-47.989231">
        <ele>764.699215</ele>
        <time>2026-10-08T00:44:25.747Z</time>
      </trkpt>
      <trkpt lat="-24.120306" lon="-47.989199">
        <ele>763.382633</ele>
        <time>2026-10-08T00:44:32.696Z</time>
      </trkpt>
      <trkpt lat="-24.119235" lon="-47.989278">
        <ele>760.507885</ele>
        <time>2026-10-08T00:44:46.947Z</time>
      </trkpt>
      <trkpt lat="-24.118667" lon="-47.989246">
        <ele>758.970530</ele>
        <time>2026-10-08T00:44:55.152Z</time>
      </trkpt>
      <trkpt lat="-24.118150" lon="-47.989158">
        <ele>757.556296</ele>
        <time>2026-10-08T00:45:04.553Z</time>
      </trkpt>
      <trkpt lat="-24.117160" lon="-47.988893">
        <ele>762.514731</ele>
        <time>2026-10-08T00:45:41.595Z</time>
      </trkpt>
      <trkpt lat="-24.116351" lon="-47.988570">
        <ele>766.842930</ele>
        <time>2026-10-08T00:46:25.466Z</time>
      </trkpt>
      <trkpt lat="-24.116111" lon="-47.988443">
        <ele>768.203638</ele>
        <time>2026-10-08T00:46:39.523Z</time>
      </trkpt>
      <trkpt lat="-24.115931" lon="-47.988306">
        <ele>769.322577</ele>
        <time>2026-10-08T00:46:50.885Z</time>
      </trkpt>
      <trkpt lat="-24.115304" lon="-47.987565">
        <ele>774.030984</ele>
        <time>2026-10-08T00:47:29.456Z</time>
      </trkpt>
      <trkpt lat="-24.114879" lon="-47.987208">
        <ele>775.454865</ele>
        <time>2026-10-08T00:47:43.613Z</time>
      </trkpt>
      <trkpt lat="-24.114432" lon="-47.986969">
        <ele>774.828654</ele>
        <time>2026-10-08T00:47:52.436Z</time>
      </trkpt>
      <trkpt lat="-24.114121" lon="-47.986832">
        <ele>774.406642</ele>
        <time>2026-10-08T00:47:57.597Z</time>
      </trkpt>
      <trkpt lat="-24.113424" lon="-47.986677">
        <ele>773.511227</ele>
        <time>2026-10-08T00:48:08.169Z</time>
      </trkpt>
      <trkpt lat="-24.113024" lon="-47.986707">
        <ele>772.464084</ele>
        <time>2026-10-08T00:48:14.222Z</time>
      </trkpt>
      <trkpt lat="-24.112704" lon="-47.986827">
        <ele>771.517057</ele>
        <time>2026-10-08T00:48:19.395Z</time>
      </trkpt>
      <trkpt lat="-24.112494" lon="-47.986972">
        <ele>770.822029</ele>
        <time>2026-10-08T00:48:23.214Z</time>
      </trkpt>
      <trkpt lat="-24.112389" lon="-47.986994">
        <ele>770.522702</ele>
        <time>2026-10-08T00:48:24.845Z</time>
      </trkpt>
      <trkpt lat="-24.112239" lon="-47.986967">
        <ele>770.097074</ele>
        <time>2026-10-08T00:48:27.166Z</time>
      </trkpt>
      <trkpt lat="-24.112129" lon="-47.986889">
        <ele>769.730194</ele>
        <time>2026-10-08T00:48:29.146Z</time>
      </trkpt>
      <trkpt lat="-24.112019" lon="-47.986709">
        <ele>769.176584</ele>
        <time>2026-10-08T00:48:32.085Z</time>
      </trkpt>
      <trkpt lat="-24.111902" lon="-47.986627">
        <ele>768.787690</ele>
        <time>2026-10-08T00:48:34.118Z</time>
      </trkpt>
      <trkpt lat="-24.111770" lon="-47.986603">
        <ele>768.412833</ele>
        <time>2026-10-08T00:48:36.059Z</time>
      </trkpt>
      <trkpt lat="-24.110672" lon="-47.986801">
        <ele>763.491330</ele>
        <time>2026-10-08T00:48:51.627Z</time>
      </trkpt>
      <trkpt lat="-24.110514" lon="-47.986798">
        <ele>762.792433</ele>
        <time>2026-10-08T00:48:53.766Z</time>
      </trkpt>
      <trkpt lat="-24.109869" lon="-47.986569">
        <ele>759.609094</ele>
        <time>2026-10-08T00:49:02.819Z</time>
      </trkpt>
      <trkpt lat="-24.109614" lon="-47.986504">
        <ele>758.129582</ele>
        <time>2026-10-08T00:49:06.288Z</time>
      </trkpt>
      <trkpt lat="-24.109281" lon="-47.986488">
        <ele>756.245967</ele>
        <time>2026-10-08T00:49:10.752Z</time>
      </trkpt>
      <trkpt lat="-24.108946" lon="-47.986508">
        <ele>754.350050</ele>
        <time>2026-10-08T00:49:15.258Z</time>
      </trkpt>
      <trkpt lat="-24.108693" lon="-47.986524">
        <ele>752.917949</ele>
        <time>2026-10-08T00:49:18.646Z</time>
      </trkpt>
      <trkpt lat="-24.108543" lon="-47.986473">
        <ele>752.030407</ele>
        <time>2026-10-08T00:49:20.706Z</time>
      </trkpt>
      <trkpt lat="-24.108401" lon="-47.986346">
        <ele>750.994518</ele>
        <time>2026-10-08T00:49:23.082Z</time>
      </trkpt>
      <trkpt lat="-24.108216" lon="-47.985775">
        <ele>748.923903</ele>
        <time>2026-10-08T00:49:30.159Z</time>
      </trkpt>
      <trkpt lat="-24.108158" lon="-47.985417">
        <ele>747.864130</ele>
        <time>2026-10-08T00:49:34.584Z</time>
      </trkpt>
      <trkpt lat="-24.108031" lon="-47.985207">
        <ele>747.129886</ele>
        <time>2026-10-08T00:49:37.741Z</time>
      </trkpt>
      <trkpt lat="-24.107879" lon="-47.985099">
        <ele>746.551373</ele>
        <time>2026-10-08T00:49:40.317Z</time>
      </trkpt>
      <trkpt lat="-24.107710" lon="-47.985048">
        <ele>745.991618</ele>
        <time>2026-10-08T00:49:42.944Z</time>
      </trkpt>
      <trkpt lat="-24.107622" lon="-47.985021">
        <ele>745.699802</ele>
        <time>2026-10-08T00:49:44.352Z</time>
      </trkpt>
      <trkpt lat="-24.106831" lon="-47.984804">
        <ele>748.108705</ele>
        <time>2026-10-08T00:50:07.024Z</time>
      </trkpt>
      <trkpt lat="-24.106685" lon="-47.984830">
        <ele>749.263907</ele>
        <time>2026-10-08T00:50:14.521Z</time>
      </trkpt>
      <trkpt lat="-24.106527" lon="-47.984904">
        <ele>750.605892</ele>
        <time>2026-10-08T00:50:24.330Z</time>
      </trkpt>
      <trkpt lat="-24.106428" lon="-47.984970">
        <ele>751.510969</ele>
        <time>2026-10-08T00:50:31.433Z</time>
      </trkpt>
      <trkpt lat="-24.106283" lon="-47.985121">
        <ele>753.073373</ele>
        <time>2026-10-08T00:50:44.104Z</time>
      </trkpt>
      <trkpt lat="-24.106179" lon="-47.985290">
        <ele>754.526351</ele>
        <time>2026-10-08T00:50:56.390Z</time>
      </trkpt>
      <trkpt lat="-24.106096" lon="-47.985773">
        <ele>758.030019</ele>
        <time>2026-10-08T00:51:27.894Z</time>
      </trkpt>
      <trkpt lat="-24.105760" lon="-47.987333">
        <ele>767.937113</ele>
        <time>2026-10-08T00:52:54.085Z</time>
      </trkpt>
      <trkpt lat="-24.105702" lon="-47.987448">
        <ele>768.742698</ele>
        <time>2026-10-08T00:52:57.211Z</time>
      </trkpt>
      <trkpt lat="-24.105576" lon="-47.987487">
        <ele>769.622196</ele>
        <time>2026-10-08T00:52:59.872Z</time>
      </trkpt>
      <trkpt lat="-24.105435" lon="-47.987477">
        <ele>770.571302</ele>
        <time>2026-10-08T00:53:02.187Z</time>
      </trkpt>
      <trkpt lat="-24.105362" lon="-47.987418">
        <ele>770.427253</ele>
        <time>2026-10-08T00:53:03.567Z</time>
      </trkpt>
      <trkpt lat="-24.105260" lon="-47.987302">
        <ele>769.929695</ele>
        <time>2026-10-08T00:53:05.639Z</time>
      </trkpt>
      <trkpt lat="-24.105229" lon="-47.987134">
        <ele>769.400225</ele>
        <time>2026-10-08T00:53:07.746Z</time>
      </trkpt>
      <trkpt lat="-24.105228" lon="-47.986980">
        <ele>768.924488</ele>
        <time>2026-10-08T00:53:09.591Z</time>
      </trkpt>
      <trkpt lat="-24.105318" lon="-47.986699">
        <ele>768.004559</ele>
        <time>2026-10-08T00:53:13.071Z</time>
      </trkpt>
      <trkpt lat="-24.105440" lon="-47.986463">
        <ele>767.166732</ele>
        <time>2026-10-08T00:53:16.270Z</time>
      </trkpt>
      <trkpt lat="-24.105538" lon="-47.986161">
        <ele>766.176620</ele>
        <time>2026-10-08T00:53:20.213Z</time>
      </trkpt>
      <trkpt lat="-24.105527" lon="-47.986028">
        <ele>765.764084</ele>
        <time>2026-10-08T00:53:21.968Z</time>
      </trkpt>
      <trkpt lat="-24.105450" lon="-47.985906">
        <ele>765.305894</ele>
        <time>2026-10-08T00:53:24.002Z</time>
      </trkpt>
      <trkpt lat="-24.105335" lon="-47.985851">
        <ele>764.881238</ele>
        <time>2026-10-08T00:53:25.996Z</time>
      </trkpt>
      <trkpt lat="-24.105220" lon="-47.985882">
        <ele>764.699565</ele>
        <time>2026-10-08T00:53:28.008Z</time>
      </trkpt>
      <trkpt lat="-24.105112" lon="-47.985953">
        <ele>765.105892</ele>
        <time>2026-10-08T00:53:30.340Z</time>
      </trkpt>
      <trkpt lat="-24.104894" lon="-47.986209">
        <ele>766.136851</ele>
        <time>2026-10-08T00:53:37.740Z</time>
      </trkpt>
      <trkpt lat="-24.104848" lon="-47.986235">
        <ele>766.303835</ele>
        <time>2026-10-08T00:53:39.089Z</time>
      </trkpt>
      <trkpt lat="-24.104754" lon="-47.986244">
        <ele>766.608237</ele>
        <time>2026-10-08T00:53:41.751Z</time>
      </trkpt>
      <trkpt lat="-24.104685" lon="-47.986221">
        <ele>766.840908</ele>
        <time>2026-10-08T00:53:43.850Z</time>
      </trkpt>
      <trkpt lat="-24.104616" lon="-47.986178">
        <ele>767.096998</ele>
        <time>2026-10-08T00:53:46.349Z</time>
      </trkpt>
      <trkpt lat="-24.104281" lon="-47.985335">
        <ele>769.804445</ele>
        <time>2026-10-08T00:54:18.110Z</time>
      </trkpt>
      <trkpt lat="-24.104159" lon="-47.985161">
        <ele>770.598307</ele>
        <time>2026-10-08T00:54:27.420Z</time>
      </trkpt>
      <trkpt lat="-24.104004" lon="-47.985084">
        <ele>772.610560</ele>
        <time>2026-10-08T00:54:36.058Z</time>
      </trkpt>
      <trkpt lat="-24.103859" lon="-47.985087">
        <ele>774.325269</ele>
        <time>2026-10-08T00:54:44.158Z</time>
      </trkpt>
      <trkpt lat="-24.103571" lon="-47.985205">
        <ele>777.960783</ele>
        <time>2026-10-08T00:55:03.391Z</time>
      </trkpt>
      <trkpt lat="-24.103241" lon="-47.985414">
        <ele>782.467619</ele>
        <time>2026-10-08T00:55:31.102Z</time>
      </trkpt>
      <trkpt lat="-24.103112" lon="-47.985580">
        <ele>784.820499</ele>
        <time>2026-10-08T00:55:47.132Z</time>
      </trkpt>
      <trkpt lat="-24.103084" lon="-47.985747">
        <ele>786.653016</ele>
        <time>2026-10-08T00:55:59.889Z</time>
      </trkpt>
      <trkpt lat="-24.103104" lon="-47.986708">
        <ele>797.152988</ele>
        <time>2026-10-08T00:57:09.140Z</time>
      </trkpt>
      <trkpt lat="-24.103028" lon="-47.987094">
        <ele>801.514481</ele>
        <time>2026-10-08T00:57:34.097Z</time>
      </trkpt>
      <trkpt lat="-24.102871" lon="-47.987559">
        <ele>806.990576</ele>
        <time>2026-10-08T00:58:03.931Z</time>
      </trkpt>
      <trkpt lat="-24.102799" lon="-47.987854">
        <ele>810.363373</ele>
        <time>2026-10-08T00:58:21.822Z</time>
      </trkpt>
      <trkpt lat="-24.102808" lon="-47.988084">
        <ele>812.906104</ele>
        <time>2026-10-08T00:58:35.027Z</time>
      </trkpt>
      <trkpt lat="-24.102846" lon="-47.988266">
        <ele>814.149158</ele>
        <time>2026-10-08T00:58:45.693Z</time>
      </trkpt>
      <trkpt lat="-24.103169" lon="-47.988945">
        <ele>818.116999</ele>
        <time>2026-10-08T00:59:26.851Z</time>
      </trkpt>
      <trkpt lat="-24.103227" lon="-47.989289">
        <ele>819.929821</ele>
        <time>2026-10-08T00:59:41.960Z</time>
      </trkpt>
      <trkpt lat="-24.103225" lon="-47.989466">
        <ele>820.847135</ele>
        <time>2026-10-08T00:59:47.989Z</time>
      </trkpt>
      <trkpt lat="-24.103167" lon="-47.989630">
        <ele>821.758568</ele>
        <time>2026-10-08T00:59:52.816Z</time>
      </trkpt>
      <trkpt lat="-24.103016" lon="-47.989786">
        <ele>822.936880</ele>
        <time>2026-10-08T00:59:57.315Z</time>
      </trkpt>
      <trkpt lat="-24.102677" lon="-47.989811">
        <ele>823.135093</ele>
        <time>2026-10-08T01:00:02.488Z</time>
      </trkpt>
      <trkpt lat="-24.102460" lon="-47.989783">
        <ele>822.629336</ele>
        <time>2026-10-08T01:00:05.508Z</time>
      </trkpt>
      <trkpt lat="-24.102378" lon="-47.989719">
        <ele>822.396289</ele>
        <time>2026-10-08T01:00:06.866Z</time>
      </trkpt>
      <trkpt lat="-24.102296" lon="-47.989580">
        <ele>822.046605</ele>
        <time>2026-10-08T01:00:08.895Z</time>
      </trkpt>
      <trkpt lat="-24.102199" lon="-47.989086">
        <ele>820.978967</ele>
        <time>2026-10-08T01:00:15.182Z</time>
      </trkpt>
      <trkpt lat="-24.102052" lon="-47.988956">
        <ele>820.541679</ele>
        <time>2026-10-08T01:00:17.900Z</time>
      </trkpt>
      <trkpt lat="-24.101911" lon="-47.988926">
        <ele>820.209211</ele>
        <time>2026-10-08T01:00:20.080Z</time>
      </trkpt>
      <trkpt lat="-24.101724" lon="-47.988994">
        <ele>819.753144</ele>
        <time>2026-10-08T01:00:23.358Z</time>
      </trkpt>
      <trkpt lat="-24.101363" lon="-47.989309">
        <ele>820.686589</ele>
        <time>2026-10-08T01:00:34.875Z</time>
      </trkpt>
      <trkpt lat="-24.101003" lon="-47.989390">
        <ele>821.996286</ele>
        <time>2026-10-08T01:00:48.374Z</time>
      </trkpt>
      <trkpt lat="-24.100453" lon="-47.989359">
        <ele>823.958892</ele>
        <time>2026-10-08T01:01:11.551Z</time>
      </trkpt>
      <trkpt lat="-24.100283" lon="-47.989373">
        <ele>824.566424</ele>
        <time>2026-10-08T01:01:18.588Z</time>
      </trkpt>
      <trkpt lat="-24.099990" lon="-47.989516">
        <ele>825.709512</ele>
        <time>2026-10-08T01:01:31.214Z</time>
      </trkpt>
      <trkpt lat="-24.099774" lon="-47.989709">
        <ele>826.364002</ele>
        <time>2026-10-08T01:01:41.348Z</time>
      </trkpt>
      <trkpt lat="-24.099647" lon="-47.989773">
        <ele>826.656325</ele>
        <time>2026-10-08T01:01:46.268Z</time>
      </trkpt>
      <trkpt lat="-24.099387" lon="-47.989798">
        <ele>827.202105</ele>
        <time>2026-10-08T01:01:55.086Z</time>
      </trkpt>
      <trkpt lat="-24.098972" lon="-47.989630">
        <ele>828.127276</ele>
        <time>2026-10-08T01:02:09.073Z</time>
      </trkpt>
      <trkpt lat="-24.098786" lon="-47.989503">
        <ele>828.585588</ele>
        <time>2026-10-08T01:02:15.416Z</time>
      </trkpt>
      <trkpt lat="-24.098699" lon="-47.989391">
        <ele>828.866309</ele>
        <time>2026-10-08T01:02:18.951Z</time>
      </trkpt>
      <trkpt lat="-24.098634" lon="-47.989171">
        <ele>829.307708</ele>
        <time>2026-10-08T01:02:23.845Z</time>
      </trkpt>
      <trkpt lat="-24.098666" lon="-47.988830">
        <ele>828.769987</ele>
        <time>2026-10-08T01:02:29.335Z</time>
      </trkpt>
      <trkpt lat="-24.098738" lon="-47.988580">
        <ele>827.394883</ele>
        <time>2026-10-08T01:02:32.912Z</time>
      </trkpt>
      <trkpt lat="-24.098745" lon="-47.988306">
        <ele>825.957043</ele>
        <time>2026-10-08T01:02:36.378Z</time>
      </trkpt>
      <trkpt lat="-24.098720" lon="-47.988163">
        <ele>825.193299</ele>
        <time>2026-10-08T01:02:38.130Z</time>
      </trkpt>
      <trkpt lat="-24.098633" lon="-47.988075">
        <ele>824.512846</ele>
        <time>2026-10-08T01:02:39.678Z</time>
      </trkpt>
      <trkpt lat="-24.098523" lon="-47.988036">
        <ele>823.848464</ele>
        <time>2026-10-08T01:02:41.160Z</time>
      </trkpt>
      <trkpt lat="-24.097940" lon="-47.988109">
        <ele>820.476515</ele>
        <time>2026-10-08T01:02:48.478Z</time>
      </trkpt>
      <trkpt lat="-24.097493" lon="-47.988121">
        <ele>818.224488</ele>
        <time>2026-10-08T01:02:53.959Z</time>
      </trkpt>
      <trkpt lat="-24.097196" lon="-47.988072">
        <ele>816.889487</ele>
        <time>2026-10-08T01:02:57.671Z</time>
      </trkpt>
      <trkpt lat="-24.097002" lon="-47.987963">
        <ele>815.920387</ele>
        <time>2026-10-08T01:03:00.446Z</time>
      </trkpt>
      <trkpt lat="-24.096871" lon="-47.987808">
        <ele>815.063317</ele>
        <time>2026-10-08T01:03:02.985Z</time>
      </trkpt>
      <trkpt lat="-24.096814" lon="-47.987637">
        <ele>814.324677</ele>
        <time>2026-10-08T01:03:05.264Z</time>
      </trkpt>
      <trkpt lat="-24.096775" lon="-47.987409">
        <ele>813.383468</ele>
        <time>2026-10-08T01:03:08.463Z</time>
      </trkpt>
      <trkpt lat="-24.096605" lon="-47.987167">
        <ele>812.144470</ele>
        <time>2026-10-08T01:03:13.771Z</time>
      </trkpt>
      <trkpt lat="-24.096285" lon="-47.986987">
        <ele>811.773756</ele>
        <time>2026-10-08T01:03:24.055Z</time>
      </trkpt>
      <trkpt lat="-24.096045" lon="-47.987009">
        <ele>812.414967</ele>
        <time>2026-10-08T01:03:32.252Z</time>
      </trkpt>
      <trkpt lat="-24.095536" lon="-47.987173">
        <ele>813.827534</ele>
        <time>2026-10-08T01:03:52.651Z</time>
      </trkpt>
      <trkpt lat="-24.095318" lon="-47.987181">
        <ele>814.408265</ele>
        <time>2026-10-08T01:04:01.226Z</time>
      </trkpt>
      <trkpt lat="-24.094528" lon="-47.987127">
        <ele>815.629981</ele>
        <time>2026-10-08T01:04:25.194Z</time>
      </trkpt>
      <trkpt lat="-24.094340" lon="-47.987130">
        <ele>815.057749</ele>
        <time>2026-10-08T01:04:28.598Z</time>
      </trkpt>
      <trkpt lat="-24.094152" lon="-47.987172">
        <ele>814.473800</ele>
        <time>2026-10-08T01:04:31.641Z</time>
      </trkpt>
      <trkpt lat="-24.093643" lon="-47.987546">
        <ele>812.608463</ele>
        <time>2026-10-08T01:04:40.309Z</time>
      </trkpt>
      <trkpt lat="-24.093182" lon="-47.987700">
        <ele>811.141637</ele>
        <time>2026-10-08T01:04:46.672Z</time>
      </trkpt>
      <trkpt lat="-24.092514" lon="-47.987829">
        <ele>809.232059</ele>
        <time>2026-10-08T01:04:55.638Z</time>
      </trkpt>
      <trkpt lat="-24.092352" lon="-47.987910">
        <ele>808.744179</ele>
        <time>2026-10-08T01:04:58.022Z</time>
      </trkpt>
      <trkpt lat="-24.092231" lon="-47.988034">
        <ele>808.290224</ele>
        <time>2026-10-08T01:05:00.285Z</time>
      </trkpt>
      <trkpt lat="-24.091707" lon="-47.988867">
        <ele>805.760123</ele>
        <time>2026-10-08T01:05:15.476Z</time>
      </trkpt>
      <trkpt lat="-24.091687" lon="-47.988997">
        <ele>805.744024</ele>
        <time>2026-10-08T01:05:19.018Z</time>
      </trkpt>
      <trkpt lat="-24.091746" lon="-47.989140">
        <ele>805.807197</ele>
        <time>2026-10-08T01:05:23.698Z</time>
      </trkpt>
      <trkpt lat="-24.091990" lon="-47.989328">
        <ele>805.938748</ele>
        <time>2026-10-08T01:05:34.571Z</time>
      </trkpt>
      <trkpt lat="-24.092441" lon="-47.989607">
        <ele>806.167153</ele>
        <time>2026-10-08T01:05:53.056Z</time>
      </trkpt>
      <trkpt lat="-24.092882" lon="-47.989731">
        <ele>806.367930</ele>
        <time>2026-10-08T01:06:03.344Z</time>
      </trkpt>
      <trkpt lat="-24.092987" lon="-47.989812">
        <ele>806.424563</ele>
        <time>2026-10-08T01:06:05.317Z</time>
      </trkpt>
      <trkpt lat="-24.093063" lon="-47.989942">
        <ele>806.486708</ele>
        <time>2026-10-08T01:06:07.294Z</time>
      </trkpt>
      <trkpt lat="-24.093092" lon="-47.990135">
        <ele>805.344325</ele>
        <time>2026-10-08T01:06:09.652Z</time>
      </trkpt>
      <trkpt lat="-24.093066" lon="-47.990353">
        <ele>803.926324</ele>
        <time>2026-10-08T01:06:12.209Z</time>
      </trkpt>
      <trkpt lat="-24.092787" lon="-47.991239">
        <ele>797.881384</ele>
        <time>2026-10-08T01:06:22.808Z</time>
      </trkpt>
      <trkpt lat="-24.092788" lon="-47.991380">
        <ele>796.971936</ele>
        <time>2026-10-08T01:06:24.401Z</time>
      </trkpt>
      <trkpt lat="-24.093587" lon="-47.991880">
        <ele>789.826534</ele>
        <time>2026-10-08T01:06:36.235Z</time>
      </trkpt>
      <trkpt lat="-24.093624" lon="-47.991993">
        <ele>788.901829</ele>
        <time>2026-10-08T01:06:37.711Z</time>
      </trkpt>
      <trkpt lat="-24.093591" lon="-47.992176">
        <ele>787.464991</ele>
        <time>2026-10-08T01:06:39.985Z</time>
      </trkpt>
      <trkpt lat="-24.093380" lon="-47.992350">
        <ele>785.236515</ele>
        <time>2026-10-08T01:06:43.398Z</time>
      </trkpt>
      <trkpt lat="-24.092265" lon="-47.992714">
        <ele>774.733892</ele>
        <time>2026-10-08T01:06:57.456Z</time>
      </trkpt>
      <trkpt lat="-24.091422" lon="-47.992700">
        <ele>766.091066</ele>
        <time>2026-10-08T01:07:07.540Z</time>
      </trkpt>
      <trkpt lat="-24.090777" lon="-47.992531">
        <ele>759.726937</ele>
        <time>2026-10-08T01:07:15.751Z</time>
      </trkpt>
      <trkpt lat="-24.090596" lon="-47.992540">
        <ele>758.788381</ele>
        <time>2026-10-08T01:07:18.066Z</time>
      </trkpt>
      <trkpt lat="-24.089934" lon="-47.992714">
        <ele>755.261845</ele>
        <time>2026-10-08T01:07:27.181Z</time>
      </trkpt>
      <trkpt lat="-24.089693" lon="-47.992823">
        <ele>753.911223</ele>
        <time>2026-10-08T01:07:30.854Z</time>
      </trkpt>
      <trkpt lat="-24.089521" lon="-47.992947">
        <ele>752.844604</ele>
        <time>2026-10-08T01:07:33.834Z</time>
      </trkpt>
      <trkpt lat="-24.089488" lon="-47.993054">
        <ele>752.310514</ele>
        <time>2026-10-08T01:07:35.331Z</time>
      </trkpt>
      <trkpt lat="-24.089521" lon="-47.993226">
        <ele>751.479370</ele>
        <time>2026-10-08T01:07:37.610Z</time>
      </trkpt>
      <trkpt lat="-24.089787" lon="-47.993646">
        <ele>750.229731</ele>
        <time>2026-10-08T01:07:44.221Z</time>
      </trkpt>
      <trkpt lat="-24.089762" lon="-47.993805">
        <ele>749.964028</ele>
        <time>2026-10-08T01:07:46.371Z</time>
      </trkpt>
      <trkpt lat="-24.089637" lon="-47.993949">
        <ele>749.636789</ele>
        <time>2026-10-08T01:07:49.144Z</time>
      </trkpt>
      <trkpt lat="-24.089065" lon="-47.994129">
        <ele>748.563192</ele>
        <time>2026-10-08T01:07:59.006Z</time>
      </trkpt>
      <trkpt lat="-24.089007" lon="-47.994141">
        <ele>748.456713</ele>
        <time>2026-10-08T01:08:00.050Z</time>
      </trkpt>
      <trkpt lat="-24.088267" lon="-47.994292">
        <ele>747.018427</ele>
        <time>2026-10-08T01:08:14.281Z</time>
      </trkpt>
      <trkpt lat="-24.087852" lon="-47.994236">
        <ele>746.145258</ele>
        <time>2026-10-08T01:08:23.194Z</time>
      </trkpt>
      <trkpt lat="-24.087662" lon="-47.994259">
        <ele>745.746077</ele>
        <time>2026-10-08T01:08:26.880Z</time>
      </trkpt>
      <trkpt lat="-24.087509" lon="-47.994394">
        <ele>745.335813</ele>
        <time>2026-10-08T01:08:30.146Z</time>
      </trkpt>
      <trkpt lat="-24.087161" lon="-47.994895">
        <ele>744.135674</ele>
        <time>2026-10-08T01:08:38.350Z</time>
      </trkpt>
      <trkpt lat="-24.086935" lon="-47.995008">
        <ele>743.168768</ele>
        <time>2026-10-08T01:08:41.660Z</time>
      </trkpt>
      <trkpt lat="-24.086630" lon="-47.995013">
        <ele>741.322764</ele>
        <time>2026-10-08T01:08:45.634Z</time>
      </trkpt>
      <trkpt lat="-24.086022" lon="-47.994875">
        <ele>737.565111</ele>
        <time>2026-10-08T01:08:53.629Z</time>
      </trkpt>
      <trkpt lat="-24.085428" lon="-47.994923">
        <ele>733.960577</ele>
        <time>2026-10-08T01:09:01.345Z</time>
      </trkpt>
      <trkpt lat="-24.085324" lon="-47.994910">
        <ele>733.327106</ele>
        <time>2026-10-08T01:09:02.720Z</time>
      </trkpt>
      <trkpt lat="-24.084666" lon="-47.994741">
        <ele>730.496401</ele>
        <time>2026-10-08T01:09:11.724Z</time>
      </trkpt>
      <trkpt lat="-24.084495" lon="-47.994739">
        <ele>729.810820</ele>
        <time>2026-10-08T01:09:14.048Z</time>
      </trkpt>
      <trkpt lat="-24.084212" lon="-47.994824">
        <ele>728.634389</ele>
        <time>2026-10-08T01:09:18.120Z</time>
      </trkpt>
      <trkpt lat="-24.083740" lon="-47.995143">
        <ele>726.410924</ele>
        <time>2026-10-08T01:09:26.171Z</time>
      </trkpt>
      <trkpt lat="-24.083444" lon="-47.995244">
        <ele>725.785487</ele>
        <time>2026-10-08T01:09:31.194Z</time>
      </trkpt>
      <trkpt lat="-24.083066" lon="-47.995181">
        <ele>725.859124</ele>
        <time>2026-10-08T01:09:38.594Z</time>
      </trkpt>
      <trkpt lat="-24.082953" lon="-47.995119">
        <ele>725.883465</ele>
        <time>2026-10-08T01:09:41.535Z</time>
      </trkpt>
      <trkpt lat="-24.082735" lon="-47.994928">
        <ele>725.937229</ele>
        <time>2026-10-08T01:09:48.716Z</time>
      </trkpt>
      <trkpt lat="-24.082628" lon="-47.994879">
        <ele>725.959564</ele>
        <time>2026-10-08T01:09:51.825Z</time>
      </trkpt>
      <trkpt lat="-24.082509" lon="-47.994864">
        <ele>725.982634</ele>
        <time>2026-10-08T01:09:55.100Z</time>
      </trkpt>
      <trkpt lat="-24.082399" lon="-47.994884">
        <ele>726.004109</ele>
        <time>2026-10-08T01:09:58.129Z</time>
      </trkpt>
      <trkpt lat="-24.081919" lon="-47.995252">
        <ele>725.973216</ele>
        <time>2026-10-08T01:10:12.289Z</time>
      </trkpt>
      <trkpt lat="-24.081761" lon="-47.995280">
        <ele>725.672446</ele>
        <time>2026-10-08T01:10:15.457Z</time>
      </trkpt>
      <trkpt lat="-24.081581" lon="-47.995284">
        <ele>725.334125</ele>
        <time>2026-10-08T01:10:18.714Z</time>
      </trkpt>
      <trkpt lat="-24.081112" lon="-47.995198">
        <ele>724.440528</ele>
        <time>2026-10-08T01:10:26.277Z</time>
      </trkpt>
      <trkpt lat="-24.080916" lon="-47.995211">
        <ele>724.071536</ele>
        <time>2026-10-08T01:10:29.191Z</time>
      </trkpt>
      <trkpt lat="-24.079407" lon="-47.995584">
        <ele>720.911139</ele>
        <time>2026-10-08T01:10:51.814Z</time>
      </trkpt>
      <trkpt lat="-24.079130" lon="-47.995627">
        <ele>720.299953</ele>
        <time>2026-10-08T01:10:56.187Z</time>
      </trkpt>
      <trkpt lat="-24.078568" lon="-47.995514">
        <ele>719.051683</ele>
        <time>2026-10-08T01:11:05.582Z</time>
      </trkpt>
      <trkpt lat="-24.078362" lon="-47.995544">
        <ele>718.731728</ele>
        <time>2026-10-08T01:11:09.205Z</time>
      </trkpt>
      <trkpt lat="-24.077321" lon="-47.995819">
        <ele>717.987354</ele>
        <time>2026-10-08T01:11:29.802Z</time>
      </trkpt>
      <trkpt lat="-24.076049" lon="-47.995877">
        <ele>715.309799</ele>
        <time>2026-10-08T01:11:52.204Z</time>
      </trkpt>
      <trkpt lat="-24.075872" lon="-47.995979">
        <ele>714.606428</ele>
        <time>2026-10-08T01:11:55.106Z</time>
      </trkpt>
      <trkpt lat="-24.075369" lon="-47.996432">
        <ele>712.316279</ele>
        <time>2026-10-08T01:12:03.910Z</time>
      </trkpt>
      <trkpt lat="-24.075203" lon="-47.996528">
        <ele>711.656112</ele>
        <time>2026-10-08T01:12:06.348Z</time>
      </trkpt>
      <trkpt lat="-24.074625" lon="-47.996680">
        <ele>709.303229</ele>
        <time>2026-10-08T01:12:14.163Z</time>
      </trkpt>
      <trkpt lat="-24.074216" lon="-47.996931">
        <ele>707.392714</ele>
        <time>2026-10-08T01:12:20.613Z</time>
      </trkpt>
      <trkpt lat="-24.074032" lon="-47.997195">
        <ele>706.156979</ele>
        <time>2026-10-08T01:12:25.010Z</time>
      </trkpt>
      <trkpt lat="-24.073811" lon="-47.997934">
        <ele>703.548543</ele>
        <time>2026-10-08T01:12:35.774Z</time>
      </trkpt>
      <trkpt lat="-24.073699" lon="-47.998056">
        <ele>703.198117</ele>
        <time>2026-10-08T01:12:38.180Z</time>
      </trkpt>
      <trkpt lat="-24.073515" lon="-47.998160">
        <ele>702.738775</ele>
        <time>2026-10-08T01:12:41.273Z</time>
      </trkpt>
      <trkpt lat="-24.072497" lon="-47.998436">
        <ele>700.412236</ele>
        <time>2026-10-08T01:12:57.018Z</time>
      </trkpt>
      <trkpt lat="-24.072137" lon="-47.998683">
        <ele>699.905858</ele>
        <time>2026-10-08T01:13:04.563Z</time>
      </trkpt>
      <trkpt lat="-24.071640" lon="-47.999172">
        <ele>699.930535</ele>
        <time>2026-10-08T01:13:18.606Z</time>
      </trkpt>
      <trkpt lat="-24.071463" lon="-47.999305">
        <ele>699.938463</ele>
        <time>2026-10-08T01:13:23.211Z</time>
      </trkpt>
      <trkpt lat="-24.071176" lon="-47.999357">
        <ele>699.949207</ele>
        <time>2026-10-08T01:13:29.351Z</time>
      </trkpt>
      <trkpt lat="-24.070328" lon="-47.999198">
        <ele>700.843974</ele>
        <time>2026-10-08T01:13:48.802Z</time>
      </trkpt>
      <trkpt lat="-24.069885" lon="-47.999116">
        <ele>701.765063</ele>
        <time>2026-10-08T01:13:59.884Z</time>
      </trkpt>
      <trkpt lat="-24.069432" lon="-47.999069">
        <ele>702.697932</ele>
        <time>2026-10-08T01:14:13.791Z</time>
      </trkpt>
      <trkpt lat="-24.069281" lon="-47.999084">
        <ele>703.008773</ele>
        <time>2026-10-08T01:14:19.123Z</time>
      </trkpt>
      <trkpt lat="-24.067982" lon="-47.999860">
        <ele>707.168362</ele>
        <time>2026-10-08T01:15:11.541Z</time>
      </trkpt>
      <trkpt lat="-24.067671" lon="-47.999938">
        <ele>708.130682</ele>
        <time>2026-10-08T01:15:20.776Z</time>
      </trkpt>
      <trkpt lat="-24.067478" lon="-47.999925">
        <ele>708.713909</ele>
        <time>2026-10-08T01:15:26.067Z</time>
      </trkpt>
      <trkpt lat="-24.064615" lon="-47.999461">
        <ele>715.043450</ele>
        <time>2026-10-08T01:16:39.613Z</time>
      </trkpt>
      <trkpt lat="-24.063419" lon="-47.999249">
        <ele>721.039440</ele>
        <time>2026-10-08T01:17:33.881Z</time>
      </trkpt>
      <trkpt lat="-24.062145" lon="-47.999136">
        <ele>731.082410</ele>
        <time>2026-10-08T01:18:41.949Z</time>
      </trkpt>
      <trkpt lat="-24.062056" lon="-47.999103">
        <ele>731.820702</ele>
        <time>2026-10-08T01:18:47.377Z</time>
      </trkpt>
      <trkpt lat="-24.061936" lon="-47.999001">
        <ele>733.030926</ele>
        <time>2026-10-08T01:18:56.208Z</time>
      </trkpt>
      <trkpt lat="-24.061380" lon="-47.998055">
        <ele>741.253809</ele>
        <time>2026-10-08T01:19:54.395Z</time>
      </trkpt>
      <trkpt lat="-24.061190" lon="-47.997685">
        <ele>744.356485</ele>
        <time>2026-10-08T01:20:14.005Z</time>
      </trkpt>
      <trkpt lat="-24.061150" lon="-47.997487">
        <ele>745.838678</ele>
        <time>2026-10-08T01:20:22.692Z</time>
      </trkpt>
      <trkpt lat="-24.061117" lon="-47.996439">
        <ele>750.516259</ele>
        <time>2026-10-08T01:21:01.188Z</time>
      </trkpt>
      <trkpt lat="-24.061149" lon="-47.996272">
        <ele>751.229855</ele>
        <time>2026-10-08T01:21:06.757Z</time>
      </trkpt>
      <trkpt lat="-24.061292" lon="-47.995884">
        <ele>752.979634</ele>
        <time>2026-10-08T01:21:20.148Z</time>
      </trkpt>
      <trkpt lat="-24.061310" lon="-47.995695">
        <ele>753.774307</ele>
        <time>2026-10-08T01:21:26.225Z</time>
      </trkpt>
      <trkpt lat="-24.061248" lon="-47.995517">
        <ele>754.571012</ele>
        <time>2026-10-08T01:21:32.328Z</time>
      </trkpt>
      <trkpt lat="-24.061079" lon="-47.995307">
        <ele>755.572787</ele>
        <time>2026-10-08T01:21:41.255Z</time>
      </trkpt>
      <trkpt lat="-24.060901" lon="-47.995217">
        <ele>756.316348</ele>
        <time>2026-10-08T01:21:48.040Z</time>
      </trkpt>
      <trkpt lat="-24.059836" lon="-47.995095">
        <ele>760.377515</ele>
        <time>2026-10-08T01:22:26.019Z</time>
      </trkpt>
      <trkpt lat="-24.059617" lon="-47.995002">
        <ele>761.268355</ele>
        <time>2026-10-08T01:22:34.547Z</time>
      </trkpt>
      <trkpt lat="-24.059279" lon="-47.994788">
        <ele>762.707235</ele>
        <time>2026-10-08T01:22:48.539Z</time>
      </trkpt>
      <trkpt lat="-24.058970" lon="-47.994713">
        <ele>763.864598</ele>
        <time>2026-10-08T01:22:59.827Z</time>
      </trkpt>
      <trkpt lat="-24.058370" lon="-47.994657">
        <ele>766.066619</ele>
        <time>2026-10-08T01:23:20.915Z</time>
      </trkpt>
      <trkpt lat="-24.057388" lon="-47.994742">
        <ele>769.077745</ele>
        <time>2026-10-08T01:23:54.339Z</time>
      </trkpt>
      <trkpt lat="-24.057066" lon="-47.994755">
        <ele>769.794998</ele>
        <time>2026-10-08T01:24:05.094Z</time>
      </trkpt>
      <trkpt lat="-24.056735" lon="-47.994728">
        <ele>770.533840</ele>
        <time>2026-10-08T01:24:15.060Z</time>
      </trkpt>
      <trkpt lat="-24.056155" lon="-47.994613">
        <ele>771.845900</ele>
        <time>2026-10-08T01:24:30.591Z</time>
      </trkpt>
      <trkpt lat="-24.056015" lon="-47.994610">
        <ele>772.157597</ele>
        <time>2026-10-08T01:24:33.854Z</time>
      </trkpt>
      <trkpt lat="-24.055703" lon="-47.994696">
        <ele>772.048978</ele>
        <time>2026-10-08T01:24:40.690Z</time>
      </trkpt>
      <trkpt lat="-24.054778" lon="-47.995153">
        <ele>771.690320</ele>
        <time>2026-10-08T01:24:58.645Z</time>
      </trkpt>
      <trkpt lat="-24.054728" lon="-47.995177">
        <ele>771.671026</ele>
        <time>2026-10-08T01:24:59.599Z</time>
      </trkpt>
      <trkpt lat="-24.054620" lon="-47.995233">
        <ele>771.628792</ele>
        <time>2026-10-08T01:25:01.107Z</time>
      </trkpt>
      <trkpt lat="-24.054060" lon="-47.995454">
        <ele>771.678850</ele>
        <time>2026-10-08T01:25:08.785Z</time>
      </trkpt>
      <trkpt lat="-24.052853" lon="-47.995781">
        <ele>772.300326</ele>
        <time>2026-10-08T01:25:29.701Z</time>
      </trkpt>
      <trkpt lat="-24.052526" lon="-47.995951">
        <ele>772.602773</ele>
        <time>2026-10-08T01:25:37.587Z</time>
      </trkpt>
      <trkpt lat="-24.052378" lon="-47.996076">
        <ele>772.899070</ele>
        <time>2026-10-08T01:25:41.788Z</time>
      </trkpt>
      <trkpt lat="-24.052187" lon="-47.996310">
        <ele>773.353416</ele>
        <time>2026-10-08T01:25:48.282Z</time>
      </trkpt>
      <trkpt lat="-24.051849" lon="-47.996962">
        <ele>774.438765</ele>
        <time>2026-10-08T01:26:03.950Z</time>
      </trkpt>
      <trkpt lat="-24.051675" lon="-47.997342">
        <ele>775.054153</ele>
        <time>2026-10-08T01:26:12.071Z</time>
      </trkpt>
      <trkpt lat="-24.051567" lon="-47.997660">
        <ele>775.119704</ele>
        <time>2026-10-08T01:26:18.066Z</time>
      </trkpt>
      <trkpt lat="-24.051532" lon="-47.997972">
        <ele>774.853872</ele>
        <time>2026-10-08T01:26:23.163Z</time>
      </trkpt>
      <trkpt lat="-24.051504" lon="-47.998708">
        <ele>774.230921</ele>
        <time>2026-10-08T01:26:32.231Z</time>
      </trkpt>
      <trkpt lat="-24.051467" lon="-47.998869">
        <ele>774.090523</ele>
        <time>2026-10-08T01:26:33.964Z</time>
      </trkpt>
      <trkpt lat="-24.051359" lon="-47.999109">
        <ele>773.864258</ele>
        <time>2026-10-08T01:26:36.608Z</time>
      </trkpt>
      <trkpt lat="-24.051129" lon="-47.999400">
        <ele>773.264611</ele>
        <time>2026-10-08T01:26:40.192Z</time>
      </trkpt>
      <trkpt lat="-24.050955" lon="-47.999545">
        <ele>772.293029</ele>
        <time>2026-10-08T01:26:42.330Z</time>
      </trkpt>
      <trkpt lat="-24.050759" lon="-47.999631">
        <ele>771.354791</ele>
        <time>2026-10-08T01:26:44.354Z</time>
      </trkpt>
      <trkpt lat="-24.049999" lon="-47.999762">
        <ele>767.936149</ele>
        <time>2026-10-08T01:26:51.610Z</time>
      </trkpt>
      <trkpt lat="-24.049730" lon="-47.999837">
        <ele>766.702712</ele>
        <time>2026-10-08T01:26:54.232Z</time>
      </trkpt>
      <trkpt lat="-24.049243" lon="-48.000040">
        <ele>764.304148</ele>
        <time>2026-10-08T01:26:59.192Z</time>
      </trkpt>
      <trkpt lat="-24.048800" lon="-48.000280">
        <ele>761.959739</ele>
        <time>2026-10-08T01:27:03.910Z</time>
      </trkpt>
      <trkpt lat="-24.047326" lon="-48.001075">
        <ele>755.252085</ele>
        <time>2026-10-08T01:27:19.479Z</time>
      </trkpt>
      <trkpt lat="-24.046924" lon="-48.001336">
        <ele>753.859530</ele>
        <time>2026-10-08T01:27:24.131Z</time>
      </trkpt>
      <trkpt lat="-24.046699" lon="-48.001539">
        <ele>752.990850</ele>
        <time>2026-10-08T01:27:27.230Z</time>
      </trkpt>
      <trkpt lat="-24.046171" lon="-48.002245">
        <ele>752.199061</ele>
        <time>2026-10-08T01:27:38.186Z</time>
      </trkpt>
      <trkpt lat="-24.045994" lon="-48.002455">
        <ele>752.499542</ele>
        <time>2026-10-08T01:27:43.239Z</time>
      </trkpt>
      <trkpt lat="-24.045910" lon="-48.002518">
        <ele>752.616768</ele>
        <time>2026-10-08T01:27:45.362Z</time>
      </trkpt>
      <trkpt lat="-24.045674" lon="-48.002623">
        <ele>752.910067</ele>
        <time>2026-10-08T01:27:50.834Z</time>
      </trkpt>
      <trkpt lat="-24.044976" lon="-48.002828">
        <ele>753.742138</ele>
        <time>2026-10-08T01:28:07.500Z</time>
      </trkpt>
      <trkpt lat="-24.044383" lon="-48.003129">
        <ele>755.178737</ele>
        <time>2026-10-08T01:28:23.462Z</time>
      </trkpt>
      <trkpt lat="-24.044153" lon="-48.003201">
        <ele>755.724820</ele>
        <time>2026-10-08T01:28:29.446Z</time>
      </trkpt>
      <trkpt lat="-24.043356" lon="-48.003283">
        <ele>757.552243</ele>
        <time>2026-10-08T01:28:49.460Z</time>
      </trkpt>
      <trkpt lat="-24.043170" lon="-48.003320">
        <ele>757.904013</ele>
        <time>2026-10-08T01:28:53.880Z</time>
      </trkpt>
      <trkpt lat="-24.042966" lon="-48.003370">
        <ele>757.900603</ele>
        <time>2026-10-08T01:28:58.433Z</time>
      </trkpt>
      <trkpt lat="-24.042559" lon="-48.003529">
        <ele>757.893552</ele>
        <time>2026-10-08T01:29:06.618Z</time>
      </trkpt>
      <trkpt lat="-24.042487" lon="-48.003586">
        <ele>757.892103</ele>
        <time>2026-10-08T01:29:08.068Z</time>
      </trkpt>
      <trkpt lat="-24.042362" lon="-48.003747">
        <ele>757.888954</ele>
        <time>2026-10-08T01:29:10.935Z</time>
      </trkpt>
      <trkpt lat="-24.042055" lon="-48.004348">
        <ele>757.878694</ele>
        <time>2026-10-08T01:29:18.628Z</time>
      </trkpt>
      <trkpt lat="-24.041545" lon="-48.005246">
        <ele>756.960921</ele>
        <time>2026-10-08T01:29:29.229Z</time>
      </trkpt>
      <trkpt lat="-24.040866" lon="-48.006445">
        <ele>755.988258</ele>
        <time>2026-10-08T01:29:45.023Z</time>
      </trkpt>
      <trkpt lat="-24.040613" lon="-48.006904">
        <ele>756.581434</ele>
        <time>2026-10-08T01:29:54.161Z</time>
      </trkpt>
      <trkpt lat="-24.040452" lon="-48.007184">
        <ele>756.947523</ele>
        <time>2026-10-08T01:30:00.763Z</time>
      </trkpt>
      <trkpt lat="-24.040385" lon="-48.007360">
        <ele>757.158494</ele>
        <time>2026-10-08T01:30:04.852Z</time>
      </trkpt>
      <trkpt lat="-24.040359" lon="-48.007525">
        <ele>757.343751</ele>
        <time>2026-10-08T01:30:08.555Z</time>
      </trkpt>
      <trkpt lat="-24.040335" lon="-48.008166">
        <ele>758.037818</ele>
        <time>2026-10-08T01:30:22.376Z</time>
      </trkpt>
      <trkpt lat="-24.040204" lon="-48.008586">
        <ele>758.486198</ele>
        <time>2026-10-08T01:30:31.400Z</time>
      </trkpt>
      <trkpt lat="-24.040002" lon="-48.009042">
        <ele>758.998219</ele>
        <time>2026-10-08T01:30:41.155Z</time>
      </trkpt>
      <trkpt lat="-24.039870" lon="-48.009219">
        <ele>759.229084</ele>
        <time>2026-10-08T01:30:45.240Z</time>
      </trkpt>
      <trkpt lat="-24.039811" lon="-48.009265">
        <ele>759.309206</ele>
        <time>2026-10-08T01:30:46.571Z</time>
      </trkpt>
      <trkpt lat="-24.039019" lon="-48.009641">
        <ele>759.144017</ele>
        <time>2026-10-08T01:30:59.694Z</time>
      </trkpt>
      <trkpt lat="-24.038210" lon="-48.010220">
        <ele>757.234626</ele>
        <time>2026-10-08T01:31:10.377Z</time>
      </trkpt>
      <trkpt lat="-24.037528" lon="-48.010749">
        <ele>755.083798</ele>
        <time>2026-10-08T01:31:18.545Z</time>
      </trkpt>
      <trkpt lat="-24.036689" lon="-48.011398">
        <ele>751.656138</ele>
        <time>2026-10-08T01:31:28.678Z</time>
      </trkpt>
      <trkpt lat="-24.035910" lon="-48.012083">
        <ele>748.423127</ele>
        <time>2026-10-08T01:31:39.526Z</time>
      </trkpt>
      <trkpt lat="-24.035530" lon="-48.012445">
        <ele>746.827767</ele>
        <time>2026-10-08T01:31:44.877Z</time>
      </trkpt>
      <trkpt lat="-24.034111" lon="-48.013819">
        <ele>739.711600</ele>
        <time>2026-10-08T01:32:03.081Z</time>
      </trkpt>
      <trkpt lat="-24.033800" lon="-48.014056">
        <ele>738.157226</ele>
        <time>2026-10-08T01:32:06.722Z</time>
      </trkpt>
      <trkpt lat="-24.033500" lon="-48.014205">
        <ele>737.211275</ele>
        <time>2026-10-08T01:32:09.997Z</time>
      </trkpt>
      <trkpt lat="-24.033037" lon="-48.014367">
        <ele>737.115622</ele>
        <time>2026-10-08T01:32:15.107Z</time>
      </trkpt>
      <trkpt lat="-24.032119" lon="-48.014759">
        <ele>736.921716</ele>
        <time>2026-10-08T01:32:30.699Z</time>
      </trkpt>
      <trkpt lat="-24.031052" lon="-48.015265">
        <ele>741.339200</ele>
        <time>2026-10-08T01:33:06.713Z</time>
      </trkpt>
      <trkpt lat="-24.030038" lon="-48.015727">
        <ele>746.416856</ele>
        <time>2026-10-08T01:33:50.660Z</time>
      </trkpt>
      <trkpt lat="-24.028731" lon="-48.016109">
        <ele>752.056959</ele>
        <time>2026-10-08T01:34:37.009Z</time>
      </trkpt>
      <trkpt lat="-24.028550" lon="-48.016152">
        <ele>752.829165</ele>
        <time>2026-10-08T01:34:41.341Z</time>
      </trkpt>
      <trkpt lat="-24.027520" lon="-48.016452">
        <ele>750.944747</ele>
        <time>2026-10-08T01:34:54.100Z</time>
      </trkpt>
      <trkpt lat="-24.027252" lon="-48.016596">
        <ele>750.380156</ele>
        <time>2026-10-08T01:34:57.000Z</time>
      </trkpt>
      <trkpt lat="-24.026898" lon="-48.016863">
        <ele>749.567184</ele>
        <time>2026-10-08T01:35:01.146Z</time>
      </trkpt>
      <trkpt lat="-24.026587" lon="-48.017047">
        <ele>748.214371</ele>
        <time>2026-10-08T01:35:04.545Z</time>
      </trkpt>
      <trkpt lat="-24.026272" lon="-48.017197">
        <ele>746.846858</ele>
        <time>2026-10-08T01:35:07.845Z</time>
      </trkpt>
      <trkpt lat="-24.026083" lon="-48.017233">
        <ele>746.083134</ele>
        <time>2026-10-08T01:35:09.694Z</time>
      </trkpt>
      <trkpt lat="-24.025936" lon="-48.017197">
        <ele>745.483456</ele>
        <time>2026-10-08T01:35:11.155Z</time>
      </trkpt>
      <trkpt lat="-24.025522" lon="-48.016836">
        <ele>743.376444</ele>
        <time>2026-10-08T01:35:16.359Z</time>
      </trkpt>
      <trkpt lat="-24.025304" lon="-48.016709">
        <ele>742.393359</ele>
        <time>2026-10-08T01:35:18.810Z</time>
      </trkpt>
      <trkpt lat="-24.025075" lon="-48.016651">
        <ele>741.957961</ele>
        <time>2026-10-08T01:35:21.174Z</time>
      </trkpt>
      <trkpt lat="-24.024279" lon="-48.016573">
        <ele>740.545676</ele>
        <time>2026-10-08T01:35:29.539Z</time>
      </trkpt>
      <trkpt lat="-24.023625" lon="-48.016371">
        <ele>739.344842</ele>
        <time>2026-10-08T01:35:38.084Z</time>
      </trkpt>
      <trkpt lat="-24.023435" lon="-48.016353">
        <ele>739.343998</ele>
        <time>2026-10-08T01:35:41.200Z</time>
      </trkpt>
      <trkpt lat="-24.023298" lon="-48.016373">
        <ele>739.579868</ele>
        <time>2026-10-08T01:35:43.707Z</time>
      </trkpt>
      <trkpt lat="-24.022779" lon="-48.016588">
        <ele>740.526865</ele>
        <time>2026-10-08T01:35:54.991Z</time>
      </trkpt>
      <trkpt lat="-24.022438" lon="-48.016672">
        <ele>741.123357</ele>
        <time>2026-10-08T01:36:02.396Z</time>
      </trkpt>
      <trkpt lat="-24.021198" lon="-48.016861">
        <ele>744.010163</ele>
        <time>2026-10-08T01:36:35.379Z</time>
      </trkpt>
      <trkpt lat="-24.020769" lon="-48.016895">
        <ele>745.288615</ele>
        <time>2026-10-08T01:36:49.220Z</time>
      </trkpt>
      <trkpt lat="-24.020321" lon="-48.016856">
        <ele>746.624407</ele>
        <time>2026-10-08T01:37:02.592Z</time>
      </trkpt>
      <trkpt lat="-24.020156" lon="-48.016799">
        <ele>747.138671</ele>
        <time>2026-10-08T01:37:07.441Z</time>
      </trkpt>
      <trkpt lat="-24.019973" lon="-48.016700">
        <ele>747.525402</ele>
        <time>2026-10-08T01:37:12.879Z</time>
      </trkpt>
      <trkpt lat="-24.018839" lon="-48.016038">
        <ele>745.777201</ele>
        <time>2026-10-08T01:37:29.163Z</time>
      </trkpt>
      <trkpt lat="-24.017812" lon="-48.015486">
        <ele>741.678350</ele>
        <time>2026-10-08T01:37:40.010Z</time>
      </trkpt>
      <trkpt lat="-24.017418" lon="-48.015372">
        <ele>739.603292</ele>
        <time>2026-10-08T01:37:43.765Z</time>
      </trkpt>
      <trkpt lat="-24.017002" lon="-48.015300">
        <ele>737.458788</ele>
        <time>2026-10-08T01:37:47.666Z</time>
      </trkpt>
      <trkpt lat="-24.016673" lon="-48.015243">
        <ele>735.790414</ele>
        <time>2026-10-08T01:37:50.765Z</time>
      </trkpt>
      <trkpt lat="-24.014582" lon="-48.014857">
        <ele>726.838587</ele>
        <time>2026-10-08T01:38:11.179Z</time>
      </trkpt>
      <trkpt lat="-24.014138" lon="-48.014860">
        <ele>725.492253</ele>
        <time>2026-10-08T01:38:15.631Z</time>
      </trkpt>
      <trkpt lat="-24.013552" lon="-48.014898">
        <ele>723.712254</ele>
        <time>2026-10-08T01:38:21.705Z</time>
      </trkpt>
      <trkpt lat="-24.012309" lon="-48.014983">
        <ele>720.952413</ele>
        <time>2026-10-08T01:38:35.834Z</time>
      </trkpt>
      <trkpt lat="-24.012035" lon="-48.015000">
        <ele>720.450722</ele>
        <time>2026-10-08T01:38:39.138Z</time>
      </trkpt>
      <trkpt lat="-24.011775" lon="-48.015047">
        <ele>719.968991</ele>
        <time>2026-10-08T01:38:42.179Z</time>
      </trkpt>
      <trkpt lat="-24.011594" lon="-48.015103">
        <ele>719.625152</ele>
        <time>2026-10-08T01:38:44.286Z</time>
      </trkpt>
      <trkpt lat="-24.011045" lon="-48.015342">
        <ele>717.479145</ele>
        <time>2026-10-08T01:38:50.578Z</time>
      </trkpt>
      <trkpt lat="-24.010607" lon="-48.015562">
        <ele>715.180830</ele>
        <time>2026-10-08T01:38:55.266Z</time>
      </trkpt>
      <trkpt lat="-24.010346" lon="-48.015742">
        <ele>713.709638</ele>
        <time>2026-10-08T01:38:58.155Z</time>
      </trkpt>
      <trkpt lat="-24.008889" lon="-48.016783">
        <ele>703.679027</ele>
        <time>2026-10-08T01:39:13.863Z</time>
      </trkpt>
      <trkpt lat="-24.008508" lon="-48.016913">
        <ele>701.143640</ele>
        <time>2026-10-08T01:39:17.508Z</time>
      </trkpt>
      <trkpt lat="-24.008225" lon="-48.016930">
        <ele>699.343003</ele>
        <time>2026-10-08T01:39:20.121Z</time>
      </trkpt>
      <trkpt lat="-24.007746" lon="-48.016802">
        <ele>696.628401</ele>
        <time>2026-10-08T01:39:24.708Z</time>
      </trkpt>
      <trkpt lat="-24.007371" lon="-48.016764">
        <ele>694.569977</ele>
        <time>2026-10-08T01:39:28.247Z</time>
      </trkpt>
      <trkpt lat="-24.006874" lon="-48.016604">
        <ele>691.738461</ele>
        <time>2026-10-08T01:39:33.122Z</time>
      </trkpt>
      <trkpt lat="-24.005797" lon="-48.015986">
        <ele>684.485435</ele>
        <time>2026-10-08T01:39:44.331Z</time>
      </trkpt>
      <trkpt lat="-24.005579" lon="-48.015899">
        <ele>683.037384</ele>
        <time>2026-10-08T01:39:46.438Z</time>
      </trkpt>
      <trkpt lat="-24.005372" lon="-48.015882">
        <ele>681.741938</ele>
        <time>2026-10-08T01:39:48.332Z</time>
      </trkpt>
      <trkpt lat="-24.004827" lon="-48.015934">
        <ele>678.327885</ele>
        <time>2026-10-08T01:39:53.276Z</time>
      </trkpt>
      <trkpt lat="-24.004261" lon="-48.015857">
        <ele>674.605548</ele>
        <time>2026-10-08T01:39:58.395Z</time>
      </trkpt>
      <trkpt lat="-24.003505" lon="-48.015650">
        <ele>669.507679</ele>
        <time>2026-10-08T01:40:05.467Z</time>
      </trkpt>
      <trkpt lat="-24.003338" lon="-48.015586">
        <ele>668.350205</ele>
        <time>2026-10-08T01:40:07.065Z</time>
      </trkpt>
      <trkpt lat="-24.003200" lon="-48.015483">
        <ele>667.257579</ele>
        <time>2026-10-08T01:40:08.578Z</time>
      </trkpt>
      <trkpt lat="-24.002840" lon="-48.015118">
        <ele>665.223223</ele>
        <time>2026-10-08T01:40:13.055Z</time>
      </trkpt>
      <trkpt lat="-24.002521" lon="-48.014990">
        <ele>664.120587</ele>
        <time>2026-10-08T01:40:16.253Z</time>
      </trkpt>
      <trkpt lat="-24.002277" lon="-48.014974">
        <ele>663.327296</ele>
        <time>2026-10-08T01:40:18.671Z</time>
      </trkpt>
      <trkpt lat="-24.002125" lon="-48.014989">
        <ele>662.831998</ele>
        <time>2026-10-08T01:40:20.249Z</time>
      </trkpt>
      <trkpt lat="-24.001914" lon="-48.015045">
        <ele>662.127385</ele>
        <time>2026-10-08T01:40:22.582Z</time>
      </trkpt>
      <trkpt lat="-24.001614" lon="-48.015165">
        <ele>661.090806</ele>
        <time>2026-10-08T01:40:26.323Z</time>
      </trkpt>
      <trkpt lat="-24.001040" lon="-48.015447">
        <ele>660.557173</ele>
        <time>2026-10-08T01:40:37.756Z</time>
      </trkpt>
      <trkpt lat="-24.000702" lon="-48.015578">
        <ele>660.567908</ele>
        <time>2026-10-08T01:40:45.496Z</time>
      </trkpt>
      <trkpt lat="-24.000300" lon="-48.015689">
        <ele>660.580321</ele>
        <time>2026-10-08T01:40:52.853Z</time>
      </trkpt>
      <trkpt lat="-23.999818" lon="-48.015757">
        <ele>660.594872</ele>
        <time>2026-10-08T01:40:59.045Z</time>
      </trkpt>
      <trkpt lat="-23.999094" lon="-48.015784">
        <ele>659.270627</ele>
        <time>2026-10-08T01:41:06.836Z</time>
      </trkpt>
      <trkpt lat="-23.998588" lon="-48.015807">
        <ele>658.229654</ele>
        <time>2026-10-08T01:41:12.065Z</time>
      </trkpt>
      <trkpt lat="-23.997905" lon="-48.015860">
        <ele>656.846242</ele>
        <time>2026-10-08T01:41:19.626Z</time>
      </trkpt>
      <trkpt lat="-23.997112" lon="-48.016010">
        <ele>655.701812</ele>
        <time>2026-10-08T01:41:28.991Z</time>
      </trkpt>
      <trkpt lat="-23.996829" lon="-48.016039">
        <ele>655.297601</ele>
        <time>2026-10-08T01:41:32.267Z</time>
      </trkpt>
      <trkpt lat="-23.995783" lon="-48.016053">
        <ele>654.173744</ele>
        <time>2026-10-08T01:41:44.622Z</time>
      </trkpt>
      <trkpt lat="-23.994583" lon="-48.016013">
        <ele>653.633096</ele>
        <time>2026-10-08T01:42:01.077Z</time>
      </trkpt>
      <trkpt lat="-23.991470" lon="-48.015905">
        <ele>654.147583</ele>
        <time>2026-10-08T01:42:50.424Z</time>
      </trkpt>
      <trkpt lat="-23.991276" lon="-48.015890">
        <ele>654.188204</ele>
        <time>2026-10-08T01:42:53.194Z</time>
      </trkpt>
      <trkpt lat="-23.991040" lon="-48.015895">
        <ele>654.237505</ele>
        <time>2026-10-08T01:42:56.545Z</time>
      </trkpt>
      <trkpt lat="-23.990785" lon="-48.015971">
        <ele>654.292705</ele>
        <time>2026-10-08T01:43:00.464Z</time>
      </trkpt>
      <trkpt lat="-23.990574" lon="-48.016167">
        <ele>654.751929</ele>
        <time>2026-10-08T01:43:04.726Z</time>
      </trkpt>
      <trkpt lat="-23.990066" lon="-48.016835">
        <ele>656.120270</ele>
        <time>2026-10-08T01:43:20.080Z</time>
      </trkpt>
      <trkpt lat="-23.989887" lon="-48.016998">
        <ele>656.521521</ele>
        <time>2026-10-08T01:43:25.515Z</time>
      </trkpt>
      <trkpt lat="-23.988869" lon="-48.017816">
        <ele>660.604177</ele>
        <time>2026-10-08T01:44:01.522Z</time>
      </trkpt>
      <trkpt lat="-23.988751" lon="-48.017855">
        <ele>661.127338</ele>
        <time>2026-10-08T01:44:05.778Z</time>
      </trkpt>
      <trkpt lat="-23.988557" lon="-48.017847">
        <ele>661.951313</ele>
        <time>2026-10-08T01:44:12.694Z</time>
      </trkpt>
      <trkpt lat="-23.988457" lon="-48.017804">
        <ele>662.407320</ele>
        <time>2026-10-08T01:44:16.645Z</time>
      </trkpt>
      <trkpt lat="-23.988249" lon="-48.017597">
        <ele>663.600491</ele>
        <time>2026-10-08T01:44:27.060Z</time>
      </trkpt>
      <trkpt lat="-23.988070" lon="-48.017271">
        <ele>665.072055</ele>
        <time>2026-10-08T01:44:39.351Z</time>
      </trkpt>
      <trkpt lat="-23.987860" lon="-48.016743">
        <ele>667.147724</ele>
        <time>2026-10-08T01:44:55.547Z</time>
      </trkpt>
      <trkpt lat="-23.987724" lon="-48.016531">
        <ele>668.081428</ele>
        <time>2026-10-08T01:45:01.936Z</time>
      </trkpt>
      <trkpt lat="-23.987602" lon="-48.016457">
        <ele>668.631709</ele>
        <time>2026-10-08T01:45:05.571Z</time>
      </trkpt>
      <trkpt lat="-23.987447" lon="-48.016456">
        <ele>669.243226</ele>
        <time>2026-10-08T01:45:09.598Z</time>
      </trkpt>
      <trkpt lat="-23.987364" lon="-48.016491">
        <ele>669.594139</ele>
        <time>2026-10-08T01:45:12.000Z</time>
      </trkpt>
      <trkpt lat="-23.987172" lon="-48.016668">
        <ele>670.584498</ele>
        <time>2026-10-08T01:45:18.926Z</time>
      </trkpt>
      <trkpt lat="-23.987036" lon="-48.016750">
        <ele>671.197069</ele>
        <time>2026-10-08T01:45:23.475Z</time>
      </trkpt>
      <trkpt lat="-23.986922" lon="-48.016785">
        <ele>671.664181</ele>
        <time>2026-10-08T01:45:27.090Z</time>
      </trkpt>
      <trkpt lat="-23.986744" lon="-48.016761">
        <ele>672.519773</ele>
        <time>2026-10-08T01:45:32.884Z</time>
      </trkpt>
      <trkpt lat="-23.986628" lon="-48.016682">
        <ele>673.381631</ele>
        <time>2026-10-08T01:45:37.648Z</time>
      </trkpt>
      <trkpt lat="-23.986550" lon="-48.016558">
        <ele>674.249318</ele>
        <time>2026-10-08T01:45:42.775Z</time>
      </trkpt>
      <trkpt lat="-23.986370" lon="-48.016141">
        <ele>676.907458</ele>
        <time>2026-10-08T01:46:00.649Z</time>
      </trkpt>
      <trkpt lat="-23.986236" lon="-48.015926">
        <ele>678.407489</ele>
        <time>2026-10-08T01:46:11.574Z</time>
      </trkpt>
      <trkpt lat="-23.985915" lon="-48.015521">
        <ele>681.497672</ele>
        <time>2026-10-08T01:46:33.526Z</time>
      </trkpt>
      <trkpt lat="-23.985805" lon="-48.015235">
        <ele>683.286161</ele>
        <time>2026-10-08T01:46:44.981Z</time>
      </trkpt>
      <trkpt lat="-23.985715" lon="-48.015091">
        <ele>684.223611</ele>
        <time>2026-10-08T01:46:51.053Z</time>
      </trkpt>
      <trkpt lat="-23.985576" lon="-48.015004">
        <ele>685.149878</ele>
        <time>2026-10-08T01:46:57.011Z</time>
      </trkpt>
      <trkpt lat="-23.985403" lon="-48.014972">
        <ele>686.164828</ele>
        <time>2026-10-08T01:47:03.376Z</time>
      </trkpt>
      <trkpt lat="-23.985263" lon="-48.015006">
        <ele>686.994388</ele>
        <time>2026-10-08T01:47:08.519Z</time>
      </trkpt>
      <trkpt lat="-23.985135" lon="-48.015096">
        <ele>687.874459</ele>
        <time>2026-10-08T01:47:13.911Z</time>
      </trkpt>
      <trkpt lat="-23.985023" lon="-48.015143">
        <ele>688.568337</ele>
        <time>2026-10-08T01:47:18.101Z</time>
      </trkpt>
      <trkpt lat="-23.984929" lon="-48.015114">
        <ele>689.133291</ele>
        <time>2026-10-08T01:47:21.519Z</time>
      </trkpt>
      <trkpt lat="-23.984853" lon="-48.014986">
        <ele>689.940106</ele>
        <time>2026-10-08T01:47:26.448Z</time>
      </trkpt>
      <trkpt lat="-23.984731" lon="-48.014347">
        <ele>693.390328</ele>
        <time>2026-10-08T01:47:49.107Z</time>
      </trkpt>
      <trkpt lat="-23.984658" lon="-48.014187">
        <ele>694.230191</ele>
        <time>2026-10-08T01:47:55.806Z</time>
      </trkpt>
      <trkpt lat="-23.984492" lon="-48.014047">
        <ele>695.164723</ele>
        <time>2026-10-08T01:48:04.752Z</time>
      </trkpt>
      <trkpt lat="-23.984117" lon="-48.013867">
        <ele>696.990741</ele>
        <time>2026-10-08T01:48:21.858Z</time>
      </trkpt>
      <trkpt lat="-23.983967" lon="-48.013770">
        <ele>697.767679</ele>
        <time>2026-10-08T01:48:28.465Z</time>
      </trkpt>
      <trkpt lat="-23.983532" lon="-48.013411">
        <ele>700.197174</ele>
        <time>2026-10-08T01:48:45.643Z</time>
      </trkpt>
      <trkpt lat="-23.983437" lon="-48.013346">
        <ele>700.696784</ele>
        <time>2026-10-08T01:48:48.474Z</time>
      </trkpt>
      <trkpt lat="-23.983334" lon="-48.013318">
        <ele>701.170057</ele>
        <time>2026-10-08T01:48:50.978Z</time>
      </trkpt>
      <trkpt lat="-23.982949" lon="-48.013310">
        <ele>701.874146</ele>
        <time>2026-10-08T01:48:58.567Z</time>
      </trkpt>
      <trkpt lat="-23.982101" lon="-48.013548">
        <ele>701.785799</ele>
        <time>2026-10-08T01:49:10.172Z</time>
      </trkpt>
      <trkpt lat="-23.978970" lon="-48.014536">
        <ele>701.453976</ele>
        <time>2026-10-08T01:49:51.099Z</time>
      </trkpt>
      <trkpt lat="-23.978436" lon="-48.014708">
        <ele>702.337821</ele>
        <time>2026-10-08T01:50:05.622Z</time>
      </trkpt>
      <trkpt lat="-23.977566" lon="-48.015043">
        <ele>704.079083</ele>
        <time>2026-10-08T01:50:34.063Z</time>
      </trkpt>
      <trkpt lat="-23.977311" lon="-48.015181">
        <ele>704.710132</ele>
        <time>2026-10-08T01:50:42.064Z</time>
      </trkpt>
      <trkpt lat="-23.977044" lon="-48.015417">
        <ele>705.471462</ele>
        <time>2026-10-08T01:50:50.625Z</time>
      </trkpt>
      <trkpt lat="-23.976735" lon="-48.015801">
        <ele>706.508599</ele>
        <time>2026-10-08T01:51:00.346Z</time>
      </trkpt>
      <trkpt lat="-23.975832" lon="-48.017452">
        <ele>706.354997</ele>
        <time>2026-10-08T01:51:24.596Z</time>
      </trkpt>
      <trkpt lat="-23.975544" lon="-48.017898">
        <ele>705.922111</ele>
        <time>2026-10-08T01:51:30.394Z</time>
      </trkpt>
      <trkpt lat="-23.975300" lon="-48.018144">
        <ele>705.440548</ele>
        <time>2026-10-08T01:51:34.053Z</time>
      </trkpt>
      <trkpt lat="-23.974974" lon="-48.018275">
        <ele>704.936446</ele>
        <time>2026-10-08T01:51:37.859Z</time>
      </trkpt>
      <trkpt lat="-23.974340" lon="-48.018390">
        <ele>704.003595</ele>
        <time>2026-10-08T01:51:44.941Z</time>
      </trkpt>
      <trkpt lat="-23.973064" lon="-48.018583">
        <ele>704.404228</ele>
        <time>2026-10-08T01:52:02.550Z</time>
      </trkpt>
      <trkpt lat="-23.972499" lon="-48.018772">
        <ele>704.880853</ele>
        <time>2026-10-08T01:52:16.812Z</time>
      </trkpt>
      <trkpt lat="-23.971666" lon="-48.018915">
        <ele>705.033681</ele>
        <time>2026-10-08T01:52:38.660Z</time>
      </trkpt>
      <trkpt lat="-23.971471" lon="-48.018995">
        <ele>705.030264</ele>
        <time>2026-10-08T01:52:42.827Z</time>
      </trkpt>
      <trkpt lat="-23.971144" lon="-48.019189">
        <ele>705.024162</ele>
        <time>2026-10-08T01:52:48.658Z</time>
      </trkpt>
      <trkpt lat="-23.969621" lon="-48.020054">
        <ele>700.737908</ele>
        <time>2026-10-08T01:53:05.833Z</time>
      </trkpt>
      <trkpt lat="-23.969206" lon="-48.020324">
        <ele>698.923750</ele>
        <time>2026-10-08T01:53:10.487Z</time>
      </trkpt>
      <trkpt lat="-23.969112" lon="-48.020414">
        <ele>698.454439</ele>
        <time>2026-10-08T01:53:11.689Z</time>
      </trkpt>
      <trkpt lat="-23.968977" lon="-48.020597">
        <ele>697.664892</ele>
        <time>2026-10-08T01:53:13.745Z</time>
      </trkpt>
      <trkpt lat="-23.968899" lon="-48.020794">
        <ele>696.949499</ele>
        <time>2026-10-08T01:53:15.611Z</time>
      </trkpt>
      <trkpt lat="-23.968778" lon="-48.021229">
        <ele>695.434373</ele>
        <time>2026-10-08T01:53:19.576Z</time>
      </trkpt>
      <trkpt lat="-23.968657" lon="-48.021443">
        <ele>694.595833</ele>
        <time>2026-10-08T01:53:21.792Z</time>
      </trkpt>
      <trkpt lat="-23.968594" lon="-48.021513">
        <ele>694.268449</ele>
        <time>2026-10-08T01:53:22.672Z</time>
      </trkpt>
      <trkpt lat="-23.968463" lon="-48.021600">
        <ele>693.709672</ele>
        <time>2026-10-08T01:53:24.188Z</time>
      </trkpt>
      <trkpt lat="-23.968122" lon="-48.021777">
        <ele>692.333425</ele>
        <time>2026-10-08T01:53:27.963Z</time>
      </trkpt>
      <trkpt lat="-23.967965" lon="-48.021825">
        <ele>691.738997</ele>
        <time>2026-10-08T01:53:29.634Z</time>
      </trkpt>
      <trkpt lat="-23.966656" lon="-48.021991">
        <ele>691.665246</ele>
        <time>2026-10-08T01:53:47.299Z</time>
      </trkpt>
      <trkpt lat="-23.965452" lon="-48.022262">
        <ele>692.764060</ele>
        <time>2026-10-08T01:54:16.066Z</time>
      </trkpt>
      <trkpt lat="-23.963923" lon="-48.022571">
        <ele>694.685247</ele>
        <time>2026-10-08T01:54:46.514Z</time>
      </trkpt>
      <trkpt lat="-23.963338" lon="-48.022654">
        <ele>695.068696</ele>
        <time>2026-10-08T01:54:56.596Z</time>
      </trkpt>
      <trkpt lat="-23.962933" lon="-48.022675">
        <ele>695.332252</ele>
        <time>2026-10-08T01:55:03.426Z</time>
      </trkpt>
      <trkpt lat="-23.962646" lon="-48.022648">
        <ele>695.519498</ele>
        <time>2026-10-08T01:55:08.248Z</time>
      </trkpt>
      <trkpt lat="-23.961606" lon="-48.022458">
        <ele>695.021703</ele>
        <time>2026-10-08T01:55:24.010Z</time>
      </trkpt>
      <trkpt lat="-23.961433" lon="-48.022457">
        <ele>694.935862</ele>
        <time>2026-10-08T01:55:26.219Z</time>
      </trkpt>
      <trkpt lat="-23.961024" lon="-48.022535">
        <ele>694.729864</ele>
        <time>2026-10-08T01:55:31.258Z</time>
      </trkpt>
      <trkpt lat="-23.955987" lon="-48.023759">
        <ele>685.717710</ele>
        <time>2026-10-08T01:56:28.420Z</time>
      </trkpt>
      <trkpt lat="-23.955434" lon="-48.023889">
        <ele>684.917198</ele>
        <time>2026-10-08T01:56:35.549Z</time>
      </trkpt>
      <trkpt lat="-23.954342" lon="-48.024148">
        <ele>683.894208</ele>
        <time>2026-10-08T01:56:49.530Z</time>
      </trkpt>
      <trkpt lat="-23.950427" lon="-48.025060">
        <ele>680.423263</ele>
        <time>2026-10-08T01:57:38.901Z</time>
      </trkpt>
      <trkpt lat="-23.949699" lon="-48.025089">
        <ele>680.378845</ele>
        <time>2026-10-08T01:57:49.539Z</time>
      </trkpt>
      <trkpt lat="-23.949025" lon="-48.024982">
        <ele>680.439978</ele>
        <time>2026-10-08T01:58:00.415Z</time>
      </trkpt>
      <trkpt lat="-23.948722" lon="-48.024885">
        <ele>680.468316</ele>
        <time>2026-10-08T01:58:05.475Z</time>
      </trkpt>
      <trkpt lat="-23.944527" lon="-48.023324">
        <ele>682.367424</ele>
        <time>2026-10-08T01:59:17.946Z</time>
      </trkpt>
      <trkpt lat="-23.944226" lon="-48.023262">
        <ele>682.608255</ele>
        <time>2026-10-08T01:59:23.455Z</time>
      </trkpt>
      <trkpt lat="-23.943963" lon="-48.023268">
        <ele>682.815094</ele>
        <time>2026-10-08T01:59:28.273Z</time>
      </trkpt>
      <trkpt lat="-23.943532" lon="-48.023351">
        <ele>683.159195</ele>
        <time>2026-10-08T01:59:36.539Z</time>
      </trkpt>
      <trkpt lat="-23.942806" lon="-48.023550">
        <ele>684.225712</ele>
        <time>2026-10-08T01:59:51.397Z</time>
      </trkpt>
      <trkpt lat="-23.942259" lon="-48.023804">
        <ele>685.172487</ele>
        <time>2026-10-08T02:00:03.962Z</time>
      </trkpt>
      <trkpt lat="-23.940406" lon="-48.024837">
        <ele>688.693682</ele>
        <time>2026-10-08T02:00:51.412Z</time>
      </trkpt>
      <trkpt lat="-23.939730" lon="-48.025140">
        <ele>689.249598</ele>
        <time>2026-10-08T02:01:05.652Z</time>
      </trkpt>
      <trkpt lat="-23.937114" lon="-48.026032">
        <ele>688.156051</ele>
        <time>2026-10-08T02:01:41.833Z</time>
      </trkpt>
      <trkpt lat="-23.936175" lon="-48.026353">
        <ele>687.336364</ele>
        <time>2026-10-08T02:01:53.255Z</time>
      </trkpt>
      <trkpt lat="-23.935794" lon="-48.026450">
        <ele>686.988041</ele>
        <time>2026-10-08T02:01:57.847Z</time>
      </trkpt>
      <trkpt lat="-23.934916" lon="-48.026621">
        <ele>686.200455</ele>
        <time>2026-10-08T02:02:09.442Z</time>
      </trkpt>
      <trkpt lat="-23.934498" lon="-48.026648">
        <ele>686.090363</ele>
        <time>2026-10-08T02:02:15.786Z</time>
      </trkpt>
      <trkpt lat="-23.933920" lon="-48.026579">
        <ele>685.937493</ele>
        <time>2026-10-08T02:02:25.025Z</time>
      </trkpt>
      <trkpt lat="-23.933685" lon="-48.026499">
        <ele>685.872785</ele>
        <time>2026-10-08T02:02:28.929Z</time>
      </trkpt>
      <trkpt lat="-23.932811" lon="-48.026060">
        <ele>684.823717</ele>
        <time>2026-10-08T02:02:41.050Z</time>
      </trkpt>
      <trkpt lat="-23.932311" lon="-48.025821">
        <ele>683.645171</ele>
        <time>2026-10-08T02:02:46.986Z</time>
      </trkpt>
      <trkpt lat="-23.931935" lon="-48.025707">
        <ele>682.802424</ele>
        <time>2026-10-08T02:02:51.088Z</time>
      </trkpt>
      <trkpt lat="-23.931647" lon="-48.025661">
        <ele>682.173766</ele>
        <time>2026-10-08T02:02:54.067Z</time>
      </trkpt>
      <trkpt lat="-23.930378" lon="-48.025469">
        <ele>677.178558</ele>
        <time>2026-10-08T02:03:06.831Z</time>
      </trkpt>
      <trkpt lat="-23.928931" lon="-48.025194">
        <ele>669.984117</ele>
        <time>2026-10-08T02:03:20.584Z</time>
      </trkpt>
      <trkpt lat="-23.928624" lon="-48.025225">
        <ele>668.276166</ele>
        <time>2026-10-08T02:03:23.458Z</time>
      </trkpt>
      <trkpt lat="-23.927768" lon="-48.025509">
        <ele>662.888079</ele>
        <time>2026-10-08T02:03:31.715Z</time>
      </trkpt>
      <trkpt lat="-23.927446" lon="-48.025529">
        <ele>660.414537</ele>
        <time>2026-10-08T02:03:34.617Z</time>
      </trkpt>
      <trkpt lat="-23.927223" lon="-48.025474">
        <ele>658.661325</ele>
        <time>2026-10-08T02:03:36.643Z</time>
      </trkpt>
      <trkpt lat="-23.927087" lon="-48.025391">
        <ele>657.466961</ele>
        <time>2026-10-08T02:03:38.011Z</time>
      </trkpt>
      <trkpt lat="-23.926836" lon="-48.025120">
        <ele>654.762330</ele>
        <time>2026-10-08T02:03:41.088Z</time>
      </trkpt>
      <trkpt lat="-23.926767" lon="-48.024999">
        <ele>653.762539</ele>
        <time>2026-10-08T02:03:42.218Z</time>
      </trkpt>
      <trkpt lat="-23.926691" lon="-48.024785">
        <ele>652.153063</ele>
        <time>2026-10-08T02:03:44.050Z</time>
      </trkpt>
      <trkpt lat="-23.926577" lon="-48.024377">
        <ele>649.587265</ele>
        <time>2026-10-08T02:03:47.478Z</time>
      </trkpt>
      <trkpt lat="-23.926482" lon="-48.024238">
        <ele>648.717736</ele>
        <time>2026-10-08T02:03:48.893Z</time>
      </trkpt>
      <trkpt lat="-23.926391" lon="-48.024141">
        <ele>648.021360</ele>
        <time>2026-10-08T02:03:50.045Z</time>
      </trkpt>
      <trkpt lat="-23.926313" lon="-48.024098">
        <ele>647.542631</ele>
        <time>2026-10-08T02:03:50.833Z</time>
      </trkpt>
      <trkpt lat="-23.926050" lon="-48.024032">
        <ele>646.063690</ele>
        <time>2026-10-08T02:03:53.345Z</time>
      </trkpt>
      <trkpt lat="-23.925877" lon="-48.024020">
        <ele>645.113573</ele>
        <time>2026-10-08T02:03:54.997Z</time>
      </trkpt>
      <trkpt lat="-23.925626" lon="-48.024062">
        <ele>643.721843</ele>
        <time>2026-10-08T02:03:57.471Z</time>
      </trkpt>
      <trkpt lat="-23.925536" lon="-48.024111">
        <ele>643.170843</ele>
        <time>2026-10-08T02:03:58.467Z</time>
      </trkpt>
      <trkpt lat="-23.925105" lon="-48.024476">
        <ele>640.205089</ele>
        <time>2026-10-08T02:04:03.897Z</time>
      </trkpt>
      <trkpt lat="-23.924951" lon="-48.024541">
        <ele>639.332466</ele>
        <time>2026-10-08T02:04:05.511Z</time>
      </trkpt>
      <trkpt lat="-23.924736" lon="-48.024566">
        <ele>638.189449</ele>
        <time>2026-10-08T02:04:07.603Z</time>
      </trkpt>
      <trkpt lat="-23.924438" lon="-48.024551">
        <ele>636.612383</ele>
        <time>2026-10-08T02:04:10.401Z</time>
      </trkpt>
      <trkpt lat="-23.923621" lon="-48.024735">
        <ele>632.202676</ele>
        <time>2026-10-08T02:04:17.939Z</time>
      </trkpt>
      <trkpt lat="-23.923499" lon="-48.024724">
        <ele>631.555527</ele>
        <time>2026-10-08T02:04:19.066Z</time>
      </trkpt>
      <trkpt lat="-23.923406" lon="-48.024687">
        <ele>631.178094</ele>
        <time>2026-10-08T02:04:19.984Z</time>
      </trkpt>
      <trkpt lat="-23.923305" lon="-48.024619">
        <ele>630.912968</ele>
        <time>2026-10-08T02:04:21.086Z</time>
      </trkpt>
      <trkpt lat="-23.923203" lon="-48.024472">
        <ele>630.535829</ele>
        <time>2026-10-08T02:04:22.677Z</time>
      </trkpt>
      <trkpt lat="-23.923080" lon="-48.024235">
        <ele>629.978901</ele>
        <time>2026-10-08T02:04:25.107Z</time>
      </trkpt>
      <trkpt lat="-23.922552" lon="-48.023217">
        <ele>627.587055</ele>
        <time>2026-10-08T02:04:37.617Z</time>
      </trkpt>
      <trkpt lat="-23.922228" lon="-48.022887">
        <ele>627.929786</ele>
        <time>2026-10-08T02:04:46.348Z</time>
      </trkpt>
      <trkpt lat="-23.921767" lon="-48.022467">
        <ele>629.269810</ele>
        <time>2026-10-08T02:04:59.221Z</time>
      </trkpt>
      <trkpt lat="-23.921556" lon="-48.022288">
        <ele>629.866210</ele>
        <time>2026-10-08T02:05:05.740Z</time>
      </trkpt>
      <trkpt lat="-23.921265" lon="-48.022111">
        <ele>630.609908</ele>
        <time>2026-10-08T02:05:14.565Z</time>
      </trkpt>
      <trkpt lat="-23.920946" lon="-48.021974">
        <ele>631.499277</ele>
        <time>2026-10-08T02:05:24.415Z</time>
      </trkpt>
      <trkpt lat="-23.919314" lon="-48.021612">
        <ele>640.122029</ele>
        <time>2026-10-08T02:06:24.646Z</time>
      </trkpt>
      <trkpt lat="-23.919000" lon="-48.021512">
        <ele>642.005370</ele>
        <time>2026-10-08T02:06:37.897Z</time>
      </trkpt>
      <trkpt lat="-23.918769" lon="-48.021380">
        <ele>643.564873</ele>
        <time>2026-10-08T02:06:48.496Z</time>
      </trkpt>
      <trkpt lat="-23.918165" lon="-48.020900">
        <ele>648.032182</ele>
        <time>2026-10-08T02:07:18.576Z</time>
      </trkpt>
      <trkpt lat="-23.918075" lon="-48.020802">
        <ele>648.792052</ele>
        <time>2026-10-08T02:07:23.439Z</time>
      </trkpt>
      <trkpt lat="-23.917749" lon="-48.020414">
        <ele>651.640181</ele>
        <time>2026-10-08T02:07:41.303Z</time>
      </trkpt>
      <trkpt lat="-23.917281" lon="-48.019777">
        <ele>655.622691</ele>
        <time>2026-10-08T02:08:07.660Z</time>
      </trkpt>
      <trkpt lat="-23.916590" lon="-48.018838">
        <ele>661.579657</ele>
        <time>2026-10-08T02:08:47.169Z</time>
      </trkpt>
      <trkpt lat="-23.916342" lon="-48.018644">
        <ele>663.448744</ele>
        <time>2026-10-08T02:08:58.815Z</time>
      </trkpt>
      <trkpt lat="-23.916104" lon="-48.018519">
        <ele>665.067248</ele>
        <time>2026-10-08T02:09:09.075Z</time>
      </trkpt>
      <trkpt lat="-23.915653" lon="-48.018396">
        <ele>667.916725</ele>
        <time>2026-10-08T02:09:27.559Z</time>
      </trkpt>
      <trkpt lat="-23.915380" lon="-48.018361">
        <ele>669.601800</ele>
        <time>2026-10-08T02:09:38.778Z</time>
      </trkpt>
      <trkpt lat="-23.914709" lon="-48.018346">
        <ele>673.857859</ele>
        <time>2026-10-08T02:10:06.554Z</time>
      </trkpt>
      <trkpt lat="-23.914391" lon="-48.018306">
        <ele>675.979648</ele>
        <time>2026-10-08T02:10:19.967Z</time>
      </trkpt>
      <trkpt lat="-23.913973" lon="-48.018154">
        <ele>678.899486</ele>
        <time>2026-10-08T02:10:38.673Z</time>
      </trkpt>
      <trkpt lat="-23.913078" lon="-48.017724">
        <ele>685.150047</ele>
        <time>2026-10-08T02:11:19.101Z</time>
      </trkpt>
      <trkpt lat="-23.912547" lon="-48.017484">
        <ele>688.370532</ele>
        <time>2026-10-08T02:11:40.959Z</time>
      </trkpt>
      <trkpt lat="-23.912248" lon="-48.017427">
        <ele>690.071784</ele>
        <time>2026-10-08T02:11:52.023Z</time>
      </trkpt>
      <trkpt lat="-23.911898" lon="-48.017378">
        <ele>692.049649</ele>
        <time>2026-10-08T02:12:04.497Z</time>
      </trkpt>
      <trkpt lat="-23.911682" lon="-48.017317">
        <ele>693.300097</ele>
        <time>2026-10-08T02:12:12.274Z</time>
      </trkpt>
      <trkpt lat="-23.911514" lon="-48.017209">
        <ele>694.292790</ele>
        <time>2026-10-08T02:12:19.070Z</time>
      </trkpt>
      <trkpt lat="-23.911338" lon="-48.017011">
        <ele>695.368330</ele>
        <time>2026-10-08T02:12:27.889Z</time>
      </trkpt>
      <trkpt lat="-23.911178" lon="-48.016702">
        <ele>696.751364</ele>
        <time>2026-10-08T02:12:39.132Z</time>
      </trkpt>
      <trkpt lat="-23.911115" lon="-48.016420">
        <ele>697.881934</ele>
        <time>2026-10-08T02:12:48.109Z</time>
      </trkpt>
      <trkpt lat="-23.911025" lon="-48.015864">
        <ele>700.080964</ele>
        <time>2026-10-08T02:13:04.525Z</time>
      </trkpt>
      <trkpt lat="-23.910949" lon="-48.015609">
        <ele>701.125510</ele>
        <time>2026-10-08T02:13:11.718Z</time>
      </trkpt>
      <trkpt lat="-23.910819" lon="-48.015406">
        <ele>701.769465</ele>
        <time>2026-10-08T02:13:18.045Z</time>
      </trkpt>
      <trkpt lat="-23.910685" lon="-48.015262">
        <ele>701.999440</ele>
        <time>2026-10-08T02:13:23.058Z</time>
      </trkpt>
      <trkpt lat="-23.909493" lon="-48.014346">
        <ele>703.782904</ele>
        <time>2026-10-08T02:13:51.604Z</time>
      </trkpt>
      <trkpt lat="-23.909312" lon="-48.014234">
        <ele>703.248972</ele>
        <time>2026-10-08T02:13:54.076Z</time>
      </trkpt>
      <trkpt lat="-23.908916" lon="-48.014017">
        <ele>701.604770</ele>
        <time>2026-10-08T02:13:58.787Z</time>
      </trkpt>
      <trkpt lat="-23.908742" lon="-48.013946">
        <ele>700.915358</ele>
        <time>2026-10-08T02:14:00.637Z</time>
      </trkpt>
      <trkpt lat="-23.908541" lon="-48.013898">
        <ele>700.151619</ele>
        <time>2026-10-08T02:14:02.627Z</time>
      </trkpt>
      <trkpt lat="-23.907380" lon="-48.013796">
        <ele>695.834882</ele>
        <time>2026-10-08T02:14:13.384Z</time>
      </trkpt>
      <trkpt lat="-23.906905" lon="-48.013682">
        <ele>694.039168</ele>
        <time>2026-10-08T02:14:17.920Z</time>
      </trkpt>
      <trkpt lat="-23.906419" lon="-48.013497">
        <ele>692.138995</ele>
        <time>2026-10-08T02:14:23.052Z</time>
      </trkpt>
      <trkpt lat="-23.906132" lon="-48.013312">
        <ele>690.908886</ele>
        <time>2026-10-08T02:14:26.783Z</time>
      </trkpt>
      <trkpt lat="-23.905908" lon="-48.013086">
        <ele>690.744171</ele>
        <time>2026-10-08T02:14:30.831Z</time>
      </trkpt>
      <trkpt lat="-23.905618" lon="-48.012667">
        <ele>691.274194</ele>
        <time>2026-10-08T02:14:39.616Z</time>
      </trkpt>
      <trkpt lat="-23.905475" lon="-48.012382">
        <ele>691.602075</ele>
        <time>2026-10-08T02:14:46.015Z</time>
      </trkpt>
      <trkpt lat="-23.905267" lon="-48.011803">
        <ele>692.229490</ele>
        <time>2026-10-08T02:14:58.275Z</time>
      </trkpt>
      <trkpt lat="-23.905164" lon="-48.011600">
        <ele>692.463643</ele>
        <time>2026-10-08T02:15:03.417Z</time>
      </trkpt>
      <trkpt lat="-23.905020" lon="-48.011433">
        <ele>692.723816</ele>
        <time>2026-10-08T02:15:08.768Z</time>
      </trkpt>
      <trkpt lat="-23.904575" lon="-48.011146">
        <ele>693.380682</ele>
        <time>2026-10-08T02:15:21.713Z</time>
      </trkpt>
      <trkpt lat="-23.904246" lon="-48.010942">
        <ele>693.861558</ele>
        <time>2026-10-08T02:15:30.285Z</time>
      </trkpt>
      <trkpt lat="-23.903894" lon="-48.010725">
        <ele>694.375329</ele>
        <time>2026-10-08T02:15:38.036Z</time>
      </trkpt>
      <trkpt lat="-23.903513" lon="-48.010564">
        <ele>694.596041</ele>
        <time>2026-10-08T02:15:45.128Z</time>
      </trkpt>
      <trkpt lat="-23.900515" lon="-48.009880">
        <ele>686.609464</ele>
        <time>2026-10-08T02:16:16.330Z</time>
      </trkpt>
      <trkpt lat="-23.900295" lon="-48.009886">
        <ele>686.010310</ele>
        <time>2026-10-08T02:16:18.662Z</time>
      </trkpt>
      <trkpt lat="-23.899996" lon="-48.009943">
        <ele>685.322892</ele>
        <time>2026-10-08T02:16:22.006Z</time>
      </trkpt>
      <trkpt lat="-23.899500" lon="-48.010083">
        <ele>684.980608</ele>
        <time>2026-10-08T02:16:28.089Z</time>
      </trkpt>
      <trkpt lat="-23.897779" lon="-48.010562">
        <ele>684.048124</ele>
        <time>2026-10-08T02:16:53.633Z</time>
      </trkpt>
      <trkpt lat="-23.897483" lon="-48.010596">
        <ele>683.985028</ele>
        <time>2026-10-08T02:16:57.849Z</time>
      </trkpt>
      <trkpt lat="-23.893888" lon="-48.010589">
        <ele>682.993643</ele>
        <time>2026-10-08T02:17:47.244Z</time>
      </trkpt>
      <trkpt lat="-23.892825" lon="-48.010561">
        <ele>682.771567</ele>
        <time>2026-10-08T02:18:03.103Z</time>
      </trkpt>
      <trkpt lat="-23.891831" lon="-48.010399">
        <ele>682.686155</ele>
        <time>2026-10-08T02:18:15.926Z</time>
      </trkpt>
      <trkpt lat="-23.891410" lon="-48.010269">
        <ele>682.648976</ele>
        <time>2026-10-08T02:18:22.832Z</time>
      </trkpt>
      <trkpt lat="-23.891240" lon="-48.010170">
        <ele>682.632607</ele>
        <time>2026-10-08T02:18:26.390Z</time>
      </trkpt>
      <trkpt lat="-23.890911" lon="-48.009905">
        <ele>682.628652</ele>
        <time>2026-10-08T02:18:33.729Z</time>
      </trkpt>
      <trkpt lat="-23.890850" lon="-48.009853">
        <ele>682.628652</ele>
        <time>2026-10-08T02:18:35.254Z</time>
      </trkpt>
      <trkpt lat="-23.890753" lon="-48.009803">
        <ele>682.628652</ele>
        <time>2026-10-08T02:18:37.319Z</time>
      </trkpt>
      <trkpt lat="-23.890647" lon="-48.009786">
        <ele>682.628652</ele>
        <time>2026-10-08T02:18:39.451Z</time>
      </trkpt>
      <trkpt lat="-23.890540" lon="-48.009802">
        <ele>682.628652</ele>
        <time>2026-10-08T02:18:41.690Z</time>
      </trkpt>
      <trkpt lat="-23.890442" lon="-48.009850">
        <ele>682.628652</ele>
        <time>2026-10-08T02:18:43.983Z</time>
      </trkpt>
      <trkpt lat="-23.890360" lon="-48.009926">
        <ele>682.628652</ele>
        <time>2026-10-08T02:18:46.312Z</time>
      </trkpt>
      <trkpt lat="-23.890301" lon="-48.010024">
        <ele>682.628652</ele>
        <time>2026-10-08T02:18:48.760Z</time>
      </trkpt>
      <trkpt lat="-23.890264" lon="-48.010184">
        <ele>682.628652</ele>
        <time>2026-10-08T02:18:52.224Z</time>
      </trkpt>
      <trkpt lat="-23.890098" lon="-48.010495">
        <ele>682.628652</ele>
        <time>2026-10-08T02:18:59.741Z</time>
      </trkpt>
    </trkseg>
  </trk>
</gpx>