<?xml version="1.0" encoding="UTF-8"?>
<gpx xmlns:gpxdata="http://www.cluetrust.com/XML/GPXDATA/1/0" xmlns:xsi="http://www.w3.org/2001/XMLSchema-instance" xmlns="http://www.topografix.com/GPX/1/1" version="1.1" creator="http://ridewithgps.com/" xsi:schemaLocation="http://www.topografix.com/GPX/1/1 http://www.topografix.com/GPX/1/1/gpx.xsd http://www.cluetrust.com/XML/GPXDATA/1/0 http://www.cluetrust.com/Schemas/gpxdata10.xsd">
  <metadata>
    <name>Paris Roubaix 170km</name>
    <link href="https://ridewithgps.com/routes/53419610">
      <text>Paris Roubaix 170km</text>
    </link>
    <time>2025-11-30T11:54:33Z</time>
  </metadata>
  <trk>
    <name>Paris Roubaix 170km</name>
    <trkseg>
      <trkpt lat="50.03537" lon="3.469">
        <ele>150.2</ele>
      </trkpt>
      <trkpt lat="50.03537" lon="3.46899">
        <ele>150.1</ele>
      </trkpt>
      <trkpt lat="50.03554" lon="3.46899">
        <ele>149.9</ele>
      </trkpt>
      <trkpt lat="50.03597" lon="3.46917">
        <ele>149.8</ele>
      </trkpt>
      <trkpt lat="50.03623" lon="3.46932">
        <ele>150.0</ele>
      </trkpt>
      <trkpt lat="50.0364" lon="3.46902">
        <ele>149.1</ele>
      </trkpt>
      <trkpt lat="50.0366" lon="3.46873">
        <ele>148.5</ele>
      </trkpt>
      <trkpt lat="50.03677" lon="3.4686">
        <ele>148.2</ele>
      </trkpt>
      <trkpt lat="50.03684" lon="3.46835">
        <ele>147.8</ele>
      </trkpt>
      <trkpt lat="50.0372" lon="3.46839">
        <ele>147.4</ele>
      </trkpt>
      <trkpt lat="50.0376" lon="3.46852">
        <ele>147.1</ele>
      </trkpt>
      <trkpt lat="50.03773" lon="3.46863">
        <ele>147.0</ele>
      </trkpt>
      <trkpt lat="50.03784" lon="3.46826">
        <ele>146.4</ele>
      </trkpt>
      <trkpt lat="50.03814" lon="3.46708">
        <ele>143.2</ele>
      </trkpt>
      <trkpt lat="50.03848" lon="3.46621">
        <ele>141.4</ele>
      </trkpt>
      <trkpt lat="50.0387" lon="3.46549">
        <ele>141.6</ele>
      </trkpt>
      <trkpt lat="50.03909" lon="3.4647">
        <ele>143.8</ele>
      </trkpt>
      <trkpt lat="50.03949" lon="3.4639">
        <ele>146.6</ele>
      </trkpt>
      <trkpt lat="50.03989" lon="3.46311">
        <ele>148.0</ele>
      </trkpt>
      <trkpt lat="50.04003" lon="3.4628">
        <ele>147.9</ele>
      </trkpt>
      <trkpt lat="50.04047" lon="3.46172">
        <ele>146.3</ele>
      </trkpt>
      <trkpt lat="50.04092" lon="3.46063">
        <ele>144.8</ele>
      </trkpt>
      <trkpt lat="50.04133" lon="3.45973">
        <ele>145.1</ele>
      </trkpt>
      <trkpt lat="50.04183" lon="3.45876">
        <ele>147.0</ele>
      </trkpt>
      <trkpt lat="50.04233" lon="3.4578">
        <ele>147.2</ele>
      </trkpt>
      <trkpt lat="50.04247" lon="3.45755">
        <ele>147.0</ele>
      </trkpt>
      <trkpt lat="50.04259" lon="3.45737">
        <ele>146.8</ele>
      </trkpt>
      <trkpt lat="50.04284" lon="3.4571">
        <ele>146.2</ele>
      </trkpt>
      <trkpt lat="50.04345" lon="3.45658">
        <ele>144.8</ele>
      </trkpt>
      <trkpt lat="50.04405" lon="3.45607">
        <ele>144.6</ele>
      </trkpt>
      <trkpt lat="50.04465" lon="3.45556">
        <ele>144.4</ele>
      </trkpt>
      <trkpt lat="50.04526" lon="3.45504">
        <ele>144.6</ele>
      </trkpt>
      <trkpt lat="50.04575" lon="3.45454">
        <ele>144.7</ele>
      </trkpt>
      <trkpt lat="50.04624" lon="3.45405">
        <ele>145.1</ele>
      </trkpt>
      <trkpt lat="50.04682" lon="3.45344">
        <ele>145.5</ele>
      </trkpt>
      <trkpt lat="50.0474" lon="3.45284">
        <ele>143.6</ele>
      </trkpt>
      <trkpt lat="50.04798" lon="3.45223">
        <ele>143.2</ele>
      </trkpt>
      <trkpt lat="50.04826" lon="3.45192">
        <ele>143.6</ele>
      </trkpt>
      <trkpt lat="50.04851" lon="3.45168">
        <ele>143.6</ele>
      </trkpt>
      <trkpt lat="50.04877" lon="3.45153">
        <ele>143.0</ele>
      </trkpt>
      <trkpt lat="50.04892" lon="3.4515">
        <ele>142.7</ele>
      </trkpt>
      <trkpt lat="50.04906" lon="3.4515">
        <ele>142.4</ele>
      </trkpt>
      <trkpt lat="50.04956" lon="3.45161">
        <ele>141.2</ele>
      </trkpt>
      <trkpt lat="50.04981" lon="3.45161">
        <ele>140.6</ele>
      </trkpt>
      <trkpt lat="50.05029" lon="3.45156">
        <ele>139.9</ele>
      </trkpt>
      <trkpt lat="50.05058" lon="3.45149">
        <ele>139.6</ele>
      </trkpt>
      <trkpt lat="50.0509" lon="3.45138">
        <ele>139.2</ele>
      </trkpt>
      <trkpt lat="50.05149" lon="3.45111">
        <ele>138.1</ele>
      </trkpt>
      <trkpt lat="50.05213" lon="3.45074">
        <ele>136.3</ele>
      </trkpt>
      <trkpt lat="50.05278" lon="3.45037">
        <ele>133.1</ele>
      </trkpt>
      <trkpt lat="50.05342" lon="3.45001">
        <ele>130.1</ele>
      </trkpt>
      <trkpt lat="50.05365" lon="3.44993">
        <ele>130.4</ele>
      </trkpt>
      <trkpt lat="50.0542" lon="3.44987">
        <ele>131.1</ele>
      </trkpt>
      <trkpt lat="50.05454" lon="3.44969">
        <ele>131.7</ele>
      </trkpt>
      <trkpt lat="50.05523" lon="3.44922">
        <ele>132.0</ele>
      </trkpt>
      <trkpt lat="50.05592" lon="3.44875">
        <ele>132.2</ele>
      </trkpt>
      <trkpt lat="50.05661" lon="3.44827">
        <ele>132.9</ele>
      </trkpt>
      <trkpt lat="50.05705" lon="3.44793">
        <ele>132.5</ele>
      </trkpt>
      <trkpt lat="50.05748" lon="3.44759">
        <ele>132.1</ele>
      </trkpt>
      <trkpt lat="50.05778" lon="3.44732">
        <ele>132.5</ele>
      </trkpt>
      <trkpt lat="50.05828" lon="3.44671">
        <ele>133.8</ele>
      </trkpt>
      <trkpt lat="50.05878" lon="3.4461">
        <ele>134.7</ele>
      </trkpt>
      <trkpt lat="50.05929" lon="3.44549">
        <ele>135.0</ele>
      </trkpt>
      <trkpt lat="50.05965" lon="3.44496">
        <ele>135.0</ele>
      </trkpt>
      <trkpt lat="50.06001" lon="3.44442">
        <ele>135.7</ele>
      </trkpt>
      <trkpt lat="50.0602" lon="3.44421">
        <ele>136.7</ele>
      </trkpt>
      <trkpt lat="50.06071" lon="3.44382">
        <ele>138.9</ele>
      </trkpt>
      <trkpt lat="50.06088" lon="3.44376">
        <ele>140.0</ele>
      </trkpt>
      <trkpt lat="50.06093" lon="3.44378">
        <ele>140.6</ele>
      </trkpt>
      <trkpt lat="50.06098" lon="3.44377">
        <ele>141.1</ele>
      </trkpt>
      <trkpt lat="50.06103" lon="3.44373">
        <ele>141.8</ele>
      </trkpt>
      <trkpt lat="50.06106" lon="3.44367">
        <ele>142.2</ele>
      </trkpt>
      <trkpt lat="50.06109" lon="3.44359">
        <ele>142.7</ele>
      </trkpt>
      <trkpt lat="50.06109" lon="3.44351">
        <ele>142.8</ele>
      </trkpt>
      <trkpt lat="50.06107" lon="3.44343">
        <ele>142.7</ele>
      </trkpt>
      <trkpt lat="50.06104" lon="3.44337">
        <ele>142.4</ele>
      </trkpt>
      <trkpt lat="50.06131" lon="3.44223">
        <ele>143.0</ele>
      </trkpt>
      <trkpt lat="50.06147" lon="3.44185">
        <ele>143.3</ele>
      </trkpt>
      <trkpt lat="50.06179" lon="3.44124">
        <ele>144.2</ele>
      </trkpt>
      <trkpt lat="50.06211" lon="3.44063">
        <ele>145.1</ele>
      </trkpt>
      <trkpt lat="50.06226" lon="3.44042">
        <ele>145.6</ele>
      </trkpt>
      <trkpt lat="50.06246" lon="3.44023">
        <ele>146.5</ele>
      </trkpt>
      <trkpt lat="50.0626" lon="3.44013">
        <ele>146.6</ele>
      </trkpt>
      <trkpt lat="50.06286" lon="3.44003">
        <ele>146.5</ele>
      </trkpt>
      <trkpt lat="50.06304" lon="3.44">
        <ele>146.6</ele>
      </trkpt>
      <trkpt lat="50.06321" lon="3.44002">
        <ele>146.9</ele>
      </trkpt>
      <trkpt lat="50.06351" lon="3.44012">
        <ele>147.7</ele>
      </trkpt>
      <trkpt lat="50.06397" lon="3.44039">
        <ele>148.7</ele>
      </trkpt>
      <trkpt lat="50.06442" lon="3.44066">
        <ele>148.5</ele>
      </trkpt>
      <trkpt lat="50.065" lon="3.44096">
        <ele>146.8</ele>
      </trkpt>
      <trkpt lat="50.06558" lon="3.44126">
        <ele>145.1</ele>
      </trkpt>
      <trkpt lat="50.06626" lon="3.44163">
        <ele>144.0</ele>
      </trkpt>
      <trkpt lat="50.0669" lon="3.44214">
        <ele>143.8</ele>
      </trkpt>
      <trkpt lat="50.06754" lon="3.44265">
        <ele>142.7</ele>
      </trkpt>
      <trkpt lat="50.06818" lon="3.44316">
        <ele>142.9</ele>
      </trkpt>
      <trkpt lat="50.06851" lon="3.4434">
        <ele>143.0</ele>
      </trkpt>
      <trkpt lat="50.06871" lon="3.44351">
        <ele>143.1</ele>
      </trkpt>
      <trkpt lat="50.06907" lon="3.44367">
        <ele>143.7</ele>
      </trkpt>
      <trkpt lat="50.06973" lon="3.44392">
        <ele>143.3</ele>
      </trkpt>
      <trkpt lat="50.07039" lon="3.44417">
        <ele>143.0</ele>
      </trkpt>
      <trkpt lat="50.07062" lon="3.44423">
        <ele>143.1</ele>
      </trkpt>
      <trkpt lat="50.07088" lon="3.44426">
        <ele>142.9</ele>
      </trkpt>
      <trkpt lat="50.07152" lon="3.44424">
        <ele>139.9</ele>
      </trkpt>
      <trkpt lat="50.07175" lon="3.44426">
        <ele>138.9</ele>
      </trkpt>
      <trkpt lat="50.07203" lon="3.44431">
        <ele>138.0</ele>
      </trkpt>
      <trkpt lat="50.07254" lon="3.44446">
        <ele>136.6</ele>
      </trkpt>
      <trkpt lat="50.07272" lon="3.44452">
        <ele>136.0</ele>
      </trkpt>
      <trkpt lat="50.07297" lon="3.44466">
        <ele>135.1</ele>
      </trkpt>
      <trkpt lat="50.07368" lon="3.44512">
        <ele>133.8</ele>
      </trkpt>
      <trkpt lat="50.07401" lon="3.44531">
        <ele>134.3</ele>
      </trkpt>
      <trkpt lat="50.07443" lon="3.44544">
        <ele>135.6</ele>
      </trkpt>
      <trkpt lat="50.07484" lon="3.44549">
        <ele>137.2</ele>
      </trkpt>
      <trkpt lat="50.07514" lon="3.44546">
        <ele>137.6</ele>
      </trkpt>
      <trkpt lat="50.07537" lon="3.44542">
        <ele>137.1</ele>
      </trkpt>
      <trkpt lat="50.07591" lon="3.44523">
        <ele>136.0</ele>
      </trkpt>
      <trkpt lat="50.07645" lon="3.44505">
        <ele>136.0</ele>
      </trkpt>
      <trkpt lat="50.07663" lon="3.44501">
        <ele>136.0</ele>
      </trkpt>
      <trkpt lat="50.07698" lon="3.44499">
        <ele>137.5</ele>
      </trkpt>
      <trkpt lat="50.07764" lon="3.44503">
        <ele>140.9</ele>
      </trkpt>
      <trkpt lat="50.07801" lon="3.44501">
        <ele>143.1</ele>
      </trkpt>
      <trkpt lat="50.07862" lon="3.4449">
        <ele>145.2</ele>
      </trkpt>
      <trkpt lat="50.07928" lon="3.44473">
        <ele>145.3</ele>
      </trkpt>
      <trkpt lat="50.07951" lon="3.44461">
        <ele>144.8</ele>
      </trkpt>
      <trkpt lat="50.07965" lon="3.44451">
        <ele>144.6</ele>
      </trkpt>
      <trkpt lat="50.08008" lon="3.44412">
        <ele>143.8</ele>
      </trkpt>
      <trkpt lat="50.08032" lon="3.44394">
        <ele>143.2</ele>
      </trkpt>
      <trkpt lat="50.08106" lon="3.44354">
        <ele>141.0</ele>
      </trkpt>
      <trkpt lat="50.08124" lon="3.44348">
        <ele>140.5</ele>
      </trkpt>
      <trkpt lat="50.08143" lon="3.44345">
        <ele>139.9</ele>
      </trkpt>
      <trkpt lat="50.08168" lon="3.44346">
        <ele>139.4</ele>
      </trkpt>
      <trkpt lat="50.08246" lon="3.44356">
        <ele>138.6</ele>
      </trkpt>
      <trkpt lat="50.08255" lon="3.44353">
        <ele>138.4</ele>
      </trkpt>
      <trkpt lat="50.08262" lon="3.44339">
        <ele>138.0</ele>
      </trkpt>
      <trkpt lat="50.08278" lon="3.44267">
        <ele>138.2</ele>
      </trkpt>
      <trkpt lat="50.08301" lon="3.44214">
        <ele>137.8</ele>
      </trkpt>
      <trkpt lat="50.08332" lon="3.44168">
        <ele>137.0</ele>
      </trkpt>
      <trkpt lat="50.08376" lon="3.44116">
        <ele>136.8</ele>
      </trkpt>
      <trkpt lat="50.08398" lon="3.44099">
        <ele>137.3</ele>
      </trkpt>
      <trkpt lat="50.08405" lon="3.44098">
        <ele>137.4</ele>
      </trkpt>
      <trkpt lat="50.08418" lon="3.44105">
        <ele>137.5</ele>
      </trkpt>
      <trkpt lat="50.08435" lon="3.44117">
        <ele>137.4</ele>
      </trkpt>
      <trkpt lat="50.08442" lon="3.44119">
        <ele>137.4</ele>
      </trkpt>
      <trkpt lat="50.08457" lon="3.44117">
        <ele>137.7</ele>
      </trkpt>
      <trkpt lat="50.08504" lon="3.44081">
        <ele>139.2</ele>
      </trkpt>
      <trkpt lat="50.08557" lon="3.44059">
        <ele>141.6</ele>
      </trkpt>
      <trkpt lat="50.0861" lon="3.44042">
        <ele>143.3</ele>
      </trkpt>
      <trkpt lat="50.08631" lon="3.44026">
        <ele>143.7</ele>
      </trkpt>
      <trkpt lat="50.08646" lon="3.44012">
        <ele>143.9</ele>
      </trkpt>
      <trkpt lat="50.08663" lon="3.4401">
        <ele>144.0</ele>
      </trkpt>
      <trkpt lat="50.08671" lon="3.44017">
        <ele>144.0</ele>
      </trkpt>
      <trkpt lat="50.08715" lon="3.44062">
        <ele>144.0</ele>
      </trkpt>
      <trkpt lat="50.08759" lon="3.44106">
        <ele>144.0</ele>
      </trkpt>
      <trkpt lat="50.08778" lon="3.4413">
        <ele>143.8</ele>
      </trkpt>
      <trkpt lat="50.08822" lon="3.44165">
        <ele>143.2</ele>
      </trkpt>
      <trkpt lat="50.08867" lon="3.44201">
        <ele>141.4</ele>
      </trkpt>
      <trkpt lat="50.08876" lon="3.44214">
        <ele>140.9</ele>
      </trkpt>
      <trkpt lat="50.08937" lon="3.44304">
        <ele>137.9</ele>
      </trkpt>
      <trkpt lat="50.08973" lon="3.44367">
        <ele>137.4</ele>
      </trkpt>
      <trkpt lat="50.0901" lon="3.44431">
        <ele>136.5</ele>
      </trkpt>
      <trkpt lat="50.09028" lon="3.44459">
        <ele>135.6</ele>
      </trkpt>
      <trkpt lat="50.09076" lon="3.44508">
        <ele>134.1</ele>
      </trkpt>
      <trkpt lat="50.09124" lon="3.44558">
        <ele>134.1</ele>
      </trkpt>
      <trkpt lat="50.09133" lon="3.4457">
        <ele>134.1</ele>
      </trkpt>
      <trkpt lat="50.0914" lon="3.44588">
        <ele>133.9</ele>
      </trkpt>
      <trkpt lat="50.09167" lon="3.44699">
        <ele>132.6</ele>
      </trkpt>
      <trkpt lat="50.09194" lon="3.44809">
        <ele>130.7</ele>
      </trkpt>
      <trkpt lat="50.09202" lon="3.44831">
        <ele>130.2</ele>
      </trkpt>
      <trkpt lat="50.09245" lon="3.44906">
        <ele>129.1</ele>
      </trkpt>
      <trkpt lat="50.09264" lon="3.44954">
        <ele>129.5</ele>
      </trkpt>
      <trkpt lat="50.09297" lon="3.45004">
        <ele>130.0</ele>
      </trkpt>
      <trkpt lat="50.0933" lon="3.45054">
        <ele>130.6</ele>
      </trkpt>
      <trkpt lat="50.09348" lon="3.45088">
        <ele>130.7</ele>
      </trkpt>
      <trkpt lat="50.09388" lon="3.45184">
        <ele>131.1</ele>
      </trkpt>
      <trkpt lat="50.09399" lon="3.45205">
        <ele>131.5</ele>
      </trkpt>
      <trkpt lat="50.09459" lon="3.45281">
        <ele>132.8</ele>
      </trkpt>
      <trkpt lat="50.09479" lon="3.45315">
        <ele>133.7</ele>
      </trkpt>
      <trkpt lat="50.09486" lon="3.45332">
        <ele>134.3</ele>
      </trkpt>
      <trkpt lat="50.09502" lon="3.45403">
        <ele>134.8</ele>
      </trkpt>
      <trkpt lat="50.09519" lon="3.45473">
        <ele>135.9</ele>
      </trkpt>
      <trkpt lat="50.09528" lon="3.45503">
        <ele>136.3</ele>
      </trkpt>
      <trkpt lat="50.09562" lon="3.456">
        <ele>134.0</ele>
      </trkpt>
      <trkpt lat="50.09572" lon="3.45639">
        <ele>133.4</ele>
      </trkpt>
      <trkpt lat="50.09581" lon="3.45694">
        <ele>132.3</ele>
      </trkpt>
      <trkpt lat="50.09596" lon="3.45816">
        <ele>129.6</ele>
      </trkpt>
      <trkpt lat="50.09611" lon="3.45939">
        <ele>127.8</ele>
      </trkpt>
      <trkpt lat="50.09619" lon="3.45981">
        <ele>126.9</ele>
      </trkpt>
      <trkpt lat="50.09641" lon="3.46056">
        <ele>126.2</ele>
      </trkpt>
      <trkpt lat="50.09662" lon="3.46131">
        <ele>125.5</ele>
      </trkpt>
      <trkpt lat="50.09674" lon="3.46179">
        <ele>124.9</ele>
      </trkpt>
      <trkpt lat="50.09688" lon="3.46255">
        <ele>124.8</ele>
      </trkpt>
      <trkpt lat="50.09703" lon="3.46331">
        <ele>125.1</ele>
      </trkpt>
      <trkpt lat="50.0972" lon="3.46453">
        <ele>126.4</ele>
      </trkpt>
      <trkpt lat="50.09722" lon="3.4648">
        <ele>126.9</ele>
      </trkpt>
      <trkpt lat="50.09721" lon="3.46553">
        <ele>127.8</ele>
      </trkpt>
      <trkpt lat="50.09722" lon="3.4657">
        <ele>127.9</ele>
      </trkpt>
      <trkpt lat="50.09724" lon="3.46583">
        <ele>128.0</ele>
      </trkpt>
      <trkpt lat="50.09729" lon="3.46597">
        <ele>128.1</ele>
      </trkpt>
      <trkpt lat="50.09739" lon="3.46613">
        <ele>128.3</ele>
      </trkpt>
      <trkpt lat="50.09748" lon="3.46622">
        <ele>128.5</ele>
      </trkpt>
      <trkpt lat="50.09758" lon="3.46628">
        <ele>128.5</ele>
      </trkpt>
      <trkpt lat="50.09809" lon="3.4664">
        <ele>128.9</ele>
      </trkpt>
      <trkpt lat="50.09861" lon="3.46653">
        <ele>129.5</ele>
      </trkpt>
      <trkpt lat="50.09914" lon="3.46672">
        <ele>129.9</ele>
      </trkpt>
      <trkpt lat="50.09966" lon="3.4669">
        <ele>129.3</ele>
      </trkpt>
      <trkpt lat="50.1002" lon="3.46708">
        <ele>129.1</ele>
      </trkpt>
      <trkpt lat="50.10073" lon="3.46725">
        <ele>129.6</ele>
      </trkpt>
      <trkpt lat="50.10121" lon="3.46751">
        <ele>128.7</ele>
      </trkpt>
      <trkpt lat="50.10168" lon="3.46777">
        <ele>127.3</ele>
      </trkpt>
      <trkpt lat="50.1018" lon="3.46786">
        <ele>127.3</ele>
      </trkpt>
      <trkpt lat="50.10194" lon="3.46799">
        <ele>127.2</ele>
      </trkpt>
      <trkpt lat="50.10217" lon="3.46829">
        <ele>126.8</ele>
      </trkpt>
      <trkpt lat="50.10235" lon="3.46846">
        <ele>126.4</ele>
      </trkpt>
      <trkpt lat="50.1025" lon="3.46854">
        <ele>126.0</ele>
      </trkpt>
      <trkpt lat="50.10311" lon="3.4687">
        <ele>125.3</ele>
      </trkpt>
      <trkpt lat="50.10338" lon="3.46881">
        <ele>124.9</ele>
      </trkpt>
      <trkpt lat="50.10354" lon="3.46889">
        <ele>124.5</ele>
      </trkpt>
      <trkpt lat="50.10368" lon="3.46901">
        <ele>124.2</ele>
      </trkpt>
      <trkpt lat="50.10379" lon="3.46915">
        <ele>123.9</ele>
      </trkpt>
      <trkpt lat="50.10402" lon="3.46973">
        <ele>122.7</ele>
      </trkpt>
      <trkpt lat="50.1041" lon="3.46984">
        <ele>122.4</ele>
      </trkpt>
      <trkpt lat="50.10474" lon="3.47051">
        <ele>119.9</ele>
      </trkpt>
      <trkpt lat="50.10483" lon="3.47051">
        <ele>119.6</ele>
      </trkpt>
      <trkpt lat="50.1048" lon="3.47076">
        <ele>119.7</ele>
      </trkpt>
      <trkpt lat="50.10458" lon="3.47145">
        <ele>120.9</ele>
      </trkpt>
      <trkpt lat="50.10448" lon="3.47183">
        <ele>121.4</ele>
      </trkpt>
      <trkpt lat="50.10427" lon="3.47306">
        <ele>120.5</ele>
      </trkpt>
      <trkpt lat="50.10417" lon="3.47415">
        <ele>120.0</ele>
      </trkpt>
      <trkpt lat="50.10406" lon="3.47524">
        <ele>118.7</ele>
      </trkpt>
      <trkpt lat="50.10405" lon="3.47562">
        <ele>118.4</ele>
      </trkpt>
      <trkpt lat="50.10408" lon="3.47589">
        <ele>118.0</ele>
      </trkpt>
      <trkpt lat="50.10437" lon="3.47597">
        <ele>118.3</ele>
      </trkpt>
      <trkpt lat="50.10449" lon="3.47598">
        <ele>118.5</ele>
      </trkpt>
      <trkpt lat="50.10535" lon="3.47583">
        <ele>120.8</ele>
      </trkpt>
      <trkpt lat="50.10563" lon="3.47582">
        <ele>121.5</ele>
      </trkpt>
      <trkpt lat="50.106" lon="3.47594">
        <ele>123.1</ele>
      </trkpt>
      <trkpt lat="50.10661" lon="3.47623">
        <ele>126.7</ele>
      </trkpt>
      <trkpt lat="50.10679" lon="3.4763">
        <ele>127.6</ele>
      </trkpt>
      <trkpt lat="50.10723" lon="3.47642">
        <ele>129.6</ele>
      </trkpt>
      <trkpt lat="50.10763" lon="3.47649">
        <ele>131.4</ele>
      </trkpt>
      <trkpt lat="50.10803" lon="3.47649">
        <ele>133.3</ele>
      </trkpt>
      <trkpt lat="50.1088" lon="3.4764">
        <ele>135.8</ele>
      </trkpt>
      <trkpt lat="50.10958" lon="3.47632">
        <ele>135.8</ele>
      </trkpt>
      <trkpt lat="50.10977" lon="3.47632">
        <ele>135.4</ele>
      </trkpt>
      <trkpt lat="50.11014" lon="3.47643">
        <ele>135.1</ele>
      </trkpt>
      <trkpt lat="50.11021" lon="3.4764">
        <ele>135.2</ele>
      </trkpt>
      <trkpt lat="50.11057" lon="3.47686">
        <ele>135.5</ele>
      </trkpt>
      <trkpt lat="50.11094" lon="3.47733">
        <ele>135.3</ele>
      </trkpt>
      <trkpt lat="50.11106" lon="3.47732">
        <ele>135.4</ele>
      </trkpt>
      <trkpt lat="50.11157" lon="3.4774">
        <ele>135.9</ele>
      </trkpt>
      <trkpt lat="50.11185" lon="3.47737">
        <ele>135.5</ele>
      </trkpt>
      <trkpt lat="50.11204" lon="3.47726">
        <ele>134.7</ele>
      </trkpt>
      <trkpt lat="50.11252" lon="3.47686">
        <ele>131.7</ele>
      </trkpt>
      <trkpt lat="50.11261" lon="3.47682">
        <ele>131.4</ele>
      </trkpt>
      <trkpt lat="50.11274" lon="3.4768">
        <ele>131.1</ele>
      </trkpt>
      <trkpt lat="50.11352" lon="3.477">
        <ele>129.4</ele>
      </trkpt>
      <trkpt lat="50.11429" lon="3.47719">
        <ele>125.8</ele>
      </trkpt>
      <trkpt lat="50.11493" lon="3.4773">
        <ele>123.6</ele>
      </trkpt>
      <trkpt lat="50.11556" lon="3.4774">
        <ele>121.7</ele>
      </trkpt>
      <trkpt lat="50.11582" lon="3.47743">
        <ele>120.9</ele>
      </trkpt>
      <trkpt lat="50.1165" lon="3.47741">
        <ele>120.9</ele>
      </trkpt>
      <trkpt lat="50.11718" lon="3.47738">
        <ele>120.2</ele>
      </trkpt>
      <trkpt lat="50.11786" lon="3.47736">
        <ele>118.0</ele>
      </trkpt>
      <trkpt lat="50.118" lon="3.47738">
        <ele>117.4</ele>
      </trkpt>
      <trkpt lat="50.11863" lon="3.47754">
        <ele>115.0</ele>
      </trkpt>
      <trkpt lat="50.11888" lon="3.47763">
        <ele>114.2</ele>
      </trkpt>
      <trkpt lat="50.11944" lon="3.47782">
        <ele>113.1</ele>
      </trkpt>
      <trkpt lat="50.1197" lon="3.47784">
        <ele>112.8</ele>
      </trkpt>
      <trkpt lat="50.12053" lon="3.47757">
        <ele>111.5</ele>
      </trkpt>
      <trkpt lat="50.12136" lon="3.4773">
        <ele>111.4</ele>
      </trkpt>
      <trkpt lat="50.12212" lon="3.47712">
        <ele>112.4</ele>
      </trkpt>
      <trkpt lat="50.12288" lon="3.47694">
        <ele>114.5</ele>
      </trkpt>
      <trkpt lat="50.12363" lon="3.47685">
        <ele>116.8</ele>
      </trkpt>
      <trkpt lat="50.12438" lon="3.47675">
        <ele>117.7</ele>
      </trkpt>
      <trkpt lat="50.12513" lon="3.47666">
        <ele>119.1</ele>
      </trkpt>
      <trkpt lat="50.12587" lon="3.47656">
        <ele>120.1</ele>
      </trkpt>
      <trkpt lat="50.12669" lon="3.47639">
        <ele>122.6</ele>
      </trkpt>
      <trkpt lat="50.12668" lon="3.47633">
        <ele>122.6</ele>
      </trkpt>
      <trkpt lat="50.12645" lon="3.47518">
        <ele>120.9</ele>
      </trkpt>
      <trkpt lat="50.12622" lon="3.47403">
        <ele>118.7</ele>
      </trkpt>
      <trkpt lat="50.12599" lon="3.47288">
        <ele>114.9</ele>
      </trkpt>
      <trkpt lat="50.12576" lon="3.47173">
        <ele>111.0</ele>
      </trkpt>
      <trkpt lat="50.12569" lon="3.47147">
        <ele>110.2</ele>
      </trkpt>
      <trkpt lat="50.1255" lon="3.47093">
        <ele>108.8</ele>
      </trkpt>
      <trkpt lat="50.12518" lon="3.47004">
        <ele>108.0</ele>
      </trkpt>
      <trkpt lat="50.12487" lon="3.46915">
        <ele>110.3</ele>
      </trkpt>
      <trkpt lat="50.12456" lon="3.46826">
        <ele>112.7</ele>
      </trkpt>
      <trkpt lat="50.12449" lon="3.46797">
        <ele>113.4</ele>
      </trkpt>
      <trkpt lat="50.12441" lon="3.46726">
        <ele>114.7</ele>
      </trkpt>
      <trkpt lat="50.12435" lon="3.46692">
        <ele>115.3</ele>
      </trkpt>
      <trkpt lat="50.12414" lon="3.46624">
        <ele>115.6</ele>
      </trkpt>
      <trkpt lat="50.12393" lon="3.46557">
        <ele>115.9</ele>
      </trkpt>
      <trkpt lat="50.12389" lon="3.46537">
        <ele>116.0</ele>
      </trkpt>
      <trkpt lat="50.12384" lon="3.46423">
        <ele>116.2</ele>
      </trkpt>
      <trkpt lat="50.12384" lon="3.46318">
        <ele>116.8</ele>
      </trkpt>
      <trkpt lat="50.12407" lon="3.46322">
        <ele>116.4</ele>
      </trkpt>
      <trkpt lat="50.12456" lon="3.46334">
        <ele>115.1</ele>
      </trkpt>
      <trkpt lat="50.12528" lon="3.46356">
        <ele>113.6</ele>
      </trkpt>
      <trkpt lat="50.126" lon="3.46379">
        <ele>111.3</ele>
      </trkpt>
      <trkpt lat="50.12672" lon="3.46401">
        <ele>107.0</ele>
      </trkpt>
      <trkpt lat="50.12744" lon="3.46423">
        <ele>108.9</ele>
      </trkpt>
      <trkpt lat="50.12816" lon="3.46445">
        <ele>112.4</ele>
      </trkpt>
      <trkpt lat="50.12893" lon="3.46469">
        <ele>117.2</ele>
      </trkpt>
      <trkpt lat="50.12969" lon="3.46494">
        <ele>121.4</ele>
      </trkpt>
      <trkpt lat="50.12995" lon="3.46493">
        <ele>122.7</ele>
      </trkpt>
      <trkpt lat="50.13054" lon="3.46479">
        <ele>124.7</ele>
      </trkpt>
      <trkpt lat="50.13079" lon="3.46481">
        <ele>125.6</ele>
      </trkpt>
      <trkpt lat="50.13104" lon="3.46491">
        <ele>126.2</ele>
      </trkpt>
      <trkpt lat="50.1318" lon="3.46533">
        <ele>127.0</ele>
      </trkpt>
      <trkpt lat="50.13205" lon="3.4654">
        <ele>127.0</ele>
      </trkpt>
      <trkpt lat="50.13228" lon="3.46542">
        <ele>127.0</ele>
      </trkpt>
      <trkpt lat="50.13278" lon="3.46542">
        <ele>126.2</ele>
      </trkpt>
      <trkpt lat="50.13327" lon="3.46541">
        <ele>124.7</ele>
      </trkpt>
      <trkpt lat="50.13382" lon="3.46546">
        <ele>123.9</ele>
      </trkpt>
      <trkpt lat="50.13418" lon="3.46547">
        <ele>123.4</ele>
      </trkpt>
      <trkpt lat="50.1349" lon="3.46543">
        <ele>123.9</ele>
      </trkpt>
      <trkpt lat="50.13562" lon="3.4654">
        <ele>121.4</ele>
      </trkpt>
      <trkpt lat="50.13634" lon="3.46537">
        <ele>120.8</ele>
      </trkpt>
      <trkpt lat="50.13707" lon="3.46533">
        <ele>120.8</ele>
      </trkpt>
      <trkpt lat="50.13779" lon="3.4653">
        <ele>120.3</ele>
      </trkpt>
      <trkpt lat="50.13821" lon="3.46525">
        <ele>119.8</ele>
      </trkpt>
      <trkpt lat="50.13872" lon="3.46508">
        <ele>119.4</ele>
      </trkpt>
      <trkpt lat="50.13931" lon="3.46485">
        <ele>119.0</ele>
      </trkpt>
      <trkpt lat="50.13989" lon="3.46463">
        <ele>119.0</ele>
      </trkpt>
      <trkpt lat="50.14047" lon="3.46441">
        <ele>119.2</ele>
      </trkpt>
      <trkpt lat="50.14077" lon="3.46432">
        <ele>119.2</ele>
      </trkpt>
      <trkpt lat="50.1413" lon="3.46422">
        <ele>118.5</ele>
      </trkpt>
      <trkpt lat="50.14174" lon="3.46416">
        <ele>117.8</ele>
      </trkpt>
      <trkpt lat="50.14199" lon="3.46416">
        <ele>117.2</ele>
      </trkpt>
      <trkpt lat="50.14251" lon="3.46423">
        <ele>115.9</ele>
      </trkpt>
      <trkpt lat="50.14302" lon="3.4643">
        <ele>115.1</ele>
      </trkpt>
      <trkpt lat="50.14347" lon="3.46432">
        <ele>114.3</ele>
      </trkpt>
      <trkpt lat="50.14412" lon="3.46425">
        <ele>112.9</ele>
      </trkpt>
      <trkpt lat="50.14466" lon="3.46413">
        <ele>111.3</ele>
      </trkpt>
      <trkpt lat="50.14491" lon="3.46403">
        <ele>110.5</ele>
      </trkpt>
      <trkpt lat="50.1451" lon="3.46393">
        <ele>110.0</ele>
      </trkpt>
      <trkpt lat="50.14537" lon="3.46376">
        <ele>109.6</ele>
      </trkpt>
      <trkpt lat="50.14576" lon="3.46347">
        <ele>109.0</ele>
      </trkpt>
      <trkpt lat="50.14601" lon="3.46324">
        <ele>108.5</ele>
      </trkpt>
      <trkpt lat="50.14642" lon="3.46281">
        <ele>107.4</ele>
      </trkpt>
      <trkpt lat="50.14683" lon="3.46238">
        <ele>107.3</ele>
      </trkpt>
      <trkpt lat="50.14699" lon="3.46229">
        <ele>107.6</ele>
      </trkpt>
      <trkpt lat="50.14713" lon="3.46225">
        <ele>107.9</ele>
      </trkpt>
      <trkpt lat="50.14731" lon="3.46224">
        <ele>108.3</ele>
      </trkpt>
      <trkpt lat="50.14782" lon="3.46231">
        <ele>109.3</ele>
      </trkpt>
      <trkpt lat="50.14833" lon="3.46238">
        <ele>110.4</ele>
      </trkpt>
      <trkpt lat="50.14899" lon="3.46239">
        <ele>112.6</ele>
      </trkpt>
      <trkpt lat="50.14966" lon="3.46239">
        <ele>113.8</ele>
      </trkpt>
      <trkpt lat="50.14996" lon="3.46243">
        <ele>114.1</ele>
      </trkpt>
      <trkpt lat="50.15069" lon="3.46259">
        <ele>113.8</ele>
      </trkpt>
      <trkpt lat="50.15092" lon="3.46256">
        <ele>113.8</ele>
      </trkpt>
      <trkpt lat="50.15117" lon="3.46261">
        <ele>113.3</ele>
      </trkpt>
      <trkpt lat="50.1513" lon="3.4626">
        <ele>113.2</ele>
      </trkpt>
      <trkpt lat="50.15138" lon="3.46257">
        <ele>113.2</ele>
      </trkpt>
      <trkpt lat="50.15176" lon="3.4623">
        <ele>113.4</ele>
      </trkpt>
      <trkpt lat="50.15218" lon="3.4621">
        <ele>113.4</ele>
      </trkpt>
      <trkpt lat="50.1522" lon="3.46215">
        <ele>113.3</ele>
      </trkpt>
      <trkpt lat="50.15239" lon="3.46199">
        <ele>113.2</ele>
      </trkpt>
      <trkpt lat="50.15247" lon="3.46193">
        <ele>113.0</ele>
      </trkpt>
      <trkpt lat="50.15262" lon="3.46174">
        <ele>113.4</ele>
      </trkpt>
      <trkpt lat="50.15271" lon="3.46158">
        <ele>114.0</ele>
      </trkpt>
      <trkpt lat="50.15282" lon="3.46134">
        <ele>115.0</ele>
      </trkpt>
      <trkpt lat="50.15294" lon="3.46117">
        <ele>115.7</ele>
      </trkpt>
      <trkpt lat="50.15308" lon="3.46111">
        <ele>116.2</ele>
      </trkpt>
      <trkpt lat="50.15339" lon="3.46111">
        <ele>116.8</ele>
      </trkpt>
      <trkpt lat="50.15341" lon="3.46096">
        <ele>117.0</ele>
      </trkpt>
      <trkpt lat="50.15356" lon="3.46053">
        <ele>117.8</ele>
      </trkpt>
      <trkpt lat="50.15362" lon="3.46031">
        <ele>118.1</ele>
      </trkpt>
      <trkpt lat="50.15368" lon="3.45976">
        <ele>118.9</ele>
      </trkpt>
      <trkpt lat="50.15373" lon="3.45958">
        <ele>119.2</ele>
      </trkpt>
      <trkpt lat="50.15387" lon="3.45922">
        <ele>119.9</ele>
      </trkpt>
      <trkpt lat="50.15426" lon="3.45843">
        <ele>120.7</ele>
      </trkpt>
      <trkpt lat="50.15464" lon="3.45763">
        <ele>120.7</ele>
      </trkpt>
      <trkpt lat="50.15471" lon="3.45757">
        <ele>120.6</ele>
      </trkpt>
      <trkpt lat="50.15483" lon="3.45734">
        <ele>120.4</ele>
      </trkpt>
      <trkpt lat="50.15537" lon="3.45631">
        <ele>118.0</ele>
      </trkpt>
      <trkpt lat="50.15563" lon="3.45572">
        <ele>117.1</ele>
      </trkpt>
      <trkpt lat="50.1559" lon="3.45513">
        <ele>116.7</ele>
      </trkpt>
      <trkpt lat="50.15598" lon="3.45491">
        <ele>116.5</ele>
      </trkpt>
      <trkpt lat="50.15606" lon="3.45465">
        <ele>116.0</ele>
      </trkpt>
      <trkpt lat="50.1562" lon="3.45383">
        <ele>115.1</ele>
      </trkpt>
      <trkpt lat="50.15635" lon="3.453">
        <ele>115.0</ele>
      </trkpt>
      <trkpt lat="50.15657" lon="3.45218">
        <ele>115.1</ele>
      </trkpt>
      <trkpt lat="50.15679" lon="3.45137">
        <ele>114.9</ele>
      </trkpt>
      <trkpt lat="50.15691" lon="3.45082">
        <ele>114.7</ele>
      </trkpt>
      <trkpt lat="50.15704" lon="3.44976">
        <ele>114.4</ele>
      </trkpt>
      <trkpt lat="50.1571" lon="3.44876">
        <ele>113.8</ele>
      </trkpt>
      <trkpt lat="50.15717" lon="3.44777">
        <ele>113.9</ele>
      </trkpt>
      <trkpt lat="50.15723" lon="3.44678">
        <ele>114.0</ele>
      </trkpt>
      <trkpt lat="50.15734" lon="3.44604">
        <ele>114.1</ele>
      </trkpt>
      <trkpt lat="50.1574" lon="3.44573">
        <ele>114.1</ele>
      </trkpt>
      <trkpt lat="50.1575" lon="3.44536">
        <ele>114.0</ele>
      </trkpt>
      <trkpt lat="50.15759" lon="3.44511">
        <ele>113.7</ele>
      </trkpt>
      <trkpt lat="50.15793" lon="3.4442">
        <ele>110.0</ele>
      </trkpt>
      <trkpt lat="50.15827" lon="3.4433">
        <ele>105.3</ele>
      </trkpt>
      <trkpt lat="50.15833" lon="3.44316">
        <ele>104.8</ele>
      </trkpt>
      <trkpt lat="50.15849" lon="3.44289">
        <ele>104.3</ele>
      </trkpt>
      <trkpt lat="50.15906" lon="3.442">
        <ele>102.5</ele>
      </trkpt>
      <trkpt lat="50.15919" lon="3.44188">
        <ele>102.3</ele>
      </trkpt>
      <trkpt lat="50.15955" lon="3.44165">
        <ele>102.5</ele>
      </trkpt>
      <trkpt lat="50.15972" lon="3.4415">
        <ele>103.0</ele>
      </trkpt>
      <trkpt lat="50.16022" lon="3.44087">
        <ele>105.2</ele>
      </trkpt>
      <trkpt lat="50.16072" lon="3.44024">
        <ele>106.6</ele>
      </trkpt>
      <trkpt lat="50.16105" lon="3.43974">
        <ele>105.9</ele>
      </trkpt>
      <trkpt lat="50.1616" lon="3.43878">
        <ele>103.6</ele>
      </trkpt>
      <trkpt lat="50.16215" lon="3.43781">
        <ele>102.0</ele>
      </trkpt>
      <trkpt lat="50.1627" lon="3.43684">
        <ele>99.9</ele>
      </trkpt>
      <trkpt lat="50.16322" lon="3.4358">
        <ele>98.1</ele>
      </trkpt>
      <trkpt lat="50.16373" lon="3.43476">
        <ele>98.2</ele>
      </trkpt>
      <trkpt lat="50.16409" lon="3.43398">
        <ele>97.7</ele>
      </trkpt>
      <trkpt lat="50.16421" lon="3.43368">
        <ele>97.5</ele>
      </trkpt>
      <trkpt lat="50.1646" lon="3.43251">
        <ele>96.5</ele>
      </trkpt>
      <trkpt lat="50.1649" lon="3.43174">
        <ele>96.1</ele>
      </trkpt>
      <trkpt lat="50.16521" lon="3.43045">
        <ele>92.8</ele>
      </trkpt>
      <trkpt lat="50.16524" lon="3.43028">
        <ele>92.3</ele>
      </trkpt>
      <trkpt lat="50.16524" lon="3.43028">
        <ele>92.3</ele>
      </trkpt>
      <trkpt lat="50.16524" lon="3.43028">
        <ele>92.3</ele>
      </trkpt>
      <trkpt lat="50.16584" lon="3.43077">
        <ele>93.7</ele>
      </trkpt>
      <trkpt lat="50.16633" lon="3.43132">
        <ele>95.7</ele>
      </trkpt>
      <trkpt lat="50.16682" lon="3.43187">
        <ele>96.3</ele>
      </trkpt>
      <trkpt lat="50.16703" lon="3.43198">
        <ele>95.3</ele>
      </trkpt>
      <trkpt lat="50.16715" lon="3.43198">
        <ele>94.7</ele>
      </trkpt>
      <trkpt lat="50.16714" lon="3.43185">
        <ele>94.7</ele>
      </trkpt>
      <trkpt lat="50.16726" lon="3.43183">
        <ele>94.2</ele>
      </trkpt>
      <trkpt lat="50.16793" lon="3.43176">
        <ele>91.0</ele>
      </trkpt>
      <trkpt lat="50.16804" lon="3.43177">
        <ele>90.5</ele>
      </trkpt>
      <trkpt lat="50.16816" lon="3.43181">
        <ele>90.0</ele>
      </trkpt>
      <trkpt lat="50.16844" lon="3.43202">
        <ele>89.0</ele>
      </trkpt>
      <trkpt lat="50.16897" lon="3.43242">
        <ele>87.5</ele>
      </trkpt>
      <trkpt lat="50.16959" lon="3.43294">
        <ele>86.3</ele>
      </trkpt>
      <trkpt lat="50.16975" lon="3.43301">
        <ele>85.7</ele>
      </trkpt>
      <trkpt lat="50.17006" lon="3.43313">
        <ele>84.6</ele>
      </trkpt>
      <trkpt lat="50.17078" lon="3.43342">
        <ele>84.2</ele>
      </trkpt>
      <trkpt lat="50.17149" lon="3.43371">
        <ele>85.6</ele>
      </trkpt>
      <trkpt lat="50.17221" lon="3.43401">
        <ele>87.9</ele>
      </trkpt>
      <trkpt lat="50.17279" lon="3.43406">
        <ele>89.4</ele>
      </trkpt>
      <trkpt lat="50.173" lon="3.43411">
        <ele>90.1</ele>
      </trkpt>
      <trkpt lat="50.17382" lon="3.43437">
        <ele>91.6</ele>
      </trkpt>
      <trkpt lat="50.17464" lon="3.43463">
        <ele>92.7</ele>
      </trkpt>
      <trkpt lat="50.17525" lon="3.43487">
        <ele>93.3</ele>
      </trkpt>
      <trkpt lat="50.17586" lon="3.43511">
        <ele>93.2</ele>
      </trkpt>
      <trkpt lat="50.17647" lon="3.43536">
        <ele>94.2</ele>
      </trkpt>
      <trkpt lat="50.17674" lon="3.43549">
        <ele>94.6</ele>
      </trkpt>
      <trkpt lat="50.17714" lon="3.43577">
        <ele>94.9</ele>
      </trkpt>
      <trkpt lat="50.17752" lon="3.43606">
        <ele>95.2</ele>
      </trkpt>
      <trkpt lat="50.17798" lon="3.43645">
        <ele>95.0</ele>
      </trkpt>
      <trkpt lat="50.17845" lon="3.43685">
        <ele>94.6</ele>
      </trkpt>
      <trkpt lat="50.17888" lon="3.43715">
        <ele>93.8</ele>
      </trkpt>
      <trkpt lat="50.17931" lon="3.43744">
        <ele>92.9</ele>
      </trkpt>
      <trkpt lat="50.17979" lon="3.43771">
        <ele>91.9</ele>
      </trkpt>
      <trkpt lat="50.18027" lon="3.43799">
        <ele>91.1</ele>
      </trkpt>
      <trkpt lat="50.18086" lon="3.4382">
        <ele>90.9</ele>
      </trkpt>
      <trkpt lat="50.18144" lon="3.43842">
        <ele>91.8</ele>
      </trkpt>
      <trkpt lat="50.18202" lon="3.43863">
        <ele>92.5</ele>
      </trkpt>
      <trkpt lat="50.18212" lon="3.43871">
        <ele>92.7</ele>
      </trkpt>
      <trkpt lat="50.18215" lon="3.43865">
        <ele>92.6</ele>
      </trkpt>
      <trkpt lat="50.18163" lon="3.43973">
        <ele>93.7</ele>
      </trkpt>
      <trkpt lat="50.18112" lon="3.44081">
        <ele>94.0</ele>
      </trkpt>
      <trkpt lat="50.18095" lon="3.44112">
        <ele>94.3</ele>
      </trkpt>
      <trkpt lat="50.18039" lon="3.44198">
        <ele>95.0</ele>
      </trkpt>
      <trkpt lat="50.17982" lon="3.44285">
        <ele>95.3</ele>
      </trkpt>
      <trkpt lat="50.17925" lon="3.44372">
        <ele>96.3</ele>
      </trkpt>
      <trkpt lat="50.17873" lon="3.44455">
        <ele>96.6</ele>
      </trkpt>
      <trkpt lat="50.1782" lon="3.44539">
        <ele>98.6</ele>
      </trkpt>
      <trkpt lat="50.17768" lon="3.44623">
        <ele>99.5</ele>
      </trkpt>
      <trkpt lat="50.17716" lon="3.44706">
        <ele>100.4</ele>
      </trkpt>
      <trkpt lat="50.17661" lon="3.44789">
        <ele>100.4</ele>
      </trkpt>
      <trkpt lat="50.17606" lon="3.44872">
        <ele>98.0</ele>
      </trkpt>
      <trkpt lat="50.17552" lon="3.44954">
        <ele>96.3</ele>
      </trkpt>
      <trkpt lat="50.17489" lon="3.45055">
        <ele>96.3</ele>
      </trkpt>
      <trkpt lat="50.17427" lon="3.45156">
        <ele>98.6</ele>
      </trkpt>
      <trkpt lat="50.17365" lon="3.45257">
        <ele>99.6</ele>
      </trkpt>
      <trkpt lat="50.17303" lon="3.45358">
        <ele>100.7</ele>
      </trkpt>
      <trkpt lat="50.17241" lon="3.45459">
        <ele>102.8</ele>
      </trkpt>
      <trkpt lat="50.17179" lon="3.4556">
        <ele>107.4</ele>
      </trkpt>
      <trkpt lat="50.17117" lon="3.45661">
        <ele>112.3</ele>
      </trkpt>
      <trkpt lat="50.17096" lon="3.45689">
        <ele>112.3</ele>
      </trkpt>
      <trkpt lat="50.17076" lon="3.45709">
        <ele>112.7</ele>
      </trkpt>
      <trkpt lat="50.17024" lon="3.45757">
        <ele>115.3</ele>
      </trkpt>
      <trkpt lat="50.16998" lon="3.45777">
        <ele>116.7</ele>
      </trkpt>
      <trkpt lat="50.16952" lon="3.45806">
        <ele>117.5</ele>
      </trkpt>
      <trkpt lat="50.16907" lon="3.45836">
        <ele>117.8</ele>
      </trkpt>
      <trkpt lat="50.16912" lon="3.45948">
        <ele>117.9</ele>
      </trkpt>
      <trkpt lat="50.16914" lon="3.45963">
        <ele>117.9</ele>
      </trkpt>
      <trkpt lat="50.1692" lon="3.4598">
        <ele>117.9</ele>
      </trkpt>
      <trkpt lat="50.16928" lon="3.45996">
        <ele>117.7</ele>
      </trkpt>
      <trkpt lat="50.16936" lon="3.46006">
        <ele>117.5</ele>
      </trkpt>
      <trkpt lat="50.16946" lon="3.46013">
        <ele>117.3</ele>
      </trkpt>
      <trkpt lat="50.16961" lon="3.46019">
        <ele>116.9</ele>
      </trkpt>
      <trkpt lat="50.16982" lon="3.46015">
        <ele>116.4</ele>
      </trkpt>
      <trkpt lat="50.17031" lon="3.45994">
        <ele>115.0</ele>
      </trkpt>
      <trkpt lat="50.17056" lon="3.45986">
        <ele>114.2</ele>
      </trkpt>
      <trkpt lat="50.1707" lon="3.45985">
        <ele>113.7</ele>
      </trkpt>
      <trkpt lat="50.17092" lon="3.45989">
        <ele>112.8</ele>
      </trkpt>
      <trkpt lat="50.17168" lon="3.46019">
        <ele>109.8</ele>
      </trkpt>
      <trkpt lat="50.17243" lon="3.4605">
        <ele>109.0</ele>
      </trkpt>
      <trkpt lat="50.17319" lon="3.4608">
        <ele>108.2</ele>
      </trkpt>
      <trkpt lat="50.17343" lon="3.46094">
        <ele>107.4</ele>
      </trkpt>
      <trkpt lat="50.17365" lon="3.46113">
        <ele>106.4</ele>
      </trkpt>
      <trkpt lat="50.17392" lon="3.46142">
        <ele>105.5</ele>
      </trkpt>
      <trkpt lat="50.17411" lon="3.4617">
        <ele>105.1</ele>
      </trkpt>
      <trkpt lat="50.17423" lon="3.46191">
        <ele>105.1</ele>
      </trkpt>
      <trkpt lat="50.17439" lon="3.46225">
        <ele>105.3</ele>
      </trkpt>
      <trkpt lat="50.17477" lon="3.46313">
        <ele>105.9</ele>
      </trkpt>
      <trkpt lat="50.17514" lon="3.46401">
        <ele>105.2</ele>
      </trkpt>
      <trkpt lat="50.17528" lon="3.46396">
        <ele>105.2</ele>
      </trkpt>
      <trkpt lat="50.17537" lon="3.464">
        <ele>105.2</ele>
      </trkpt>
      <trkpt lat="50.1756" lon="3.46427">
        <ele>104.9</ele>
      </trkpt>
      <trkpt lat="50.17581" lon="3.46445">
        <ele>104.7</ele>
      </trkpt>
      <trkpt lat="50.17647" lon="3.4649">
        <ele>104.1</ele>
      </trkpt>
      <trkpt lat="50.17708" lon="3.46526">
        <ele>103.4</ele>
      </trkpt>
      <trkpt lat="50.17767" lon="3.46566">
        <ele>102.6</ele>
      </trkpt>
      <trkpt lat="50.17826" lon="3.46607">
        <ele>102.1</ele>
      </trkpt>
      <trkpt lat="50.17882" lon="3.4665">
        <ele>101.7</ele>
      </trkpt>
      <trkpt lat="50.17939" lon="3.46693">
        <ele>101.8</ele>
      </trkpt>
      <trkpt lat="50.17948" lon="3.46702">
        <ele>101.7</ele>
      </trkpt>
      <trkpt lat="50.17979" lon="3.46745">
        <ele>100.9</ele>
      </trkpt>
      <trkpt lat="50.18022" lon="3.46811">
        <ele>100.0</ele>
      </trkpt>
      <trkpt lat="50.18066" lon="3.46877">
        <ele>101.0</ele>
      </trkpt>
      <trkpt lat="50.18101" lon="3.46922">
        <ele>101.4</ele>
      </trkpt>
      <trkpt lat="50.18135" lon="3.46968">
        <ele>101.0</ele>
      </trkpt>
      <trkpt lat="50.1816" lon="3.46993">
        <ele>101.0</ele>
      </trkpt>
      <trkpt lat="50.18216" lon="3.4704">
        <ele>101.8</ele>
      </trkpt>
      <trkpt lat="50.18283" lon="3.4709">
        <ele>102.6</ele>
      </trkpt>
      <trkpt lat="50.18351" lon="3.4714">
        <ele>102.4</ele>
      </trkpt>
      <trkpt lat="50.18418" lon="3.47189">
        <ele>100.7</ele>
      </trkpt>
      <trkpt lat="50.18448" lon="3.4722">
        <ele>99.2</ele>
      </trkpt>
      <trkpt lat="50.1849" lon="3.47273">
        <ele>96.8</ele>
      </trkpt>
      <trkpt lat="50.18533" lon="3.47326">
        <ele>94.0</ele>
      </trkpt>
      <trkpt lat="50.18568" lon="3.47378">
        <ele>91.5</ele>
      </trkpt>
      <trkpt lat="50.18603" lon="3.4743">
        <ele>88.7</ele>
      </trkpt>
      <trkpt lat="50.18617" lon="3.47456">
        <ele>87.4</ele>
      </trkpt>
      <trkpt lat="50.18642" lon="3.47509">
        <ele>85.0</ele>
      </trkpt>
      <trkpt lat="50.18652" lon="3.47528">
        <ele>84.3</ele>
      </trkpt>
      <trkpt lat="50.18661" lon="3.47531">
        <ele>83.9</ele>
      </trkpt>
      <trkpt lat="50.18664" lon="3.4755">
        <ele>83.5</ele>
      </trkpt>
      <trkpt lat="50.18668" lon="3.47562">
        <ele>83.2</ele>
      </trkpt>
      <trkpt lat="50.18682" lon="3.47584">
        <ele>82.6</ele>
      </trkpt>
      <trkpt lat="50.18724" lon="3.47639">
        <ele>80.5</ele>
      </trkpt>
      <trkpt lat="50.18766" lon="3.47695">
        <ele>77.7</ele>
      </trkpt>
      <trkpt lat="50.1878" lon="3.47722">
        <ele>76.4</ele>
      </trkpt>
      <trkpt lat="50.18824" lon="3.47839">
        <ele>70.3</ele>
      </trkpt>
      <trkpt lat="50.18868" lon="3.47956">
        <ele>66.6</ele>
      </trkpt>
      <trkpt lat="50.1888" lon="3.47996">
        <ele>65.5</ele>
      </trkpt>
      <trkpt lat="50.18908" lon="3.48102">
        <ele>63.9</ele>
      </trkpt>
      <trkpt lat="50.18913" lon="3.48113">
        <ele>63.7</ele>
      </trkpt>
      <trkpt lat="50.18956" lon="3.48164">
        <ele>63.0</ele>
      </trkpt>
      <trkpt lat="50.18999" lon="3.48215">
        <ele>63.0</ele>
      </trkpt>
      <trkpt lat="50.19024" lon="3.48247">
        <ele>63.3</ele>
      </trkpt>
      <trkpt lat="50.19033" lon="3.48265">
        <ele>63.6</ele>
      </trkpt>
      <trkpt lat="50.1906" lon="3.48338">
        <ele>64.9</ele>
      </trkpt>
      <trkpt lat="50.19057" lon="3.48347">
        <ele>65.1</ele>
      </trkpt>
      <trkpt lat="50.1906" lon="3.48356">
        <ele>65.5</ele>
      </trkpt>
      <trkpt lat="50.1905" lon="3.48374">
        <ele>65.9</ele>
      </trkpt>
      <trkpt lat="50.19035" lon="3.48389">
        <ele>66.0</ele>
      </trkpt>
      <trkpt lat="50.18959" lon="3.48454">
        <ele>66.1</ele>
      </trkpt>
      <trkpt lat="50.189" lon="3.48498">
        <ele>65.9</ele>
      </trkpt>
      <trkpt lat="50.18841" lon="3.48542">
        <ele>67.1</ele>
      </trkpt>
      <trkpt lat="50.18825" lon="3.48561">
        <ele>67.5</ele>
      </trkpt>
      <trkpt lat="50.18833" lon="3.48579">
        <ele>67.9</ele>
      </trkpt>
      <trkpt lat="50.18867" lon="3.48688">
        <ele>71.2</ele>
      </trkpt>
      <trkpt lat="50.18892" lon="3.48763">
        <ele>73.5</ele>
      </trkpt>
      <trkpt lat="50.18911" lon="3.48834">
        <ele>76.7</ele>
      </trkpt>
      <trkpt lat="50.18924" lon="3.4889">
        <ele>78.5</ele>
      </trkpt>
      <trkpt lat="50.18931" lon="3.48937">
        <ele>79.9</ele>
      </trkpt>
      <trkpt lat="50.18933" lon="3.48992">
        <ele>81.4</ele>
      </trkpt>
      <trkpt lat="50.18931" lon="3.4902">
        <ele>82.0</ele>
      </trkpt>
      <trkpt lat="50.18919" lon="3.49091">
        <ele>83.2</ele>
      </trkpt>
      <trkpt lat="50.18918" lon="3.49121">
        <ele>83.9</ele>
      </trkpt>
      <trkpt lat="50.1892" lon="3.49156">
        <ele>84.8</ele>
      </trkpt>
      <trkpt lat="50.18928" lon="3.49219">
        <ele>85.3</ele>
      </trkpt>
      <trkpt lat="50.18932" lon="3.49248">
        <ele>85.4</ele>
      </trkpt>
      <trkpt lat="50.18941" lon="3.49294">
        <ele>85.7</ele>
      </trkpt>
      <trkpt lat="50.18954" lon="3.49348">
        <ele>86.3</ele>
      </trkpt>
      <trkpt lat="50.18992" lon="3.49471">
        <ele>88.3</ele>
      </trkpt>
      <trkpt lat="50.19032" lon="3.49556">
        <ele>90.2</ele>
      </trkpt>
      <trkpt lat="50.19071" lon="3.49642">
        <ele>90.9</ele>
      </trkpt>
      <trkpt lat="50.19111" lon="3.49727">
        <ele>92.0</ele>
      </trkpt>
      <trkpt lat="50.1911" lon="3.49732">
        <ele>92.0</ele>
      </trkpt>
      <trkpt lat="50.19113" lon="3.49737">
        <ele>92.1</ele>
      </trkpt>
      <trkpt lat="50.19097" lon="3.49832">
        <ele>90.5</ele>
      </trkpt>
      <trkpt lat="50.19095" lon="3.49867">
        <ele>90.4</ele>
      </trkpt>
      <trkpt lat="50.1912" lon="3.49868">
        <ele>91.3</ele>
      </trkpt>
      <trkpt lat="50.19143" lon="3.49871">
        <ele>92.1</ele>
      </trkpt>
      <trkpt lat="50.19163" lon="3.49877">
        <ele>92.9</ele>
      </trkpt>
      <trkpt lat="50.19183" lon="3.49887">
        <ele>94.0</ele>
      </trkpt>
      <trkpt lat="50.19244" lon="3.49923">
        <ele>97.6</ele>
      </trkpt>
      <trkpt lat="50.19305" lon="3.4996">
        <ele>101.1</ele>
      </trkpt>
      <trkpt lat="50.19382" lon="3.5003">
        <ele>103.8</ele>
      </trkpt>
      <trkpt lat="50.19397" lon="3.50039">
        <ele>104.3</ele>
      </trkpt>
      <trkpt lat="50.19413" lon="3.50045">
        <ele>104.9</ele>
      </trkpt>
      <trkpt lat="50.19429" lon="3.50048">
        <ele>105.6</ele>
      </trkpt>
      <trkpt lat="50.19429" lon="3.50069">
        <ele>105.6</ele>
      </trkpt>
      <trkpt lat="50.19446" lon="3.50176">
        <ele>107.3</ele>
      </trkpt>
      <trkpt lat="50.19464" lon="3.50173">
        <ele>108.2</ele>
      </trkpt>
      <trkpt lat="50.19477" lon="3.50176">
        <ele>108.9</ele>
      </trkpt>
      <trkpt lat="50.19486" lon="3.5018">
        <ele>109.3</ele>
      </trkpt>
      <trkpt lat="50.19498" lon="3.50191">
        <ele>109.9</ele>
      </trkpt>
      <trkpt lat="50.19541" lon="3.50251">
        <ele>111.5</ele>
      </trkpt>
      <trkpt lat="50.19583" lon="3.50312">
        <ele>112.2</ele>
      </trkpt>
      <trkpt lat="50.19622" lon="3.50362">
        <ele>113.2</ele>
      </trkpt>
      <trkpt lat="50.19675" lon="3.50422">
        <ele>113.9</ele>
      </trkpt>
      <trkpt lat="50.19743" lon="3.50489">
        <ele>113.1</ele>
      </trkpt>
      <trkpt lat="50.1981" lon="3.50557">
        <ele>110.2</ele>
      </trkpt>
      <trkpt lat="50.19878" lon="3.50625">
        <ele>107.4</ele>
      </trkpt>
      <trkpt lat="50.19899" lon="3.50649">
        <ele>106.6</ele>
      </trkpt>
      <trkpt lat="50.19913" lon="3.50669">
        <ele>106.1</ele>
      </trkpt>
      <trkpt lat="50.19957" lon="3.5075">
        <ele>106.0</ele>
      </trkpt>
      <trkpt lat="50.20002" lon="3.50831">
        <ele>105.0</ele>
      </trkpt>
      <trkpt lat="50.20066" lon="3.5093">
        <ele>103.9</ele>
      </trkpt>
      <trkpt lat="50.20107" lon="3.50982">
        <ele>102.7</ele>
      </trkpt>
      <trkpt lat="50.20172" lon="3.51046">
        <ele>103.2</ele>
      </trkpt>
      <trkpt lat="50.20236" lon="3.51105">
        <ele>104.2</ele>
      </trkpt>
      <trkpt lat="50.20272" lon="3.51144">
        <ele>103.8</ele>
      </trkpt>
      <trkpt lat="50.20331" lon="3.51221">
        <ele>103.3</ele>
      </trkpt>
      <trkpt lat="50.20391" lon="3.51299">
        <ele>103.0</ele>
      </trkpt>
      <trkpt lat="50.20454" lon="3.51385">
        <ele>101.9</ele>
      </trkpt>
      <trkpt lat="50.20518" lon="3.51472">
        <ele>98.9</ele>
      </trkpt>
      <trkpt lat="50.20581" lon="3.51559">
        <ele>97.3</ele>
      </trkpt>
      <trkpt lat="50.20647" lon="3.51651">
        <ele>97.1</ele>
      </trkpt>
      <trkpt lat="50.20697" lon="3.51725">
        <ele>97.1</ele>
      </trkpt>
      <trkpt lat="50.20727" lon="3.51765">
        <ele>96.7</ele>
      </trkpt>
      <trkpt lat="50.20797" lon="3.51849">
        <ele>94.5</ele>
      </trkpt>
      <trkpt lat="50.20832" lon="3.51884">
        <ele>94.0</ele>
      </trkpt>
      <trkpt lat="50.20893" lon="3.51934">
        <ele>92.9</ele>
      </trkpt>
      <trkpt lat="50.20922" lon="3.51962">
        <ele>91.8</ele>
      </trkpt>
      <trkpt lat="50.20992" lon="3.52033">
        <ele>90.1</ele>
      </trkpt>
      <trkpt lat="50.21006" lon="3.5204">
        <ele>89.8</ele>
      </trkpt>
      <trkpt lat="50.21033" lon="3.5205">
        <ele>88.8</ele>
      </trkpt>
      <trkpt lat="50.21047" lon="3.52058">
        <ele>88.3</ele>
      </trkpt>
      <trkpt lat="50.21059" lon="3.52071">
        <ele>87.9</ele>
      </trkpt>
      <trkpt lat="50.21069" lon="3.52095">
        <ele>87.6</ele>
      </trkpt>
      <trkpt lat="50.21086" lon="3.52171">
        <ele>88.0</ele>
      </trkpt>
      <trkpt lat="50.21104" lon="3.52246">
        <ele>88.2</ele>
      </trkpt>
      <trkpt lat="50.21109" lon="3.52268">
        <ele>88.2</ele>
      </trkpt>
      <trkpt lat="50.21119" lon="3.52295">
        <ele>88.4</ele>
      </trkpt>
      <trkpt lat="50.21132" lon="3.52318">
        <ele>88.7</ele>
      </trkpt>
      <trkpt lat="50.21141" lon="3.52332">
        <ele>89.1</ele>
      </trkpt>
      <trkpt lat="50.21157" lon="3.52349">
        <ele>90.1</ele>
      </trkpt>
      <trkpt lat="50.21217" lon="3.52405">
        <ele>93.0</ele>
      </trkpt>
      <trkpt lat="50.21237" lon="3.5242">
        <ele>93.7</ele>
      </trkpt>
      <trkpt lat="50.21254" lon="3.52424">
        <ele>94.1</ele>
      </trkpt>
      <trkpt lat="50.21298" lon="3.52423">
        <ele>94.1</ele>
      </trkpt>
      <trkpt lat="50.21305" lon="3.52425">
        <ele>94.2</ele>
      </trkpt>
      <trkpt lat="50.2131" lon="3.52431">
        <ele>94.3</ele>
      </trkpt>
      <trkpt lat="50.21324" lon="3.52463">
        <ele>95.1</ele>
      </trkpt>
      <trkpt lat="50.21336" lon="3.52486">
        <ele>95.7</ele>
      </trkpt>
      <trkpt lat="50.21382" lon="3.52545">
        <ele>97.3</ele>
      </trkpt>
      <trkpt lat="50.21431" lon="3.52616">
        <ele>98.5</ele>
      </trkpt>
      <trkpt lat="50.21469" lon="3.52661">
        <ele>99.5</ele>
      </trkpt>
      <trkpt lat="50.21507" lon="3.52706">
        <ele>100.4</ele>
      </trkpt>
      <trkpt lat="50.21555" lon="3.52775">
        <ele>101.6</ele>
      </trkpt>
      <trkpt lat="50.21559" lon="3.5278">
        <ele>101.7</ele>
      </trkpt>
      <trkpt lat="50.21569" lon="3.52773">
        <ele>101.6</ele>
      </trkpt>
      <trkpt lat="50.21634" lon="3.52737">
        <ele>100.8</ele>
      </trkpt>
      <trkpt lat="50.217" lon="3.52702">
        <ele>100.4</ele>
      </trkpt>
      <trkpt lat="50.21765" lon="3.52667">
        <ele>100.0</ele>
      </trkpt>
      <trkpt lat="50.21803" lon="3.52653">
        <ele>99.6</ele>
      </trkpt>
      <trkpt lat="50.21856" lon="3.52638">
        <ele>99.1</ele>
      </trkpt>
      <trkpt lat="50.21895" lon="3.52635">
        <ele>99.1</ele>
      </trkpt>
      <trkpt lat="50.21952" lon="3.52639">
        <ele>99.1</ele>
      </trkpt>
      <trkpt lat="50.22008" lon="3.52643">
        <ele>98.6</ele>
      </trkpt>
      <trkpt lat="50.22075" lon="3.52634">
        <ele>97.7</ele>
      </trkpt>
      <trkpt lat="50.22142" lon="3.52624">
        <ele>95.4</ele>
      </trkpt>
      <trkpt lat="50.22209" lon="3.52615">
        <ele>94.0</ele>
      </trkpt>
      <trkpt lat="50.2226" lon="3.52619">
        <ele>93.5</ele>
      </trkpt>
      <trkpt lat="50.22312" lon="3.52623">
        <ele>93.8</ele>
      </trkpt>
      <trkpt lat="50.2235" lon="3.52633">
        <ele>94.2</ele>
      </trkpt>
      <trkpt lat="50.22385" lon="3.52646">
        <ele>94.5</ele>
      </trkpt>
      <trkpt lat="50.22398" lon="3.52646">
        <ele>94.5</ele>
      </trkpt>
      <trkpt lat="50.22415" lon="3.52641">
        <ele>94.4</ele>
      </trkpt>
      <trkpt lat="50.22423" lon="3.52637">
        <ele>94.3</ele>
      </trkpt>
      <trkpt lat="50.22435" lon="3.52624">
        <ele>94.1</ele>
      </trkpt>
      <trkpt lat="50.22489" lon="3.52546">
        <ele>93.4</ele>
      </trkpt>
      <trkpt lat="50.22542" lon="3.52468">
        <ele>93.1</ele>
      </trkpt>
      <trkpt lat="50.22558" lon="3.52448">
        <ele>93.1</ele>
      </trkpt>
      <trkpt lat="50.2257" lon="3.52438">
        <ele>93.1</ele>
      </trkpt>
      <trkpt lat="50.22583" lon="3.52429">
        <ele>93.1</ele>
      </trkpt>
      <trkpt lat="50.22624" lon="3.52408">
        <ele>93.4</ele>
      </trkpt>
      <trkpt lat="50.22695" lon="3.52368">
        <ele>93.9</ele>
      </trkpt>
      <trkpt lat="50.2275" lon="3.52344">
        <ele>94.3</ele>
      </trkpt>
      <trkpt lat="50.22804" lon="3.52319">
        <ele>94.2</ele>
      </trkpt>
      <trkpt lat="50.22839" lon="3.52298">
        <ele>94.2</ele>
      </trkpt>
      <trkpt lat="50.22895" lon="3.52261">
        <ele>93.3</ele>
      </trkpt>
      <trkpt lat="50.22951" lon="3.52224">
        <ele>92.1</ele>
      </trkpt>
      <trkpt lat="50.23012" lon="3.5218">
        <ele>91.1</ele>
      </trkpt>
      <trkpt lat="50.23072" lon="3.52137">
        <ele>90.3</ele>
      </trkpt>
      <trkpt lat="50.23095" lon="3.52125">
        <ele>89.9</ele>
      </trkpt>
      <trkpt lat="50.23129" lon="3.52119">
        <ele>89.3</ele>
      </trkpt>
      <trkpt lat="50.23207" lon="3.52094">
        <ele>87.2</ele>
      </trkpt>
      <trkpt lat="50.23284" lon="3.52069">
        <ele>85.8</ele>
      </trkpt>
      <trkpt lat="50.23353" lon="3.52041">
        <ele>85.3</ele>
      </trkpt>
      <trkpt lat="50.23421" lon="3.52013">
        <ele>86.2</ele>
      </trkpt>
      <trkpt lat="50.2349" lon="3.51986">
        <ele>86.4</ele>
      </trkpt>
      <trkpt lat="50.23549" lon="3.51966">
        <ele>86.6</ele>
      </trkpt>
      <trkpt lat="50.23602" lon="3.51951">
        <ele>87.5</ele>
      </trkpt>
      <trkpt lat="50.23655" lon="3.51935">
        <ele>89.0</ele>
      </trkpt>
      <trkpt lat="50.23738" lon="3.51895">
        <ele>88.5</ele>
      </trkpt>
      <trkpt lat="50.23771" lon="3.51872">
        <ele>88.5</ele>
      </trkpt>
      <trkpt lat="50.23821" lon="3.51823">
        <ele>88.2</ele>
      </trkpt>
      <trkpt lat="50.23835" lon="3.51816">
        <ele>88.1</ele>
      </trkpt>
      <trkpt lat="50.2385" lon="3.51815">
        <ele>87.6</ele>
      </trkpt>
      <trkpt lat="50.23864" lon="3.51819">
        <ele>87.3</ele>
      </trkpt>
      <trkpt lat="50.23898" lon="3.51847">
        <ele>87.2</ele>
      </trkpt>
      <trkpt lat="50.23915" lon="3.51854">
        <ele>86.8</ele>
      </trkpt>
      <trkpt lat="50.23984" lon="3.51864">
        <ele>84.7</ele>
      </trkpt>
      <trkpt lat="50.24009" lon="3.51864">
        <ele>83.8</ele>
      </trkpt>
      <trkpt lat="50.24053" lon="3.51857">
        <ele>82.4</ele>
      </trkpt>
      <trkpt lat="50.24078" lon="3.51849">
        <ele>81.5</ele>
      </trkpt>
      <trkpt lat="50.24125" lon="3.5182">
        <ele>80.0</ele>
      </trkpt>
      <trkpt lat="50.24158" lon="3.51804">
        <ele>79.0</ele>
      </trkpt>
      <trkpt lat="50.24167" lon="3.51799">
        <ele>78.8</ele>
      </trkpt>
      <trkpt lat="50.24216" lon="3.51831">
        <ele>79.3</ele>
      </trkpt>
      <trkpt lat="50.24241" lon="3.51854">
        <ele>79.4</ele>
      </trkpt>
      <trkpt lat="50.24271" lon="3.51891">
        <ele>79.4</ele>
      </trkpt>
      <trkpt lat="50.2429" lon="3.51916">
        <ele>79.5</ele>
      </trkpt>
      <trkpt lat="50.24341" lon="3.51995">
        <ele>80.9</ele>
      </trkpt>
      <trkpt lat="50.24361" lon="3.52022">
        <ele>81.4</ele>
      </trkpt>
      <trkpt lat="50.24407" lon="3.52072">
        <ele>82.0</ele>
      </trkpt>
      <trkpt lat="50.24452" lon="3.52122">
        <ele>82.5</ele>
      </trkpt>
      <trkpt lat="50.24522" lon="3.52205">
        <ele>82.5</ele>
      </trkpt>
      <trkpt lat="50.24592" lon="3.52287">
        <ele>80.6</ele>
      </trkpt>
      <trkpt lat="50.24646" lon="3.52343">
        <ele>78.0</ele>
      </trkpt>
      <trkpt lat="50.24701" lon="3.52398">
        <ele>75.0</ele>
      </trkpt>
      <trkpt lat="50.24755" lon="3.52454">
        <ele>71.3</ele>
      </trkpt>
      <trkpt lat="50.24782" lon="3.52495">
        <ele>69.5</ele>
      </trkpt>
      <trkpt lat="50.24788" lon="3.5251">
        <ele>69.1</ele>
      </trkpt>
      <trkpt lat="50.24789" lon="3.5252">
        <ele>68.9</ele>
      </trkpt>
      <trkpt lat="50.2479" lon="3.52519">
        <ele>68.9</ele>
      </trkpt>
      <trkpt lat="50.24799" lon="3.52511">
        <ele>68.5</ele>
      </trkpt>
      <trkpt lat="50.2481" lon="3.52495">
        <ele>68.2</ele>
      </trkpt>
      <trkpt lat="50.2484" lon="3.52425">
        <ele>68.4</ele>
      </trkpt>
      <trkpt lat="50.24869" lon="3.52355">
        <ele>67.6</ele>
      </trkpt>
      <trkpt lat="50.24877" lon="3.52333">
        <ele>67.4</ele>
      </trkpt>
      <trkpt lat="50.24901" lon="3.5224">
        <ele>64.8</ele>
      </trkpt>
      <trkpt lat="50.24926" lon="3.52148">
        <ele>62.5</ele>
      </trkpt>
      <trkpt lat="50.24937" lon="3.52096">
        <ele>62.0</ele>
      </trkpt>
      <trkpt lat="50.24948" lon="3.52049">
        <ele>61.5</ele>
      </trkpt>
      <trkpt lat="50.24955" lon="3.5203">
        <ele>61.2</ele>
      </trkpt>
      <trkpt lat="50.24962" lon="3.52017">
        <ele>60.8</ele>
      </trkpt>
      <trkpt lat="50.24989" lon="3.51973">
        <ele>60.2</ele>
      </trkpt>
      <trkpt lat="50.2505" lon="3.51892">
        <ele>58.4</ele>
      </trkpt>
      <trkpt lat="50.25077" lon="3.5185">
        <ele>57.2</ele>
      </trkpt>
      <trkpt lat="50.25095" lon="3.51818">
        <ele>56.5</ele>
      </trkpt>
      <trkpt lat="50.25144" lon="3.51701">
        <ele>54.8</ele>
      </trkpt>
      <trkpt lat="50.25201" lon="3.51594">
        <ele>53.7</ele>
      </trkpt>
      <trkpt lat="50.25253" lon="3.51483">
        <ele>52.3</ele>
      </trkpt>
      <trkpt lat="50.25304" lon="3.51372">
        <ele>53.2</ele>
      </trkpt>
      <trkpt lat="50.25324" lon="3.51318">
        <ele>53.6</ele>
      </trkpt>
      <trkpt lat="50.25333" lon="3.51303">
        <ele>53.7</ele>
      </trkpt>
      <trkpt lat="50.25351" lon="3.51285">
        <ele>53.3</ele>
      </trkpt>
      <trkpt lat="50.25419" lon="3.51237">
        <ele>51.1</ele>
      </trkpt>
      <trkpt lat="50.25487" lon="3.51189">
        <ele>49.4</ele>
      </trkpt>
      <trkpt lat="50.25533" lon="3.51159">
        <ele>49.2</ele>
      </trkpt>
      <trkpt lat="50.25579" lon="3.51129">
        <ele>49.9</ele>
      </trkpt>
      <trkpt lat="50.25584" lon="3.51144">
        <ele>49.5</ele>
      </trkpt>
      <trkpt lat="50.25594" lon="3.51173">
        <ele>48.9</ele>
      </trkpt>
      <trkpt lat="50.25617" lon="3.51247">
        <ele>49.0</ele>
      </trkpt>
      <trkpt lat="50.25645" lon="3.5137">
        <ele>50.7</ele>
      </trkpt>
      <trkpt lat="50.25673" lon="3.51493">
        <ele>56.8</ele>
      </trkpt>
      <trkpt lat="50.25684" lon="3.51533">
        <ele>58.5</ele>
      </trkpt>
      <trkpt lat="50.2569" lon="3.51563">
        <ele>59.6</ele>
      </trkpt>
      <trkpt lat="50.25701" lon="3.51633">
        <ele>62.2</ele>
      </trkpt>
      <trkpt lat="50.25708" lon="3.51658">
        <ele>63.2</ele>
      </trkpt>
      <trkpt lat="50.25751" lon="3.51607">
        <ele>61.9</ele>
      </trkpt>
      <trkpt lat="50.25804" lon="3.51566">
        <ele>62.0</ele>
      </trkpt>
      <trkpt lat="50.25857" lon="3.51524">
        <ele>62.9</ele>
      </trkpt>
      <trkpt lat="50.25921" lon="3.5148">
        <ele>63.0</ele>
      </trkpt>
      <trkpt lat="50.25984" lon="3.51436">
        <ele>60.9</ele>
      </trkpt>
      <trkpt lat="50.26029" lon="3.51396">
        <ele>60.0</ele>
      </trkpt>
      <trkpt lat="50.26084" lon="3.51339">
        <ele>59.2</ele>
      </trkpt>
      <trkpt lat="50.2614" lon="3.51282">
        <ele>57.8</ele>
      </trkpt>
      <trkpt lat="50.26195" lon="3.51225">
        <ele>57.8</ele>
      </trkpt>
      <trkpt lat="50.26216" lon="3.51191">
        <ele>58.0</ele>
      </trkpt>
      <trkpt lat="50.26221" lon="3.51175">
        <ele>57.8</ele>
      </trkpt>
      <trkpt lat="50.26231" lon="3.51178">
        <ele>58.4</ele>
      </trkpt>
      <trkpt lat="50.26241" lon="3.51154">
        <ele>58.0</ele>
      </trkpt>
      <trkpt lat="50.26291" lon="3.51053">
        <ele>53.9</ele>
      </trkpt>
      <trkpt lat="50.26328" lon="3.50991">
        <ele>51.8</ele>
      </trkpt>
      <trkpt lat="50.26332" lon="3.50981">
        <ele>51.5</ele>
      </trkpt>
      <trkpt lat="50.26335" lon="3.50965">
        <ele>51.1</ele>
      </trkpt>
      <trkpt lat="50.26338" lon="3.5093">
        <ele>50.3</ele>
      </trkpt>
      <trkpt lat="50.26345" lon="3.5081">
        <ele>48.8</ele>
      </trkpt>
      <trkpt lat="50.26355" lon="3.50719">
        <ele>48.5</ele>
      </trkpt>
      <trkpt lat="50.26357" lon="3.50703">
        <ele>48.6</ele>
      </trkpt>
      <trkpt lat="50.26361" lon="3.50693">
        <ele>48.7</ele>
      </trkpt>
      <trkpt lat="50.26394" lon="3.50633">
        <ele>48.9</ele>
      </trkpt>
      <trkpt lat="50.26443" lon="3.50571">
        <ele>50.4</ele>
      </trkpt>
      <trkpt lat="50.26491" lon="3.50509">
        <ele>52.6</ele>
      </trkpt>
      <trkpt lat="50.2655" lon="3.50438">
        <ele>52.4</ele>
      </trkpt>
      <trkpt lat="50.26581" lon="3.50391">
        <ele>51.7</ele>
      </trkpt>
      <trkpt lat="50.26629" lon="3.50328">
        <ele>51.6</ele>
      </trkpt>
      <trkpt lat="50.26639" lon="3.50307">
        <ele>51.7</ele>
      </trkpt>
      <trkpt lat="50.26651" lon="3.50233">
        <ele>50.7</ele>
      </trkpt>
      <trkpt lat="50.26671" lon="3.50179">
        <ele>50.7</ele>
      </trkpt>
      <trkpt lat="50.26678" lon="3.50144">
        <ele>50.2</ele>
      </trkpt>
      <trkpt lat="50.26684" lon="3.50088">
        <ele>48.6</ele>
      </trkpt>
      <trkpt lat="50.26692" lon="3.50039">
        <ele>47.9</ele>
      </trkpt>
      <trkpt lat="50.26665" lon="3.50003">
        <ele>45.1</ele>
      </trkpt>
      <trkpt lat="50.26646" lon="3.49966">
        <ele>44.9</ele>
      </trkpt>
      <trkpt lat="50.26636" lon="3.49954">
        <ele>44.8</ele>
      </trkpt>
      <trkpt lat="50.26618" lon="3.49942">
        <ele>44.8</ele>
      </trkpt>
      <trkpt lat="50.26603" lon="3.49939">
        <ele>44.8</ele>
      </trkpt>
      <trkpt lat="50.26589" lon="3.49939">
        <ele>44.8</ele>
      </trkpt>
      <trkpt lat="50.26569" lon="3.49937">
        <ele>44.7</ele>
      </trkpt>
      <trkpt lat="50.26562" lon="3.49934">
        <ele>44.6</ele>
      </trkpt>
      <trkpt lat="50.26501" lon="3.49886">
        <ele>44.0</ele>
      </trkpt>
      <trkpt lat="50.26441" lon="3.49839">
        <ele>46.1</ele>
      </trkpt>
      <trkpt lat="50.26431" lon="3.49827">
        <ele>46.4</ele>
      </trkpt>
      <trkpt lat="50.26406" lon="3.49766">
        <ele>46.7</ele>
      </trkpt>
      <trkpt lat="50.26382" lon="3.49706">
        <ele>47.1</ele>
      </trkpt>
      <trkpt lat="50.26373" lon="3.49689">
        <ele>47.4</ele>
      </trkpt>
      <trkpt lat="50.26364" lon="3.49679">
        <ele>47.7</ele>
      </trkpt>
      <trkpt lat="50.26352" lon="3.49671">
        <ele>48.2</ele>
      </trkpt>
      <trkpt lat="50.26293" lon="3.49641">
        <ele>50.3</ele>
      </trkpt>
      <trkpt lat="50.26233" lon="3.49611">
        <ele>52.9</ele>
      </trkpt>
      <trkpt lat="50.26206" lon="3.49593">
        <ele>55.1</ele>
      </trkpt>
      <trkpt lat="50.26132" lon="3.49534">
        <ele>59.7</ele>
      </trkpt>
      <trkpt lat="50.26112" lon="3.49523">
        <ele>60.6</ele>
      </trkpt>
      <trkpt lat="50.26114" lon="3.49502">
        <ele>60.5</ele>
      </trkpt>
      <trkpt lat="50.26118" lon="3.49473">
        <ele>59.5</ele>
      </trkpt>
      <trkpt lat="50.26128" lon="3.49433">
        <ele>57.9</ele>
      </trkpt>
      <trkpt lat="50.26168" lon="3.49324">
        <ele>54.9</ele>
      </trkpt>
      <trkpt lat="50.26194" lon="3.49247">
        <ele>53.6</ele>
      </trkpt>
      <trkpt lat="50.2622" lon="3.4917">
        <ele>53.0</ele>
      </trkpt>
      <trkpt lat="50.26258" lon="3.49064">
        <ele>50.5</ele>
      </trkpt>
      <trkpt lat="50.26275" lon="3.49007">
        <ele>49.2</ele>
      </trkpt>
      <trkpt lat="50.26285" lon="3.48961">
        <ele>48.5</ele>
      </trkpt>
      <trkpt lat="50.26305" lon="3.48848">
        <ele>47.4</ele>
      </trkpt>
      <trkpt lat="50.26325" lon="3.48734">
        <ele>47.2</ele>
      </trkpt>
      <trkpt lat="50.2634" lon="3.48616">
        <ele>47.4</ele>
      </trkpt>
      <trkpt lat="50.26355" lon="3.48498">
        <ele>47.2</ele>
      </trkpt>
      <trkpt lat="50.26362" lon="3.48457">
        <ele>47.1</ele>
      </trkpt>
      <trkpt lat="50.2637" lon="3.48428">
        <ele>47.1</ele>
      </trkpt>
      <trkpt lat="50.26399" lon="3.48336">
        <ele>46.4</ele>
      </trkpt>
      <trkpt lat="50.26429" lon="3.48244">
        <ele>47.6</ele>
      </trkpt>
      <trkpt lat="50.26459" lon="3.48152">
        <ele>47.8</ele>
      </trkpt>
      <trkpt lat="50.26473" lon="3.48074">
        <ele>49.1</ele>
      </trkpt>
      <trkpt lat="50.26481" lon="3.48007">
        <ele>49.8</ele>
      </trkpt>
      <trkpt lat="50.26489" lon="3.47966">
        <ele>49.9</ele>
      </trkpt>
      <trkpt lat="50.26493" lon="3.47956">
        <ele>49.8</ele>
      </trkpt>
      <trkpt lat="50.26534" lon="3.47871">
        <ele>49.3</ele>
      </trkpt>
      <trkpt lat="50.26574" lon="3.47786">
        <ele>48.8</ele>
      </trkpt>
      <trkpt lat="50.2659" lon="3.4774">
        <ele>48.8</ele>
      </trkpt>
      <trkpt lat="50.26599" lon="3.47704">
        <ele>48.4</ele>
      </trkpt>
      <trkpt lat="50.26602" lon="3.47674">
        <ele>48.3</ele>
      </trkpt>
      <trkpt lat="50.266" lon="3.47637">
        <ele>47.8</ele>
      </trkpt>
      <trkpt lat="50.26595" lon="3.47594">
        <ele>47.0</ele>
      </trkpt>
      <trkpt lat="50.26591" lon="3.47574">
        <ele>46.7</ele>
      </trkpt>
      <trkpt lat="50.26602" lon="3.47575">
        <ele>46.5</ele>
      </trkpt>
      <trkpt lat="50.26647" lon="3.47587">
        <ele>45.5</ele>
      </trkpt>
      <trkpt lat="50.26692" lon="3.476">
        <ele>44.7</ele>
      </trkpt>
      <trkpt lat="50.26717" lon="3.47612">
        <ele>44.3</ele>
      </trkpt>
      <trkpt lat="50.26751" lon="3.47639">
        <ele>44.3</ele>
      </trkpt>
      <trkpt lat="50.2676" lon="3.47642">
        <ele>43.8</ele>
      </trkpt>
      <trkpt lat="50.26803" lon="3.47646">
        <ele>41.5</ele>
      </trkpt>
      <trkpt lat="50.2683" lon="3.47652">
        <ele>40.0</ele>
      </trkpt>
      <trkpt lat="50.26841" lon="3.47656">
        <ele>39.8</ele>
      </trkpt>
      <trkpt lat="50.26882" lon="3.47673">
        <ele>39.4</ele>
      </trkpt>
      <trkpt lat="50.26924" lon="3.47706">
        <ele>39.0</ele>
      </trkpt>
      <trkpt lat="50.26937" lon="3.47719">
        <ele>38.9</ele>
      </trkpt>
      <trkpt lat="50.26955" lon="3.4774">
        <ele>38.9</ele>
      </trkpt>
      <trkpt lat="50.27007" lon="3.47813">
        <ele>39.8</ele>
      </trkpt>
      <trkpt lat="50.27017" lon="3.47833">
        <ele>40.0</ele>
      </trkpt>
      <trkpt lat="50.27034" lon="3.47894">
        <ele>40.3</ele>
      </trkpt>
      <trkpt lat="50.27049" lon="3.47936">
        <ele>40.7</ele>
      </trkpt>
      <trkpt lat="50.27065" lon="3.47973">
        <ele>41.3</ele>
      </trkpt>
      <trkpt lat="50.27079" lon="3.47998">
        <ele>41.9</ele>
      </trkpt>
      <trkpt lat="50.27107" lon="3.48039">
        <ele>43.9</ele>
      </trkpt>
      <trkpt lat="50.27129" lon="3.48064">
        <ele>45.3</ele>
      </trkpt>
      <trkpt lat="50.27182" lon="3.4812">
        <ele>48.0</ele>
      </trkpt>
      <trkpt lat="50.27236" lon="3.48175">
        <ele>49.9</ele>
      </trkpt>
      <trkpt lat="50.27292" lon="3.48235">
        <ele>53.2</ele>
      </trkpt>
      <trkpt lat="50.27305" lon="3.48252">
        <ele>54.0</ele>
      </trkpt>
      <trkpt lat="50.27352" lon="3.4832">
        <ele>57.2</ele>
      </trkpt>
      <trkpt lat="50.27399" lon="3.48388">
        <ele>59.4</ele>
      </trkpt>
      <trkpt lat="50.27451" lon="3.48487">
        <ele>62.1</ele>
      </trkpt>
      <trkpt lat="50.27502" lon="3.48602">
        <ele>66.7</ele>
      </trkpt>
      <trkpt lat="50.27531" lon="3.48675">
        <ele>69.3</ele>
      </trkpt>
      <trkpt lat="50.2756" lon="3.48747">
        <ele>71.9</ele>
      </trkpt>
      <trkpt lat="50.27609" lon="3.48826">
        <ele>74.1</ele>
      </trkpt>
      <trkpt lat="50.27652" lon="3.48909">
        <ele>75.2</ele>
      </trkpt>
      <trkpt lat="50.2767" lon="3.48947">
        <ele>76.1</ele>
      </trkpt>
      <trkpt lat="50.27698" lon="3.48986">
        <ele>77.1</ele>
      </trkpt>
      <trkpt lat="50.27733" lon="3.49031">
        <ele>78.0</ele>
      </trkpt>
      <trkpt lat="50.278" lon="3.49108">
        <ele>78.5</ele>
      </trkpt>
      <trkpt lat="50.27818" lon="3.49135">
        <ele>78.7</ele>
      </trkpt>
      <trkpt lat="50.27845" lon="3.49194">
        <ele>78.8</ele>
      </trkpt>
      <trkpt lat="50.27872" lon="3.49252">
        <ele>78.6</ele>
      </trkpt>
      <trkpt lat="50.27906" lon="3.49351">
        <ele>80.2</ele>
      </trkpt>
      <trkpt lat="50.2794" lon="3.4945">
        <ele>81.5</ele>
      </trkpt>
      <trkpt lat="50.27977" lon="3.49571">
        <ele>83.8</ele>
      </trkpt>
      <trkpt lat="50.28014" lon="3.49691">
        <ele>86.4</ele>
      </trkpt>
      <trkpt lat="50.28037" lon="3.49762">
        <ele>87.4</ele>
      </trkpt>
      <trkpt lat="50.28071" lon="3.49851">
        <ele>88.3</ele>
      </trkpt>
      <trkpt lat="50.28106" lon="3.49939">
        <ele>88.0</ele>
      </trkpt>
      <trkpt lat="50.28129" lon="3.50002">
        <ele>87.4</ele>
      </trkpt>
      <trkpt lat="50.28152" lon="3.50064">
        <ele>86.5</ele>
      </trkpt>
      <trkpt lat="50.28158" lon="3.50085">
        <ele>86.3</ele>
      </trkpt>
      <trkpt lat="50.28163" lon="3.50106">
        <ele>85.9</ele>
      </trkpt>
      <trkpt lat="50.28177" lon="3.50209">
        <ele>84.5</ele>
      </trkpt>
      <trkpt lat="50.28195" lon="3.50301">
        <ele>83.2</ele>
      </trkpt>
      <trkpt lat="50.28203" lon="3.50349">
        <ele>82.4</ele>
      </trkpt>
      <trkpt lat="50.28213" lon="3.50448">
        <ele>80.3</ele>
      </trkpt>
      <trkpt lat="50.28235" lon="3.50568">
        <ele>78.5</ele>
      </trkpt>
      <trkpt lat="50.28257" lon="3.50688">
        <ele>76.0</ele>
      </trkpt>
      <trkpt lat="50.28271" lon="3.50785">
        <ele>76.2</ele>
      </trkpt>
      <trkpt lat="50.28285" lon="3.50882">
        <ele>76.4</ele>
      </trkpt>
      <trkpt lat="50.28289" lon="3.5091">
        <ele>76.5</ele>
      </trkpt>
      <trkpt lat="50.28299" lon="3.50952">
        <ele>76.8</ele>
      </trkpt>
      <trkpt lat="50.28318" lon="3.51025">
        <ele>77.5</ele>
      </trkpt>
      <trkpt lat="50.28338" lon="3.51099">
        <ele>78.4</ele>
      </trkpt>
      <trkpt lat="50.28346" lon="3.51157">
        <ele>79.9</ele>
      </trkpt>
      <trkpt lat="50.28348" lon="3.51199">
        <ele>80.9</ele>
      </trkpt>
      <trkpt lat="50.28346" lon="3.51265">
        <ele>82.3</ele>
      </trkpt>
      <trkpt lat="50.28349" lon="3.51296">
        <ele>83.0</ele>
      </trkpt>
      <trkpt lat="50.2836" lon="3.51349">
        <ele>84.1</ele>
      </trkpt>
      <trkpt lat="50.28374" lon="3.51399">
        <ele>85.1</ele>
      </trkpt>
      <trkpt lat="50.28374" lon="3.51399">
        <ele>85.1</ele>
      </trkpt>
      <trkpt lat="50.28442" lon="3.51366">
        <ele>83.8</ele>
      </trkpt>
      <trkpt lat="50.2851" lon="3.51333">
        <ele>83.0</ele>
      </trkpt>
      <trkpt lat="50.28585" lon="3.51326">
        <ele>82.9</ele>
      </trkpt>
      <trkpt lat="50.28659" lon="3.51338">
        <ele>84.0</ele>
      </trkpt>
      <trkpt lat="50.28732" lon="3.5135">
        <ele>87.2</ele>
      </trkpt>
      <trkpt lat="50.28806" lon="3.51363">
        <ele>87.3</ele>
      </trkpt>
      <trkpt lat="50.2888" lon="3.51375">
        <ele>87.6</ele>
      </trkpt>
      <trkpt lat="50.28944" lon="3.51374">
        <ele>88.3</ele>
      </trkpt>
      <trkpt lat="50.29006" lon="3.5137">
        <ele>88.9</ele>
      </trkpt>
      <trkpt lat="50.29" lon="3.51429">
        <ele>89.0</ele>
      </trkpt>
      <trkpt lat="50.28996" lon="3.51453">
        <ele>88.9</ele>
      </trkpt>
      <trkpt lat="50.28967" lon="3.51543">
        <ele>87.9</ele>
      </trkpt>
      <trkpt lat="50.28964" lon="3.51557">
        <ele>87.7</ele>
      </trkpt>
      <trkpt lat="50.28964" lon="3.51568">
        <ele>87.7</ele>
      </trkpt>
      <trkpt lat="50.2898" lon="3.51653">
        <ele>86.5</ele>
      </trkpt>
      <trkpt lat="50.29001" lon="3.51759">
        <ele>84.8</ele>
      </trkpt>
      <trkpt lat="50.29022" lon="3.51866">
        <ele>82.0</ele>
      </trkpt>
      <trkpt lat="50.29023" lon="3.51903">
        <ele>81.1</ele>
      </trkpt>
      <trkpt lat="50.2902" lon="3.51927">
        <ele>80.4</ele>
      </trkpt>
      <trkpt lat="50.2901" lon="3.51971">
        <ele>79.0</ele>
      </trkpt>
      <trkpt lat="50.28978" lon="3.52072">
        <ele>78.3</ele>
      </trkpt>
      <trkpt lat="50.28946" lon="3.52172">
        <ele>77.7</ele>
      </trkpt>
      <trkpt lat="50.28938" lon="3.52202">
        <ele>78.3</ele>
      </trkpt>
      <trkpt lat="50.28922" lon="3.52286">
        <ele>79.5</ele>
      </trkpt>
      <trkpt lat="50.28905" lon="3.52371">
        <ele>80.9</ele>
      </trkpt>
      <trkpt lat="50.28892" lon="3.52481">
        <ele>84.1</ele>
      </trkpt>
      <trkpt lat="50.2888" lon="3.5259">
        <ele>86.2</ele>
      </trkpt>
      <trkpt lat="50.28871" lon="3.52629">
        <ele>87.4</ele>
      </trkpt>
      <trkpt lat="50.28849" lon="3.52709">
        <ele>89.8</ele>
      </trkpt>
      <trkpt lat="50.28836" lon="3.52791">
        <ele>92.0</ele>
      </trkpt>
      <trkpt lat="50.28823" lon="3.52872">
        <ele>92.8</ele>
      </trkpt>
      <trkpt lat="50.28817" lon="3.52925">
        <ele>92.9</ele>
      </trkpt>
      <trkpt lat="50.28817" lon="3.52942">
        <ele>93.1</ele>
      </trkpt>
      <trkpt lat="50.28821" lon="3.52963">
        <ele>93.4</ele>
      </trkpt>
      <trkpt lat="50.28838" lon="3.53024">
        <ele>93.4</ele>
      </trkpt>
      <trkpt lat="50.28866" lon="3.53119">
        <ele>91.5</ele>
      </trkpt>
      <trkpt lat="50.28903" lon="3.53219">
        <ele>90.1</ele>
      </trkpt>
      <trkpt lat="50.28924" lon="3.53265">
        <ele>89.6</ele>
      </trkpt>
      <trkpt lat="50.28947" lon="3.53307">
        <ele>88.3</ele>
      </trkpt>
      <trkpt lat="50.29005" lon="3.53396">
        <ele>85.4</ele>
      </trkpt>
      <trkpt lat="50.29063" lon="3.53484">
        <ele>83.2</ele>
      </trkpt>
      <trkpt lat="50.29113" lon="3.53576">
        <ele>79.5</ele>
      </trkpt>
      <trkpt lat="50.29164" lon="3.53668">
        <ele>76.0</ele>
      </trkpt>
      <trkpt lat="50.29173" lon="3.53679">
        <ele>75.3</ele>
      </trkpt>
      <trkpt lat="50.29173" lon="3.53679">
        <ele>75.3</ele>
      </trkpt>
      <trkpt lat="50.29173" lon="3.53679">
        <ele>75.3</ele>
      </trkpt>
      <trkpt lat="50.29177" lon="3.53659">
        <ele>75.7</ele>
      </trkpt>
      <trkpt lat="50.29184" lon="3.5364">
        <ele>75.9</ele>
      </trkpt>
      <trkpt lat="50.29226" lon="3.53568">
        <ele>76.2</ele>
      </trkpt>
      <trkpt lat="50.29234" lon="3.5355">
        <ele>76.4</ele>
      </trkpt>
      <trkpt lat="50.29246" lon="3.53516">
        <ele>76.8</ele>
      </trkpt>
      <trkpt lat="50.29268" lon="3.53435">
        <ele>78.9</ele>
      </trkpt>
      <trkpt lat="50.29277" lon="3.53412">
        <ele>79.8</ele>
      </trkpt>
      <trkpt lat="50.29289" lon="3.53389">
        <ele>80.8</ele>
      </trkpt>
      <trkpt lat="50.293" lon="3.53372">
        <ele>81.6</ele>
      </trkpt>
      <trkpt lat="50.29318" lon="3.53354">
        <ele>82.7</ele>
      </trkpt>
      <trkpt lat="50.29365" lon="3.53314">
        <ele>85.1</ele>
      </trkpt>
      <trkpt lat="50.29397" lon="3.53282">
        <ele>85.5</ele>
      </trkpt>
      <trkpt lat="50.29409" lon="3.53265">
        <ele>85.3</ele>
      </trkpt>
      <trkpt lat="50.2943" lon="3.5323">
        <ele>84.6</ele>
      </trkpt>
      <trkpt lat="50.29462" lon="3.53182">
        <ele>83.6</ele>
      </trkpt>
      <trkpt lat="50.29484" lon="3.53154">
        <ele>83.1</ele>
      </trkpt>
      <trkpt lat="50.29539" lon="3.53099">
        <ele>81.7</ele>
      </trkpt>
      <trkpt lat="50.29595" lon="3.53045">
        <ele>80.7</ele>
      </trkpt>
      <trkpt lat="50.2965" lon="3.5299">
        <ele>81.5</ele>
      </trkpt>
      <trkpt lat="50.29711" lon="3.52933">
        <ele>80.8</ele>
      </trkpt>
      <trkpt lat="50.29772" lon="3.52876">
        <ele>79.5</ele>
      </trkpt>
      <trkpt lat="50.29797" lon="3.52847">
        <ele>79.2</ele>
      </trkpt>
      <trkpt lat="50.2982" lon="3.52811">
        <ele>79.0</ele>
      </trkpt>
      <trkpt lat="50.29836" lon="3.52779">
        <ele>79.0</ele>
      </trkpt>
      <trkpt lat="50.29847" lon="3.52755">
        <ele>78.8</ele>
      </trkpt>
      <trkpt lat="50.2988" lon="3.52664">
        <ele>78.5</ele>
      </trkpt>
      <trkpt lat="50.29913" lon="3.52573">
        <ele>79.2</ele>
      </trkpt>
      <trkpt lat="50.29946" lon="3.52482">
        <ele>79.6</ele>
      </trkpt>
      <trkpt lat="50.29953" lon="3.52485">
        <ele>79.5</ele>
      </trkpt>
      <trkpt lat="50.29957" lon="3.52484">
        <ele>79.4</ele>
      </trkpt>
      <trkpt lat="50.30029" lon="3.52452">
        <ele>78.2</ele>
      </trkpt>
      <trkpt lat="50.301" lon="3.52421">
        <ele>77.5</ele>
      </trkpt>
      <trkpt lat="50.30172" lon="3.5239">
        <ele>79.0</ele>
      </trkpt>
      <trkpt lat="50.30244" lon="3.52359">
        <ele>79.3</ele>
      </trkpt>
      <trkpt lat="50.30304" lon="3.52342">
        <ele>80.4</ele>
      </trkpt>
      <trkpt lat="50.30364" lon="3.52325">
        <ele>82.1</ele>
      </trkpt>
      <trkpt lat="50.3042" lon="3.52304">
        <ele>83.7</ele>
      </trkpt>
      <trkpt lat="50.30476" lon="3.52284">
        <ele>84.3</ele>
      </trkpt>
      <trkpt lat="50.30546" lon="3.52246">
        <ele>83.3</ele>
      </trkpt>
      <trkpt lat="50.30615" lon="3.52209">
        <ele>82.0</ele>
      </trkpt>
      <trkpt lat="50.30685" lon="3.52172">
        <ele>81.6</ele>
      </trkpt>
      <trkpt lat="50.30744" lon="3.52146">
        <ele>79.9</ele>
      </trkpt>
      <trkpt lat="50.30802" lon="3.5212">
        <ele>79.5</ele>
      </trkpt>
      <trkpt lat="50.3086" lon="3.52095">
        <ele>79.5</ele>
      </trkpt>
      <trkpt lat="50.30944" lon="3.52065">
        <ele>78.8</ele>
      </trkpt>
      <trkpt lat="50.30958" lon="3.52061">
        <ele>78.6</ele>
      </trkpt>
      <trkpt lat="50.31042" lon="3.52036">
        <ele>77.8</ele>
      </trkpt>
      <trkpt lat="50.31073" lon="3.5202">
        <ele>77.8</ele>
      </trkpt>
      <trkpt lat="50.31139" lon="3.5198">
        <ele>76.7</ele>
      </trkpt>
      <trkpt lat="50.31205" lon="3.51941">
        <ele>76.0</ele>
      </trkpt>
      <trkpt lat="50.31256" lon="3.51914">
        <ele>75.9</ele>
      </trkpt>
      <trkpt lat="50.313" lon="3.51897">
        <ele>75.4</ele>
      </trkpt>
      <trkpt lat="50.31344" lon="3.51879">
        <ele>74.9</ele>
      </trkpt>
      <trkpt lat="50.31357" lon="3.51869">
        <ele>74.7</ele>
      </trkpt>
      <trkpt lat="50.31366" lon="3.51855">
        <ele>74.6</ele>
      </trkpt>
      <trkpt lat="50.31366" lon="3.51855">
        <ele>74.6</ele>
      </trkpt>
      <trkpt lat="50.31321" lon="3.51791">
        <ele>74.6</ele>
      </trkpt>
      <trkpt lat="50.31309" lon="3.5178">
        <ele>74.7</ele>
      </trkpt>
      <trkpt lat="50.31299" lon="3.51775">
        <ele>74.7</ele>
      </trkpt>
      <trkpt lat="50.3128" lon="3.51769">
        <ele>74.9</ele>
      </trkpt>
      <trkpt lat="50.31231" lon="3.51765">
        <ele>75.2</ele>
      </trkpt>
      <trkpt lat="50.31183" lon="3.51762">
        <ele>75.1</ele>
      </trkpt>
      <trkpt lat="50.31106" lon="3.51763">
        <ele>76.7</ele>
      </trkpt>
      <trkpt lat="50.31029" lon="3.51764">
        <ele>79.0</ele>
      </trkpt>
      <trkpt lat="50.30953" lon="3.51765">
        <ele>80.5</ele>
      </trkpt>
      <trkpt lat="50.30943" lon="3.51761">
        <ele>80.6</ele>
      </trkpt>
      <trkpt lat="50.30931" lon="3.5174">
        <ele>80.8</ele>
      </trkpt>
      <trkpt lat="50.30924" lon="3.51704">
        <ele>81.0</ele>
      </trkpt>
      <trkpt lat="50.30898" lon="3.51717">
        <ele>81.0</ele>
      </trkpt>
      <trkpt lat="50.30844" lon="3.51737">
        <ele>81.0</ele>
      </trkpt>
      <trkpt lat="50.30776" lon="3.51754">
        <ele>82.3</ele>
      </trkpt>
      <trkpt lat="50.3073" lon="3.51759">
        <ele>82.8</ele>
      </trkpt>
      <trkpt lat="50.30663" lon="3.51758">
        <ele>83.0</ele>
      </trkpt>
      <trkpt lat="50.30621" lon="3.51754">
        <ele>83.0</ele>
      </trkpt>
      <trkpt lat="50.30552" lon="3.51739">
        <ele>83.5</ele>
      </trkpt>
      <trkpt lat="50.30484" lon="3.51724">
        <ele>84.3</ele>
      </trkpt>
      <trkpt lat="50.30395" lon="3.51723">
        <ele>84.2</ele>
      </trkpt>
      <trkpt lat="50.30307" lon="3.51722">
        <ele>83.4</ele>
      </trkpt>
      <trkpt lat="50.30283" lon="3.51719">
        <ele>82.8</ele>
      </trkpt>
      <trkpt lat="50.30196" lon="3.51696">
        <ele>81.4</ele>
      </trkpt>
      <trkpt lat="50.3011" lon="3.51672">
        <ele>78.3</ele>
      </trkpt>
      <trkpt lat="50.30032" lon="3.51658">
        <ele>75.0</ele>
      </trkpt>
      <trkpt lat="50.30018" lon="3.51649">
        <ele>74.4</ele>
      </trkpt>
      <trkpt lat="50.30011" lon="3.51639">
        <ele>74.0</ele>
      </trkpt>
      <trkpt lat="50.30002" lon="3.51634">
        <ele>73.7</ele>
      </trkpt>
      <trkpt lat="50.2999" lon="3.51637">
        <ele>73.5</ele>
      </trkpt>
      <trkpt lat="50.29977" lon="3.51637">
        <ele>73.3</ele>
      </trkpt>
      <trkpt lat="50.29909" lon="3.51617">
        <ele>72.5</ele>
      </trkpt>
      <trkpt lat="50.29822" lon="3.51593">
        <ele>72.2</ele>
      </trkpt>
      <trkpt lat="50.29736" lon="3.51569">
        <ele>73.4</ele>
      </trkpt>
      <trkpt lat="50.2965" lon="3.51545">
        <ele>75.9</ele>
      </trkpt>
      <trkpt lat="50.29563" lon="3.51521">
        <ele>78.2</ele>
      </trkpt>
      <trkpt lat="50.29477" lon="3.51497">
        <ele>81.2</ele>
      </trkpt>
      <trkpt lat="50.29473" lon="3.51503">
        <ele>81.2</ele>
      </trkpt>
      <trkpt lat="50.29404" lon="3.51485">
        <ele>84.8</ele>
      </trkpt>
      <trkpt lat="50.29335" lon="3.51467">
        <ele>87.3</ele>
      </trkpt>
      <trkpt lat="50.29266" lon="3.51448">
        <ele>87.4</ele>
      </trkpt>
      <trkpt lat="50.29264" lon="3.51439">
        <ele>87.3</ele>
      </trkpt>
      <trkpt lat="50.29182" lon="3.51416">
        <ele>87.8</ele>
      </trkpt>
      <trkpt lat="50.29191" lon="3.5133">
        <ele>87.0</ele>
      </trkpt>
      <trkpt lat="50.292" lon="3.51245">
        <ele>86.6</ele>
      </trkpt>
      <trkpt lat="50.29199" lon="3.51235">
        <ele>86.6</ele>
      </trkpt>
      <trkpt lat="50.29196" lon="3.51229">
        <ele>86.6</ele>
      </trkpt>
      <trkpt lat="50.2919" lon="3.51225">
        <ele>86.7</ele>
      </trkpt>
      <trkpt lat="50.29114" lon="3.5123">
        <ele>86.8</ele>
      </trkpt>
      <trkpt lat="50.29038" lon="3.51235">
        <ele>86.8</ele>
      </trkpt>
      <trkpt lat="50.29063" lon="3.51174">
        <ele>86.1</ele>
      </trkpt>
      <trkpt lat="50.29088" lon="3.51114">
        <ele>85.4</ele>
      </trkpt>
      <trkpt lat="50.29111" lon="3.51035">
        <ele>84.2</ele>
      </trkpt>
      <trkpt lat="50.29134" lon="3.50957">
        <ele>82.2</ele>
      </trkpt>
      <trkpt lat="50.29155" lon="3.50888">
        <ele>80.3</ele>
      </trkpt>
      <trkpt lat="50.29173" lon="3.5082">
        <ele>78.7</ele>
      </trkpt>
      <trkpt lat="50.29191" lon="3.50733">
        <ele>76.3</ele>
      </trkpt>
      <trkpt lat="50.29206" lon="3.50633">
        <ele>74.1</ele>
      </trkpt>
      <trkpt lat="50.29218" lon="3.50587">
        <ele>73.4</ele>
      </trkpt>
      <trkpt lat="50.29233" lon="3.5055">
        <ele>72.8</ele>
      </trkpt>
      <trkpt lat="50.29282" lon="3.50442">
        <ele>73.0</ele>
      </trkpt>
      <trkpt lat="50.29312" lon="3.50362">
        <ele>74.4</ele>
      </trkpt>
      <trkpt lat="50.29321" lon="3.5033">
        <ele>75.0</ele>
      </trkpt>
      <trkpt lat="50.29332" lon="3.50273">
        <ele>75.7</ele>
      </trkpt>
      <trkpt lat="50.29343" lon="3.50182">
        <ele>75.8</ele>
      </trkpt>
      <trkpt lat="50.29357" lon="3.50099">
        <ele>75.7</ele>
      </trkpt>
      <trkpt lat="50.29371" lon="3.50016">
        <ele>75.9</ele>
      </trkpt>
      <trkpt lat="50.29379" lon="3.49978">
        <ele>76.4</ele>
      </trkpt>
      <trkpt lat="50.29391" lon="3.49941">
        <ele>76.9</ele>
      </trkpt>
      <trkpt lat="50.29409" lon="3.49896">
        <ele>77.4</ele>
      </trkpt>
      <trkpt lat="50.2942" lon="3.49875">
        <ele>77.5</ele>
      </trkpt>
      <trkpt lat="50.29461" lon="3.49809">
        <ele>77.6</ele>
      </trkpt>
      <trkpt lat="50.29473" lon="3.49782">
        <ele>77.5</ele>
      </trkpt>
      <trkpt lat="50.29479" lon="3.49761">
        <ele>77.5</ele>
      </trkpt>
      <trkpt lat="50.29485" lon="3.4973">
        <ele>77.4</ele>
      </trkpt>
      <trkpt lat="50.29489" lon="3.497">
        <ele>77.3</ele>
      </trkpt>
      <trkpt lat="50.29494" lon="3.49617">
        <ele>76.0</ele>
      </trkpt>
      <trkpt lat="50.29499" lon="3.49534">
        <ele>74.4</ele>
      </trkpt>
      <trkpt lat="50.29501" lon="3.49506">
        <ele>74.0</ele>
      </trkpt>
      <trkpt lat="50.295" lon="3.49383">
        <ele>72.6</ele>
      </trkpt>
      <trkpt lat="50.29502" lon="3.49335">
        <ele>72.0</ele>
      </trkpt>
      <trkpt lat="50.29507" lon="3.49302">
        <ele>72.4</ele>
      </trkpt>
      <trkpt lat="50.29513" lon="3.49281">
        <ele>72.6</ele>
      </trkpt>
      <trkpt lat="50.29522" lon="3.49258">
        <ele>72.9</ele>
      </trkpt>
      <trkpt lat="50.29534" lon="3.49236">
        <ele>73.1</ele>
      </trkpt>
      <trkpt lat="50.29581" lon="3.49161">
        <ele>73.1</ele>
      </trkpt>
      <trkpt lat="50.29629" lon="3.49087">
        <ele>72.9</ele>
      </trkpt>
      <trkpt lat="50.29649" lon="3.49069">
        <ele>72.4</ele>
      </trkpt>
      <trkpt lat="50.29706" lon="3.49038">
        <ele>71.3</ele>
      </trkpt>
      <trkpt lat="50.29721" lon="3.49028">
        <ele>70.9</ele>
      </trkpt>
      <trkpt lat="50.2978" lon="3.48954">
        <ele>69.2</ele>
      </trkpt>
      <trkpt lat="50.29839" lon="3.4888">
        <ele>67.5</ele>
      </trkpt>
      <trkpt lat="50.29847" lon="3.48864">
        <ele>67.2</ele>
      </trkpt>
      <trkpt lat="50.29883" lon="3.48779">
        <ele>65.1</ele>
      </trkpt>
      <trkpt lat="50.29892" lon="3.48752">
        <ele>64.3</ele>
      </trkpt>
      <trkpt lat="50.2992" lon="3.48649">
        <ele>61.5</ele>
      </trkpt>
      <trkpt lat="50.29929" lon="3.48625">
        <ele>60.9</ele>
      </trkpt>
      <trkpt lat="50.29973" lon="3.48551">
        <ele>58.7</ele>
      </trkpt>
      <trkpt lat="50.30018" lon="3.48477">
        <ele>55.9</ele>
      </trkpt>
      <trkpt lat="50.30044" lon="3.48453">
        <ele>54.6</ele>
      </trkpt>
      <trkpt lat="50.30094" lon="3.48417">
        <ele>52.7</ele>
      </trkpt>
      <trkpt lat="50.30136" lon="3.4838">
        <ele>51.2</ele>
      </trkpt>
      <trkpt lat="50.30178" lon="3.48342">
        <ele>49.1</ele>
      </trkpt>
      <trkpt lat="50.3022" lon="3.48299">
        <ele>48.1</ele>
      </trkpt>
      <trkpt lat="50.30259" lon="3.48251">
        <ele>46.6</ele>
      </trkpt>
      <trkpt lat="50.30291" lon="3.48205">
        <ele>44.5</ele>
      </trkpt>
      <trkpt lat="50.30307" lon="3.48176">
        <ele>43.4</ele>
      </trkpt>
      <trkpt lat="50.30305" lon="3.48157">
        <ele>43.1</ele>
      </trkpt>
      <trkpt lat="50.3031" lon="3.48153">
        <ele>42.8</ele>
      </trkpt>
      <trkpt lat="50.30309" lon="3.48144">
        <ele>42.6</ele>
      </trkpt>
      <trkpt lat="50.30304" lon="3.48143">
        <ele>42.8</ele>
      </trkpt>
      <trkpt lat="50.30301" lon="3.48146">
        <ele>43.1</ele>
      </trkpt>
      <trkpt lat="50.30295" lon="3.48139">
        <ele>43.2</ele>
      </trkpt>
      <trkpt lat="50.30257" lon="3.48072">
        <ele>43.5</ele>
      </trkpt>
      <trkpt lat="50.30223" lon="3.47957">
        <ele>43.9</ele>
      </trkpt>
      <trkpt lat="50.30206" lon="3.47918">
        <ele>44.1</ele>
      </trkpt>
      <trkpt lat="50.30157" lon="3.47819">
        <ele>45.3</ele>
      </trkpt>
      <trkpt lat="50.30107" lon="3.47719">
        <ele>46.5</ele>
      </trkpt>
      <trkpt lat="50.30094" lon="3.47683">
        <ele>46.7</ele>
      </trkpt>
      <trkpt lat="50.30075" lon="3.47619">
        <ele>46.1</ele>
      </trkpt>
      <trkpt lat="50.30048" lon="3.47522">
        <ele>44.8</ele>
      </trkpt>
      <trkpt lat="50.3002" lon="3.47425">
        <ele>45.2</ele>
      </trkpt>
      <trkpt lat="50.30015" lon="3.47402">
        <ele>45.5</ele>
      </trkpt>
      <trkpt lat="50.3" lon="3.47282">
        <ele>46.6</ele>
      </trkpt>
      <trkpt lat="50.29989" lon="3.47206">
        <ele>47.9</ele>
      </trkpt>
      <trkpt lat="50.29978" lon="3.47157">
        <ele>48.9</ele>
      </trkpt>
      <trkpt lat="50.29955" lon="3.47102">
        <ele>50.4</ele>
      </trkpt>
      <trkpt lat="50.29917" lon="3.47007">
        <ele>52.0</ele>
      </trkpt>
      <trkpt lat="50.29878" lon="3.46913">
        <ele>52.4</ele>
      </trkpt>
      <trkpt lat="50.29839" lon="3.46819">
        <ele>53.7</ele>
      </trkpt>
      <trkpt lat="50.298" lon="3.46724">
        <ele>54.3</ele>
      </trkpt>
      <trkpt lat="50.29776" lon="3.46656">
        <ele>54.1</ele>
      </trkpt>
      <trkpt lat="50.29751" lon="3.46587">
        <ele>54.9</ele>
      </trkpt>
      <trkpt lat="50.29716" lon="3.46502">
        <ele>54.6</ele>
      </trkpt>
      <trkpt lat="50.29688" lon="3.46446">
        <ele>54.6</ele>
      </trkpt>
      <trkpt lat="50.2966" lon="3.46391">
        <ele>55.0</ele>
      </trkpt>
      <trkpt lat="50.29609" lon="3.4632">
        <ele>54.7</ele>
      </trkpt>
      <trkpt lat="50.29559" lon="3.46249">
        <ele>53.6</ele>
      </trkpt>
      <trkpt lat="50.29535" lon="3.46218">
        <ele>53.8</ele>
      </trkpt>
      <trkpt lat="50.29493" lon="3.4617">
        <ele>54.0</ele>
      </trkpt>
      <trkpt lat="50.2945" lon="3.46123">
        <ele>52.4</ele>
      </trkpt>
      <trkpt lat="50.29392" lon="3.46069">
        <ele>50.5</ele>
      </trkpt>
      <trkpt lat="50.29372" lon="3.46046">
        <ele>50.0</ele>
      </trkpt>
      <trkpt lat="50.29361" lon="3.46029">
        <ele>49.7</ele>
      </trkpt>
      <trkpt lat="50.2933" lon="3.45965">
        <ele>48.3</ele>
      </trkpt>
      <trkpt lat="50.29299" lon="3.45902">
        <ele>47.9</ele>
      </trkpt>
      <trkpt lat="50.29276" lon="3.45865">
        <ele>47.8</ele>
      </trkpt>
      <trkpt lat="50.29247" lon="3.45833">
        <ele>48.1</ele>
      </trkpt>
      <trkpt lat="50.29193" lon="3.45784">
        <ele>47.6</ele>
      </trkpt>
      <trkpt lat="50.2914" lon="3.45734">
        <ele>46.6</ele>
      </trkpt>
      <trkpt lat="50.29081" lon="3.4568">
        <ele>45.3</ele>
      </trkpt>
      <trkpt lat="50.29023" lon="3.45626">
        <ele>43.8</ele>
      </trkpt>
      <trkpt lat="50.28964" lon="3.45572">
        <ele>40.5</ele>
      </trkpt>
      <trkpt lat="50.2894" lon="3.45554">
        <ele>38.9</ele>
      </trkpt>
      <trkpt lat="50.28911" lon="3.45544">
        <ele>37.7</ele>
      </trkpt>
      <trkpt lat="50.28874" lon="3.45536">
        <ele>37.5</ele>
      </trkpt>
      <trkpt lat="50.28846" lon="3.45536">
        <ele>37.6</ele>
      </trkpt>
      <trkpt lat="50.28803" lon="3.45542">
        <ele>37.7</ele>
      </trkpt>
      <trkpt lat="50.28719" lon="3.45561">
        <ele>37.3</ele>
      </trkpt>
      <trkpt lat="50.28696" lon="3.45562">
        <ele>36.8</ele>
      </trkpt>
      <trkpt lat="50.28643" lon="3.4556">
        <ele>36.2</ele>
      </trkpt>
      <trkpt lat="50.2859" lon="3.45559">
        <ele>36.4</ele>
      </trkpt>
      <trkpt lat="50.28581" lon="3.45561">
        <ele>36.4</ele>
      </trkpt>
      <trkpt lat="50.28581" lon="3.45556">
        <ele>36.3</ele>
      </trkpt>
      <trkpt lat="50.28578" lon="3.45533">
        <ele>35.7</ele>
      </trkpt>
      <trkpt lat="50.28579" lon="3.45435">
        <ele>34.1</ele>
      </trkpt>
      <trkpt lat="50.28582" lon="3.45388">
        <ele>33.6</ele>
      </trkpt>
      <trkpt lat="50.28584" lon="3.45372">
        <ele>33.5</ele>
      </trkpt>
      <trkpt lat="50.28602" lon="3.45237">
        <ele>35.4</ele>
      </trkpt>
      <trkpt lat="50.28603" lon="3.45213">
        <ele>35.7</ele>
      </trkpt>
      <trkpt lat="50.28601" lon="3.45182">
        <ele>36.0</ele>
      </trkpt>
      <trkpt lat="50.28586" lon="3.45085">
        <ele>36.1</ele>
      </trkpt>
      <trkpt lat="50.2857" lon="3.44988">
        <ele>36.4</ele>
      </trkpt>
      <trkpt lat="50.28563" lon="3.44969">
        <ele>36.8</ele>
      </trkpt>
      <trkpt lat="50.2855" lon="3.44949">
        <ele>37.1</ele>
      </trkpt>
      <trkpt lat="50.28548" lon="3.4494">
        <ele>37.3</ele>
      </trkpt>
      <trkpt lat="50.28547" lon="3.44929">
        <ele>37.4</ele>
      </trkpt>
      <trkpt lat="50.28549" lon="3.44923">
        <ele>37.5</ele>
      </trkpt>
      <trkpt lat="50.28555" lon="3.4492">
        <ele>37.6</ele>
      </trkpt>
      <trkpt lat="50.28579" lon="3.44911">
        <ele>38.0</ele>
      </trkpt>
      <trkpt lat="50.28644" lon="3.44893">
        <ele>39.7</ele>
      </trkpt>
      <trkpt lat="50.28708" lon="3.44875">
        <ele>40.7</ele>
      </trkpt>
      <trkpt lat="50.28772" lon="3.44857">
        <ele>40.1</ele>
      </trkpt>
      <trkpt lat="50.28794" lon="3.44847">
        <ele>39.3</ele>
      </trkpt>
      <trkpt lat="50.28858" lon="3.44806">
        <ele>37.7</ele>
      </trkpt>
      <trkpt lat="50.28874" lon="3.44799">
        <ele>37.4</ele>
      </trkpt>
      <trkpt lat="50.28889" lon="3.44796">
        <ele>37.1</ele>
      </trkpt>
      <trkpt lat="50.28908" lon="3.44796">
        <ele>36.7</ele>
      </trkpt>
      <trkpt lat="50.28984" lon="3.44816">
        <ele>35.4</ele>
      </trkpt>
      <trkpt lat="50.2906" lon="3.44836">
        <ele>33.6</ele>
      </trkpt>
      <trkpt lat="50.29085" lon="3.44838">
        <ele>33.0</ele>
      </trkpt>
      <trkpt lat="50.29144" lon="3.44839">
        <ele>34.4</ele>
      </trkpt>
      <trkpt lat="50.29202" lon="3.4484">
        <ele>34.4</ele>
      </trkpt>
      <trkpt lat="50.29228" lon="3.44837">
        <ele>34.2</ele>
      </trkpt>
      <trkpt lat="50.29247" lon="3.44831">
        <ele>34.1</ele>
      </trkpt>
      <trkpt lat="50.29298" lon="3.44806">
        <ele>33.1</ele>
      </trkpt>
      <trkpt lat="50.2935" lon="3.44781">
        <ele>32.6</ele>
      </trkpt>
      <trkpt lat="50.2943" lon="3.44737">
        <ele>32.6</ele>
      </trkpt>
      <trkpt lat="50.29458" lon="3.44728">
        <ele>33.5</ele>
      </trkpt>
      <trkpt lat="50.29529" lon="3.44712">
        <ele>35.4</ele>
      </trkpt>
      <trkpt lat="50.29601" lon="3.44696">
        <ele>36.8</ele>
      </trkpt>
      <trkpt lat="50.2962" lon="3.44693">
        <ele>36.8</ele>
      </trkpt>
      <trkpt lat="50.2971" lon="3.44703">
        <ele>36.9</ele>
      </trkpt>
      <trkpt lat="50.29799" lon="3.44713">
        <ele>36.7</ele>
      </trkpt>
      <trkpt lat="50.29876" lon="3.44719">
        <ele>34.7</ele>
      </trkpt>
      <trkpt lat="50.29952" lon="3.44724">
        <ele>33.3</ele>
      </trkpt>
      <trkpt lat="50.29969" lon="3.4473">
        <ele>33.2</ele>
      </trkpt>
      <trkpt lat="50.29978" lon="3.44737">
        <ele>33.2</ele>
      </trkpt>
      <trkpt lat="50.29981" lon="3.44746">
        <ele>33.0</ele>
      </trkpt>
      <trkpt lat="50.29991" lon="3.44755">
        <ele>32.9</ele>
      </trkpt>
      <trkpt lat="50.30002" lon="3.44754">
        <ele>33.0</ele>
      </trkpt>
      <trkpt lat="50.3001" lon="3.44745">
        <ele>33.4</ele>
      </trkpt>
      <trkpt lat="50.30025" lon="3.44734">
        <ele>34.1</ele>
      </trkpt>
      <trkpt lat="50.30036" lon="3.44732">
        <ele>34.6</ele>
      </trkpt>
      <trkpt lat="50.30105" lon="3.44739">
        <ele>36.7</ele>
      </trkpt>
      <trkpt lat="50.30139" lon="3.44736">
        <ele>37.6</ele>
      </trkpt>
      <trkpt lat="50.30166" lon="3.44729">
        <ele>38.2</ele>
      </trkpt>
      <trkpt lat="50.30187" lon="3.44718">
        <ele>38.8</ele>
      </trkpt>
      <trkpt lat="50.30252" lon="3.44673">
        <ele>40.0</ele>
      </trkpt>
      <trkpt lat="50.30268" lon="3.44664">
        <ele>40.5</ele>
      </trkpt>
      <trkpt lat="50.30283" lon="3.44665">
        <ele>40.8</ele>
      </trkpt>
      <trkpt lat="50.30351" lon="3.44689">
        <ele>41.3</ele>
      </trkpt>
      <trkpt lat="50.30375" lon="3.44694">
        <ele>41.0</ele>
      </trkpt>
      <trkpt lat="50.30387" lon="3.44691">
        <ele>41.0</ele>
      </trkpt>
      <trkpt lat="50.30399" lon="3.4468">
        <ele>41.0</ele>
      </trkpt>
      <trkpt lat="50.30433" lon="3.4459">
        <ele>41.7</ele>
      </trkpt>
      <trkpt lat="50.30467" lon="3.44499">
        <ele>41.4</ele>
      </trkpt>
      <trkpt lat="50.30501" lon="3.44408">
        <ele>41.0</ele>
      </trkpt>
      <trkpt lat="50.30508" lon="3.44391">
        <ele>40.7</ele>
      </trkpt>
      <trkpt lat="50.30518" lon="3.44376">
        <ele>40.4</ele>
      </trkpt>
      <trkpt lat="50.3053" lon="3.44364">
        <ele>39.9</ele>
      </trkpt>
      <trkpt lat="50.30544" lon="3.44359">
        <ele>39.4</ele>
      </trkpt>
      <trkpt lat="50.30633" lon="3.44349">
        <ele>37.9</ele>
      </trkpt>
      <trkpt lat="50.30647" lon="3.44342">
        <ele>37.9</ele>
      </trkpt>
      <trkpt lat="50.30658" lon="3.44329">
        <ele>38.0</ele>
      </trkpt>
      <trkpt lat="50.30665" lon="3.4431">
        <ele>37.7</ele>
      </trkpt>
      <trkpt lat="50.30685" lon="3.44235">
        <ele>36.6</ele>
      </trkpt>
      <trkpt lat="50.30705" lon="3.4416">
        <ele>35.9</ele>
      </trkpt>
      <trkpt lat="50.3073" lon="3.44083">
        <ele>34.2</ele>
      </trkpt>
      <trkpt lat="50.30755" lon="3.44006">
        <ele>33.0</ele>
      </trkpt>
      <trkpt lat="50.30766" lon="3.43979">
        <ele>33.0</ele>
      </trkpt>
      <trkpt lat="50.30798" lon="3.43907">
        <ele>32.9</ele>
      </trkpt>
      <trkpt lat="50.30847" lon="3.43813">
        <ele>30.9</ele>
      </trkpt>
      <trkpt lat="50.30897" lon="3.4372">
        <ele>27.6</ele>
      </trkpt>
      <trkpt lat="50.30932" lon="3.43669">
        <ele>27.0</ele>
      </trkpt>
      <trkpt lat="50.30966" lon="3.43619">
        <ele>27.3</ele>
      </trkpt>
      <trkpt lat="50.31008" lon="3.43548">
        <ele>28.0</ele>
      </trkpt>
      <trkpt lat="50.31051" lon="3.43464">
        <ele>27.7</ele>
      </trkpt>
      <trkpt lat="50.31093" lon="3.4338">
        <ele>28.1</ele>
      </trkpt>
      <trkpt lat="50.3112" lon="3.43319">
        <ele>28.7</ele>
      </trkpt>
      <trkpt lat="50.31147" lon="3.43259">
        <ele>29.9</ele>
      </trkpt>
      <trkpt lat="50.31165" lon="3.43226">
        <ele>30.3</ele>
      </trkpt>
      <trkpt lat="50.31177" lon="3.4319">
        <ele>30.5</ele>
      </trkpt>
      <trkpt lat="50.31184" lon="3.43174">
        <ele>30.5</ele>
      </trkpt>
      <trkpt lat="50.31226" lon="3.43086">
        <ele>30.3</ele>
      </trkpt>
      <trkpt lat="50.31269" lon="3.42999">
        <ele>29.8</ele>
      </trkpt>
      <trkpt lat="50.31321" lon="3.42905">
        <ele>30.1</ele>
      </trkpt>
      <trkpt lat="50.31352" lon="3.42859">
        <ele>30.4</ele>
      </trkpt>
      <trkpt lat="50.31366" lon="3.42842">
        <ele>30.8</ele>
      </trkpt>
      <trkpt lat="50.31403" lon="3.42802">
        <ele>32.1</ele>
      </trkpt>
      <trkpt lat="50.3144" lon="3.42762">
        <ele>33.1</ele>
      </trkpt>
      <trkpt lat="50.31502" lon="3.42687">
        <ele>34.8</ele>
      </trkpt>
      <trkpt lat="50.31563" lon="3.42611">
        <ele>38.1</ele>
      </trkpt>
      <trkpt lat="50.31625" lon="3.42536">
        <ele>39.8</ele>
      </trkpt>
      <trkpt lat="50.31641" lon="3.42513">
        <ele>40.3</ele>
      </trkpt>
      <trkpt lat="50.31654" lon="3.42492">
        <ele>40.7</ele>
      </trkpt>
      <trkpt lat="50.31694" lon="3.42411">
        <ele>42.0</ele>
      </trkpt>
      <trkpt lat="50.31735" lon="3.4233">
        <ele>43.4</ele>
      </trkpt>
      <trkpt lat="50.31789" lon="3.42235">
        <ele>42.4</ele>
      </trkpt>
      <trkpt lat="50.318" lon="3.42219">
        <ele>42.2</ele>
      </trkpt>
      <trkpt lat="50.31805" lon="3.42228">
        <ele>42.2</ele>
      </trkpt>
      <trkpt lat="50.31811" lon="3.42221">
        <ele>42.0</ele>
      </trkpt>
      <trkpt lat="50.31814" lon="3.42212">
        <ele>41.9</ele>
      </trkpt>
      <trkpt lat="50.3182" lon="3.42186">
        <ele>41.5</ele>
      </trkpt>
      <trkpt lat="50.31852" lon="3.4212">
        <ele>41.0</ele>
      </trkpt>
      <trkpt lat="50.31884" lon="3.42055">
        <ele>40.2</ele>
      </trkpt>
      <trkpt lat="50.31912" lon="3.41982">
        <ele>39.2</ele>
      </trkpt>
      <trkpt lat="50.31943" lon="3.41888">
        <ele>38.2</ele>
      </trkpt>
      <trkpt lat="50.31975" lon="3.41795">
        <ele>37.6</ele>
      </trkpt>
      <trkpt lat="50.32007" lon="3.41702">
        <ele>36.7</ele>
      </trkpt>
      <trkpt lat="50.32039" lon="3.41608">
        <ele>35.8</ele>
      </trkpt>
      <trkpt lat="50.32049" lon="3.41568">
        <ele>35.8</ele>
      </trkpt>
      <trkpt lat="50.32058" lon="3.41506">
        <ele>35.9</ele>
      </trkpt>
      <trkpt lat="50.32061" lon="3.41412">
        <ele>36.3</ele>
      </trkpt>
      <trkpt lat="50.32063" lon="3.41319">
        <ele>35.9</ele>
      </trkpt>
      <trkpt lat="50.32066" lon="3.41278">
        <ele>35.6</ele>
      </trkpt>
      <trkpt lat="50.32089" lon="3.41144">
        <ele>34.6</ele>
      </trkpt>
      <trkpt lat="50.32113" lon="3.41044">
        <ele>33.3</ele>
      </trkpt>
      <trkpt lat="50.32141" lon="3.40942">
        <ele>32.1</ele>
      </trkpt>
      <trkpt lat="50.32152" lon="3.40926">
        <ele>31.6</ele>
      </trkpt>
      <trkpt lat="50.32168" lon="3.40919">
        <ele>31.0</ele>
      </trkpt>
      <trkpt lat="50.32189" lon="3.40913">
        <ele>30.2</ele>
      </trkpt>
      <trkpt lat="50.32214" lon="3.40909">
        <ele>29.3</ele>
      </trkpt>
      <trkpt lat="50.32293" lon="3.40901">
        <ele>28.0</ele>
      </trkpt>
      <trkpt lat="50.32358" lon="3.40894">
        <ele>28.4</ele>
      </trkpt>
      <trkpt lat="50.32423" lon="3.40888">
        <ele>29.2</ele>
      </trkpt>
      <trkpt lat="50.32489" lon="3.40881">
        <ele>28.3</ele>
      </trkpt>
      <trkpt lat="50.32533" lon="3.40868">
        <ele>28.3</ele>
      </trkpt>
      <trkpt lat="50.32567" lon="3.40852">
        <ele>28.7</ele>
      </trkpt>
      <trkpt lat="50.32602" lon="3.40827">
        <ele>28.3</ele>
      </trkpt>
      <trkpt lat="50.3264" lon="3.40784">
        <ele>27.6</ele>
      </trkpt>
      <trkpt lat="50.32651" lon="3.40764">
        <ele>27.8</ele>
      </trkpt>
      <trkpt lat="50.32712" lon="3.40693">
        <ele>28.3</ele>
      </trkpt>
      <trkpt lat="50.32772" lon="3.40622">
        <ele>28.8</ele>
      </trkpt>
      <trkpt lat="50.32801" lon="3.40595">
        <ele>29.5</ele>
      </trkpt>
      <trkpt lat="50.32831" lon="3.40577">
        <ele>30.0</ele>
      </trkpt>
      <trkpt lat="50.32857" lon="3.4057">
        <ele>30.6</ele>
      </trkpt>
      <trkpt lat="50.32931" lon="3.40541">
        <ele>32.7</ele>
      </trkpt>
      <trkpt lat="50.33005" lon="3.40513">
        <ele>34.0</ele>
      </trkpt>
      <trkpt lat="50.33024" lon="3.40504">
        <ele>34.5</ele>
      </trkpt>
      <trkpt lat="50.33081" lon="3.40483">
        <ele>35.9</ele>
      </trkpt>
      <trkpt lat="50.33137" lon="3.40462">
        <ele>36.6</ele>
      </trkpt>
      <trkpt lat="50.33155" lon="3.40457">
        <ele>36.9</ele>
      </trkpt>
      <trkpt lat="50.33242" lon="3.40426">
        <ele>36.1</ele>
      </trkpt>
      <trkpt lat="50.33328" lon="3.40394">
        <ele>36.0</ele>
      </trkpt>
      <trkpt lat="50.33371" lon="3.40381">
        <ele>36.2</ele>
      </trkpt>
      <trkpt lat="50.33422" lon="3.40368">
        <ele>36.6</ele>
      </trkpt>
      <trkpt lat="50.33494" lon="3.40357">
        <ele>37.4</ele>
      </trkpt>
      <trkpt lat="50.33566" lon="3.40347">
        <ele>37.0</ele>
      </trkpt>
      <trkpt lat="50.33588" lon="3.40347">
        <ele>36.6</ele>
      </trkpt>
      <trkpt lat="50.3365" lon="3.40339">
        <ele>33.8</ele>
      </trkpt>
      <trkpt lat="50.33695" lon="3.40336">
        <ele>33.7</ele>
      </trkpt>
      <trkpt lat="50.33703" lon="3.40337">
        <ele>33.9</ele>
      </trkpt>
      <trkpt lat="50.33715" lon="3.40343">
        <ele>34.2</ele>
      </trkpt>
      <trkpt lat="50.33723" lon="3.40356">
        <ele>34.4</ele>
      </trkpt>
      <trkpt lat="50.33734" lon="3.40361">
        <ele>34.7</ele>
      </trkpt>
      <trkpt lat="50.33746" lon="3.40356">
        <ele>34.9</ele>
      </trkpt>
      <trkpt lat="50.33754" lon="3.40342">
        <ele>35.1</ele>
      </trkpt>
      <trkpt lat="50.33767" lon="3.40331">
        <ele>35.4</ele>
      </trkpt>
      <trkpt lat="50.33815" lon="3.40318">
        <ele>36.7</ele>
      </trkpt>
      <trkpt lat="50.33861" lon="3.40309">
        <ele>37.5</ele>
      </trkpt>
      <trkpt lat="50.33912" lon="3.40295">
        <ele>38.0</ele>
      </trkpt>
      <trkpt lat="50.33952" lon="3.40281">
        <ele>37.6</ele>
      </trkpt>
      <trkpt lat="50.34" lon="3.4026">
        <ele>37.0</ele>
      </trkpt>
      <trkpt lat="50.34029" lon="3.40245">
        <ele>37.0</ele>
      </trkpt>
      <trkpt lat="50.34079" lon="3.40215">
        <ele>37.0</ele>
      </trkpt>
      <trkpt lat="50.34134" lon="3.40176">
        <ele>38.1</ele>
      </trkpt>
      <trkpt lat="50.3419" lon="3.40137">
        <ele>38.3</ele>
      </trkpt>
      <trkpt lat="50.3422" lon="3.40119">
        <ele>37.9</ele>
      </trkpt>
      <trkpt lat="50.34227" lon="3.40124">
        <ele>37.8</ele>
      </trkpt>
      <trkpt lat="50.3424" lon="3.40126">
        <ele>37.6</ele>
      </trkpt>
      <trkpt lat="50.34245" lon="3.40124">
        <ele>37.6</ele>
      </trkpt>
      <trkpt lat="50.34255" lon="3.40115">
        <ele>37.6</ele>
      </trkpt>
      <trkpt lat="50.34275" lon="3.40113">
        <ele>37.6</ele>
      </trkpt>
      <trkpt lat="50.34282" lon="3.40114">
        <ele>37.6</ele>
      </trkpt>
      <trkpt lat="50.34292" lon="3.40122">
        <ele>37.5</ele>
      </trkpt>
      <trkpt lat="50.343" lon="3.40124">
        <ele>37.5</ele>
      </trkpt>
      <trkpt lat="50.34313" lon="3.40119">
        <ele>37.6</ele>
      </trkpt>
      <trkpt lat="50.34324" lon="3.40118">
        <ele>37.6</ele>
      </trkpt>
      <trkpt lat="50.34345" lon="3.40123">
        <ele>37.5</ele>
      </trkpt>
      <trkpt lat="50.34409" lon="3.40146">
        <ele>37.2</ele>
      </trkpt>
      <trkpt lat="50.34473" lon="3.40169">
        <ele>37.6</ele>
      </trkpt>
      <trkpt lat="50.34537" lon="3.40192">
        <ele>36.5</ele>
      </trkpt>
      <trkpt lat="50.34583" lon="3.40202">
        <ele>35.0</ele>
      </trkpt>
      <trkpt lat="50.34587" lon="3.40203">
        <ele>35.0</ele>
      </trkpt>
      <trkpt lat="50.3459" lon="3.40197">
        <ele>35.1</ele>
      </trkpt>
      <trkpt lat="50.34655" lon="3.40209">
        <ele>35.4</ele>
      </trkpt>
      <trkpt lat="50.3472" lon="3.40221">
        <ele>34.5</ele>
      </trkpt>
      <trkpt lat="50.34785" lon="3.40233">
        <ele>34.4</ele>
      </trkpt>
      <trkpt lat="50.34786" lon="3.40247">
        <ele>34.4</ele>
      </trkpt>
      <trkpt lat="50.3479" lon="3.40267">
        <ele>34.4</ele>
      </trkpt>
      <trkpt lat="50.34796" lon="3.40268">
        <ele>34.4</ele>
      </trkpt>
      <trkpt lat="50.3484" lon="3.40244">
        <ele>34.8</ele>
      </trkpt>
      <trkpt lat="50.34842" lon="3.40239">
        <ele>34.8</ele>
      </trkpt>
      <trkpt lat="50.34843" lon="3.4023">
        <ele>34.8</ele>
      </trkpt>
      <trkpt lat="50.3489" lon="3.40228">
        <ele>33.6</ele>
      </trkpt>
      <trkpt lat="50.34938" lon="3.40226">
        <ele>32.7</ele>
      </trkpt>
      <trkpt lat="50.34967" lon="3.4022">
        <ele>32.4</ele>
      </trkpt>
      <trkpt lat="50.34995" lon="3.40225">
        <ele>32.1</ele>
      </trkpt>
      <trkpt lat="50.35033" lon="3.40227">
        <ele>32.0</ele>
      </trkpt>
      <trkpt lat="50.35116" lon="3.40237">
        <ele>31.6</ele>
      </trkpt>
      <trkpt lat="50.35179" lon="3.40249">
        <ele>30.9</ele>
      </trkpt>
      <trkpt lat="50.35231" lon="3.40254">
        <ele>30.2</ele>
      </trkpt>
      <trkpt lat="50.35283" lon="3.4026">
        <ele>29.5</ele>
      </trkpt>
      <trkpt lat="50.3528" lon="3.40259">
        <ele>29.6</ele>
      </trkpt>
      <trkpt lat="50.35275" lon="3.402">
        <ele>30.1</ele>
      </trkpt>
      <trkpt lat="50.35279" lon="3.40083">
        <ele>31.3</ele>
      </trkpt>
      <trkpt lat="50.35276" lon="3.39992">
        <ele>32.0</ele>
      </trkpt>
      <trkpt lat="50.35274" lon="3.39902">
        <ele>31.6</ele>
      </trkpt>
      <trkpt lat="50.35271" lon="3.39883">
        <ele>31.4</ele>
      </trkpt>
      <trkpt lat="50.35266" lon="3.39865">
        <ele>31.3</ele>
      </trkpt>
      <trkpt lat="50.35273" lon="3.39855">
        <ele>31.2</ele>
      </trkpt>
      <trkpt lat="50.35278" lon="3.3984">
        <ele>31.1</ele>
      </trkpt>
      <trkpt lat="50.35288" lon="3.39747">
        <ele>31.1</ele>
      </trkpt>
      <trkpt lat="50.35299" lon="3.39654">
        <ele>30.9</ele>
      </trkpt>
      <trkpt lat="50.35303" lon="3.39629">
        <ele>30.9</ele>
      </trkpt>
      <trkpt lat="50.35316" lon="3.39573">
        <ele>31.0</ele>
      </trkpt>
      <trkpt lat="50.35342" lon="3.39445">
        <ele>30.9</ele>
      </trkpt>
      <trkpt lat="50.35369" lon="3.39318">
        <ele>31.2</ele>
      </trkpt>
      <trkpt lat="50.35377" lon="3.39262">
        <ele>31.9</ele>
      </trkpt>
      <trkpt lat="50.35381" lon="3.39122">
        <ele>33.0</ele>
      </trkpt>
      <trkpt lat="50.35388" lon="3.39018">
        <ele>33.9</ele>
      </trkpt>
      <trkpt lat="50.35396" lon="3.38914">
        <ele>33.0</ele>
      </trkpt>
      <trkpt lat="50.35405" lon="3.38818">
        <ele>33.2</ele>
      </trkpt>
      <trkpt lat="50.35413" lon="3.38721">
        <ele>34.3</ele>
      </trkpt>
      <trkpt lat="50.35422" lon="3.38624">
        <ele>35.4</ele>
      </trkpt>
      <trkpt lat="50.35427" lon="3.38546">
        <ele>35.8</ele>
      </trkpt>
      <trkpt lat="50.35431" lon="3.38469">
        <ele>36.1</ele>
      </trkpt>
      <trkpt lat="50.35432" lon="3.38439">
        <ele>36.5</ele>
      </trkpt>
      <trkpt lat="50.35429" lon="3.38343">
        <ele>37.1</ele>
      </trkpt>
      <trkpt lat="50.35427" lon="3.38247">
        <ele>38.0</ele>
      </trkpt>
      <trkpt lat="50.35431" lon="3.38246">
        <ele>38.0</ele>
      </trkpt>
      <trkpt lat="50.35451" lon="3.38242">
        <ele>38.0</ele>
      </trkpt>
      <trkpt lat="50.35468" lon="3.38242">
        <ele>38.0</ele>
      </trkpt>
      <trkpt lat="50.35532" lon="3.38256">
        <ele>37.6</ele>
      </trkpt>
      <trkpt lat="50.35597" lon="3.38269">
        <ele>36.6</ele>
      </trkpt>
      <trkpt lat="50.35661" lon="3.38282">
        <ele>35.7</ele>
      </trkpt>
      <trkpt lat="50.35735" lon="3.38281">
        <ele>35.6</ele>
      </trkpt>
      <trkpt lat="50.35808" lon="3.3828">
        <ele>34.9</ele>
      </trkpt>
      <trkpt lat="50.35881" lon="3.38279">
        <ele>35.2</ele>
      </trkpt>
      <trkpt lat="50.35915" lon="3.38275">
        <ele>35.7</ele>
      </trkpt>
      <trkpt lat="50.3595" lon="3.38266">
        <ele>35.8</ele>
      </trkpt>
      <trkpt lat="50.35984" lon="3.38253">
        <ele>36.0</ele>
      </trkpt>
      <trkpt lat="50.36027" lon="3.38228">
        <ele>35.9</ele>
      </trkpt>
      <trkpt lat="50.36071" lon="3.38204">
        <ele>35.2</ele>
      </trkpt>
      <trkpt lat="50.36106" lon="3.38191">
        <ele>34.9</ele>
      </trkpt>
      <trkpt lat="50.36127" lon="3.38192">
        <ele>34.8</ele>
      </trkpt>
      <trkpt lat="50.36182" lon="3.38201">
        <ele>34.7</ele>
      </trkpt>
      <trkpt lat="50.36238" lon="3.3821">
        <ele>34.9</ele>
      </trkpt>
      <trkpt lat="50.36296" lon="3.38211">
        <ele>35.0</ele>
      </trkpt>
      <trkpt lat="50.36355" lon="3.38196">
        <ele>34.7</ele>
      </trkpt>
      <trkpt lat="50.36414" lon="3.38181">
        <ele>34.0</ele>
      </trkpt>
      <trkpt lat="50.36473" lon="3.38166">
        <ele>34.0</ele>
      </trkpt>
      <trkpt lat="50.36523" lon="3.3816">
        <ele>33.7</ele>
      </trkpt>
      <trkpt lat="50.36588" lon="3.38155">
        <ele>32.9</ele>
      </trkpt>
      <trkpt lat="50.36607" lon="3.38151">
        <ele>32.5</ele>
      </trkpt>
      <trkpt lat="50.36692" lon="3.38116">
        <ele>31.3</ele>
      </trkpt>
      <trkpt lat="50.36762" lon="3.38071">
        <ele>30.9</ele>
      </trkpt>
      <trkpt lat="50.36761" lon="3.38068">
        <ele>30.9</ele>
      </trkpt>
      <trkpt lat="50.36786" lon="3.38172">
        <ele>29.6</ele>
      </trkpt>
      <trkpt lat="50.36812" lon="3.38276">
        <ele>28.9</ele>
      </trkpt>
      <trkpt lat="50.36831" lon="3.38371">
        <ele>28.0</ele>
      </trkpt>
      <trkpt lat="50.36839" lon="3.38401">
        <ele>27.9</ele>
      </trkpt>
      <trkpt lat="50.36858" lon="3.38449">
        <ele>27.4</ele>
      </trkpt>
      <trkpt lat="50.3687" lon="3.38472">
        <ele>27.1</ele>
      </trkpt>
      <trkpt lat="50.36895" lon="3.38504">
        <ele>26.6</ele>
      </trkpt>
      <trkpt lat="50.36969" lon="3.38578">
        <ele>26.3</ele>
      </trkpt>
      <trkpt lat="50.37044" lon="3.38653">
        <ele>26.8</ele>
      </trkpt>
      <trkpt lat="50.37118" lon="3.38727">
        <ele>25.6</ele>
      </trkpt>
      <trkpt lat="50.37133" lon="3.3875">
        <ele>25.4</ele>
      </trkpt>
      <trkpt lat="50.37141" lon="3.38771">
        <ele>25.2</ele>
      </trkpt>
      <trkpt lat="50.37148" lon="3.38797">
        <ele>24.9</ele>
      </trkpt>
      <trkpt lat="50.37159" lon="3.38882">
        <ele>24.3</ele>
      </trkpt>
      <trkpt lat="50.37164" lon="3.38896">
        <ele>24.1</ele>
      </trkpt>
      <trkpt lat="50.37175" lon="3.38906">
        <ele>24.0</ele>
      </trkpt>
      <trkpt lat="50.37224" lon="3.38921">
        <ele>24.0</ele>
      </trkpt>
      <trkpt lat="50.37245" lon="3.38931">
        <ele>24.0</ele>
      </trkpt>
      <trkpt lat="50.37265" lon="3.38945">
        <ele>23.7</ele>
      </trkpt>
      <trkpt lat="50.3728" lon="3.38969">
        <ele>23.5</ele>
      </trkpt>
      <trkpt lat="50.37294" lon="3.39007">
        <ele>23.5</ele>
      </trkpt>
      <trkpt lat="50.37314" lon="3.39124">
        <ele>23.1</ele>
      </trkpt>
      <trkpt lat="50.37301" lon="3.39157">
        <ele>23.0</ele>
      </trkpt>
      <trkpt lat="50.37328" lon="3.39178">
        <ele>23.0</ele>
      </trkpt>
      <trkpt lat="50.37334" lon="3.39198">
        <ele>23.0</ele>
      </trkpt>
      <trkpt lat="50.37337" lon="3.39222">
        <ele>23.0</ele>
      </trkpt>
      <trkpt lat="50.37336" lon="3.39278">
        <ele>22.6</ele>
      </trkpt>
      <trkpt lat="50.37332" lon="3.39336">
        <ele>22.0</ele>
      </trkpt>
      <trkpt lat="50.37348" lon="3.39412">
        <ele>21.8</ele>
      </trkpt>
      <trkpt lat="50.3736" lon="3.39522">
        <ele>21.7</ele>
      </trkpt>
      <trkpt lat="50.37371" lon="3.396">
        <ele>21.5</ele>
      </trkpt>
      <trkpt lat="50.37382" lon="3.39677">
        <ele>20.8</ele>
      </trkpt>
      <trkpt lat="50.37385" lon="3.39714">
        <ele>20.5</ele>
      </trkpt>
      <trkpt lat="50.37384" lon="3.39788">
        <ele>20.5</ele>
      </trkpt>
      <trkpt lat="50.3738" lon="3.39793">
        <ele>20.5</ele>
      </trkpt>
      <trkpt lat="50.37379" lon="3.39801">
        <ele>20.5</ele>
      </trkpt>
      <trkpt lat="50.37381" lon="3.39832">
        <ele>20.6</ele>
      </trkpt>
      <trkpt lat="50.37389" lon="3.3987">
        <ele>20.7</ele>
      </trkpt>
      <trkpt lat="50.37395" lon="3.39888">
        <ele>20.7</ele>
      </trkpt>
      <trkpt lat="50.374" lon="3.39892">
        <ele>20.8</ele>
      </trkpt>
      <trkpt lat="50.37419" lon="3.39974">
        <ele>20.3</ele>
      </trkpt>
      <trkpt lat="50.37421" lon="3.39993">
        <ele>20.1</ele>
      </trkpt>
      <trkpt lat="50.37422" lon="3.40009">
        <ele>20.1</ele>
      </trkpt>
      <trkpt lat="50.37422" lon="3.40022">
        <ele>20.2</ele>
      </trkpt>
      <trkpt lat="50.37418" lon="3.40054">
        <ele>20.6</ele>
      </trkpt>
      <trkpt lat="50.37406" lon="3.40091">
        <ele>20.8</ele>
      </trkpt>
      <trkpt lat="50.37398" lon="3.40108">
        <ele>20.8</ele>
      </trkpt>
      <trkpt lat="50.3734" lon="3.40198">
        <ele>20.2</ele>
      </trkpt>
      <trkpt lat="50.37329" lon="3.40219">
        <ele>20.1</ele>
      </trkpt>
      <trkpt lat="50.37319" lon="3.40243">
        <ele>20.2</ele>
      </trkpt>
      <trkpt lat="50.37293" lon="3.4035">
        <ele>21.3</ele>
      </trkpt>
      <trkpt lat="50.37277" lon="3.40434">
        <ele>22.6</ele>
      </trkpt>
      <trkpt lat="50.37265" lon="3.40479">
        <ele>23.1</ele>
      </trkpt>
      <trkpt lat="50.37254" lon="3.40511">
        <ele>23.1</ele>
      </trkpt>
      <trkpt lat="50.37226" lon="3.40579">
        <ele>23.3</ele>
      </trkpt>
      <trkpt lat="50.37198" lon="3.40648">
        <ele>24.3</ele>
      </trkpt>
      <trkpt lat="50.37173" lon="3.40701">
        <ele>24.9</ele>
      </trkpt>
      <trkpt lat="50.37129" lon="3.40774">
        <ele>22.8</ele>
      </trkpt>
      <trkpt lat="50.37078" lon="3.40839">
        <ele>22.2</ele>
      </trkpt>
      <trkpt lat="50.37027" lon="3.40903">
        <ele>23.6</ele>
      </trkpt>
      <trkpt lat="50.37012" lon="3.40925">
        <ele>23.5</ele>
      </trkpt>
      <trkpt lat="50.37" lon="3.40946">
        <ele>23.3</ele>
      </trkpt>
      <trkpt lat="50.36961" lon="3.41034">
        <ele>22.0</ele>
      </trkpt>
      <trkpt lat="50.36943" lon="3.41066">
        <ele>22.0</ele>
      </trkpt>
      <trkpt lat="50.36903" lon="3.41121">
        <ele>21.5</ele>
      </trkpt>
      <trkpt lat="50.36863" lon="3.41176">
        <ele>21.1</ele>
      </trkpt>
      <trkpt lat="50.36829" lon="3.41216">
        <ele>21.7</ele>
      </trkpt>
      <trkpt lat="50.36806" lon="3.41237">
        <ele>22.6</ele>
      </trkpt>
      <trkpt lat="50.36788" lon="3.41248">
        <ele>23.1</ele>
      </trkpt>
      <trkpt lat="50.36733" lon="3.41272">
        <ele>23.6</ele>
      </trkpt>
      <trkpt lat="50.36714" lon="3.41283">
        <ele>23.3</ele>
      </trkpt>
      <trkpt lat="50.36688" lon="3.41308">
        <ele>23.0</ele>
      </trkpt>
      <trkpt lat="50.36669" lon="3.41335">
        <ele>23.0</ele>
      </trkpt>
      <trkpt lat="50.36656" lon="3.41362">
        <ele>23.3</ele>
      </trkpt>
      <trkpt lat="50.36643" lon="3.41399">
        <ele>23.6</ele>
      </trkpt>
      <trkpt lat="50.36623" lon="3.41495">
        <ele>23.5</ele>
      </trkpt>
      <trkpt lat="50.36602" lon="3.41614">
        <ele>24.9</ele>
      </trkpt>
      <trkpt lat="50.36581" lon="3.41733">
        <ele>26.5</ele>
      </trkpt>
      <trkpt lat="50.3656" lon="3.41852">
        <ele>28.9</ele>
      </trkpt>
      <trkpt lat="50.3654" lon="3.41971">
        <ele>31.6</ele>
      </trkpt>
      <trkpt lat="50.3654" lon="3.41971">
        <ele>31.6</ele>
      </trkpt>
      <trkpt lat="50.36555" lon="3.41979">
        <ele>32.3</ele>
      </trkpt>
      <trkpt lat="50.36562" lon="3.41985">
        <ele>32.7</ele>
      </trkpt>
      <trkpt lat="50.36588" lon="3.42067">
        <ele>34.1</ele>
      </trkpt>
      <trkpt lat="50.36615" lon="3.4215">
        <ele>35.3</ele>
      </trkpt>
      <trkpt lat="50.36638" lon="3.422">
        <ele>36.1</ele>
      </trkpt>
      <trkpt lat="50.36684" lon="3.4232">
        <ele>38.0</ele>
      </trkpt>
      <trkpt lat="50.36689" lon="3.42323">
        <ele>38.1</ele>
      </trkpt>
      <trkpt lat="50.36748" lon="3.42332">
        <ele>39.0</ele>
      </trkpt>
      <trkpt lat="50.36734" lon="3.42439">
        <ele>40.1</ele>
      </trkpt>
      <trkpt lat="50.36718" lon="3.42565">
        <ele>41.0</ele>
      </trkpt>
      <trkpt lat="50.36716" lon="3.42574">
        <ele>41.0</ele>
      </trkpt>
      <trkpt lat="50.36709" lon="3.42584">
        <ele>41.0</ele>
      </trkpt>
      <trkpt lat="50.36676" lon="3.42596">
        <ele>41.0</ele>
      </trkpt>
      <trkpt lat="50.36663" lon="3.42607">
        <ele>41.0</ele>
      </trkpt>
      <trkpt lat="50.36626" lon="3.42674">
        <ele>41.0</ele>
      </trkpt>
      <trkpt lat="50.36622" lon="3.42685">
        <ele>41.0</ele>
      </trkpt>
      <trkpt lat="50.36621" lon="3.42697">
        <ele>41.0</ele>
      </trkpt>
      <trkpt lat="50.36621" lon="3.42766">
        <ele>41.2</ele>
      </trkpt>
      <trkpt lat="50.36619" lon="3.428">
        <ele>41.6</ele>
      </trkpt>
      <trkpt lat="50.36616" lon="3.42813">
        <ele>41.8</ele>
      </trkpt>
      <trkpt lat="50.36614" lon="3.42821">
        <ele>41.9</ele>
      </trkpt>
      <trkpt lat="50.36616" lon="3.42826">
        <ele>41.9</ele>
      </trkpt>
      <trkpt lat="50.36624" lon="3.42834">
        <ele>42.0</ele>
      </trkpt>
      <trkpt lat="50.36628" lon="3.42844">
        <ele>42.0</ele>
      </trkpt>
      <trkpt lat="50.36631" lon="3.42853">
        <ele>42.0</ele>
      </trkpt>
      <trkpt lat="50.36636" lon="3.42854">
        <ele>42.0</ele>
      </trkpt>
      <trkpt lat="50.36639" lon="3.4285">
        <ele>42.0</ele>
      </trkpt>
      <trkpt lat="50.36657" lon="3.42851">
        <ele>42.0</ele>
      </trkpt>
      <trkpt lat="50.36703" lon="3.42844">
        <ele>42.1</ele>
      </trkpt>
      <trkpt lat="50.36736" lon="3.42845">
        <ele>42.1</ele>
      </trkpt>
      <trkpt lat="50.36808" lon="3.4286">
        <ele>43.5</ele>
      </trkpt>
      <trkpt lat="50.36893" lon="3.42891">
        <ele>43.8</ele>
      </trkpt>
      <trkpt lat="50.36977" lon="3.42923">
        <ele>44.1</ele>
      </trkpt>
      <trkpt lat="50.37022" lon="3.42948">
        <ele>43.8</ele>
      </trkpt>
      <trkpt lat="50.37066" lon="3.42973">
        <ele>43.1</ele>
      </trkpt>
      <trkpt lat="50.37111" lon="3.42994">
        <ele>43.2</ele>
      </trkpt>
      <trkpt lat="50.37143" lon="3.43022">
        <ele>43.5</ele>
      </trkpt>
      <trkpt lat="50.37162" lon="3.4303">
        <ele>43.6</ele>
      </trkpt>
      <trkpt lat="50.37192" lon="3.43033">
        <ele>42.8</ele>
      </trkpt>
      <trkpt lat="50.37219" lon="3.43052">
        <ele>41.9</ele>
      </trkpt>
      <trkpt lat="50.37246" lon="3.43058">
        <ele>41.1</ele>
      </trkpt>
      <trkpt lat="50.3728" lon="3.4305">
        <ele>41.0</ele>
      </trkpt>
      <trkpt lat="50.37289" lon="3.4305">
        <ele>41.0</ele>
      </trkpt>
      <trkpt lat="50.3735" lon="3.43057">
        <ele>40.8</ele>
      </trkpt>
      <trkpt lat="50.37411" lon="3.43064">
        <ele>40.1</ele>
      </trkpt>
      <trkpt lat="50.3744" lon="3.43063">
        <ele>39.7</ele>
      </trkpt>
      <trkpt lat="50.37465" lon="3.43055">
        <ele>39.2</ele>
      </trkpt>
      <trkpt lat="50.37504" lon="3.43032">
        <ele>38.4</ele>
      </trkpt>
      <trkpt lat="50.37523" lon="3.43023">
        <ele>38.4</ele>
      </trkpt>
      <trkpt lat="50.3759" lon="3.43003">
        <ele>38.2</ele>
      </trkpt>
      <trkpt lat="50.37641" lon="3.42997">
        <ele>39.3</ele>
      </trkpt>
      <trkpt lat="50.37691" lon="3.4299">
        <ele>39.5</ele>
      </trkpt>
      <trkpt lat="50.37761" lon="3.42965">
        <ele>38.4</ele>
      </trkpt>
      <trkpt lat="50.37771" lon="3.42971">
        <ele>38.4</ele>
      </trkpt>
      <trkpt lat="50.37782" lon="3.4299">
        <ele>38.5</ele>
      </trkpt>
      <trkpt lat="50.37821" lon="3.43104">
        <ele>38.4</ele>
      </trkpt>
      <trkpt lat="50.37829" lon="3.43114">
        <ele>38.4</ele>
      </trkpt>
      <trkpt lat="50.37838" lon="3.43118">
        <ele>38.4</ele>
      </trkpt>
      <trkpt lat="50.37848" lon="3.43118">
        <ele>38.3</ele>
      </trkpt>
      <trkpt lat="50.37896" lon="3.43102">
        <ele>37.6</ele>
      </trkpt>
      <trkpt lat="50.37912" lon="3.431">
        <ele>37.4</ele>
      </trkpt>
      <trkpt lat="50.37976" lon="3.43099">
        <ele>37.2</ele>
      </trkpt>
      <trkpt lat="50.38014" lon="3.43094">
        <ele>37.3</ele>
      </trkpt>
      <trkpt lat="50.38086" lon="3.4309">
        <ele>38.1</ele>
      </trkpt>
      <trkpt lat="50.38158" lon="3.43086">
        <ele>39.8</ele>
      </trkpt>
      <trkpt lat="50.3817" lon="3.4308">
        <ele>40.0</ele>
      </trkpt>
      <trkpt lat="50.38235" lon="3.43013">
        <ele>40.7</ele>
      </trkpt>
      <trkpt lat="50.38299" lon="3.42945">
        <ele>40.3</ele>
      </trkpt>
      <trkpt lat="50.38364" lon="3.42877">
        <ele>38.8</ele>
      </trkpt>
      <trkpt lat="50.38429" lon="3.4281">
        <ele>36.4</ele>
      </trkpt>
      <trkpt lat="50.38449" lon="3.42793">
        <ele>36.4</ele>
      </trkpt>
      <trkpt lat="50.38477" lon="3.42765">
        <ele>36.3</ele>
      </trkpt>
      <trkpt lat="50.38506" lon="3.42734">
        <ele>36.1</ele>
      </trkpt>
      <trkpt lat="50.38519" lon="3.42717">
        <ele>36.1</ele>
      </trkpt>
      <trkpt lat="50.38592" lon="3.42641">
        <ele>35.2</ele>
      </trkpt>
      <trkpt lat="50.38666" lon="3.42566">
        <ele>35.0</ele>
      </trkpt>
      <trkpt lat="50.38739" lon="3.4249">
        <ele>32.5</ele>
      </trkpt>
      <trkpt lat="50.38813" lon="3.42415">
        <ele>34.5</ele>
      </trkpt>
      <trkpt lat="50.38822" lon="3.42412">
        <ele>34.8</ele>
      </trkpt>
      <trkpt lat="50.38828" lon="3.42416">
        <ele>34.9</ele>
      </trkpt>
      <trkpt lat="50.38836" lon="3.42441">
        <ele>34.5</ele>
      </trkpt>
      <trkpt lat="50.38838" lon="3.42478">
        <ele>33.7</ele>
      </trkpt>
      <trkpt lat="50.38841" lon="3.42455">
        <ele>34.3</ele>
      </trkpt>
      <trkpt lat="50.38841" lon="3.42424">
        <ele>35.0</ele>
      </trkpt>
      <trkpt lat="50.38836" lon="3.42408">
        <ele>35.3</ele>
      </trkpt>
      <trkpt lat="50.38833" lon="3.42403">
        <ele>35.3</ele>
      </trkpt>
      <trkpt lat="50.38829" lon="3.42402">
        <ele>35.2</ele>
      </trkpt>
      <trkpt lat="50.3884" lon="3.42388">
        <ele>35.8</ele>
      </trkpt>
      <trkpt lat="50.38842" lon="3.42386">
        <ele>35.9</ele>
      </trkpt>
      <trkpt lat="50.38912" lon="3.42314">
        <ele>38.2</ele>
      </trkpt>
      <trkpt lat="50.38982" lon="3.42241">
        <ele>36.0</ele>
      </trkpt>
      <trkpt lat="50.39052" lon="3.42169">
        <ele>34.8</ele>
      </trkpt>
      <trkpt lat="50.39121" lon="3.42097">
        <ele>32.1</ele>
      </trkpt>
      <trkpt lat="50.39191" lon="3.42025">
        <ele>30.2</ele>
      </trkpt>
      <trkpt lat="50.39255" lon="3.41959">
        <ele>28.8</ele>
      </trkpt>
      <trkpt lat="50.39318" lon="3.41894">
        <ele>27.8</ele>
      </trkpt>
      <trkpt lat="50.39381" lon="3.41829">
        <ele>28.0</ele>
      </trkpt>
      <trkpt lat="50.39444" lon="3.41763">
        <ele>27.8</ele>
      </trkpt>
      <trkpt lat="50.39508" lon="3.41698">
        <ele>26.5</ele>
      </trkpt>
      <trkpt lat="50.39509" lon="3.41701">
        <ele>26.5</ele>
      </trkpt>
      <trkpt lat="50.39567" lon="3.41642">
        <ele>25.7</ele>
      </trkpt>
      <trkpt lat="50.39624" lon="3.41583">
        <ele>24.4</ele>
      </trkpt>
      <trkpt lat="50.39681" lon="3.41524">
        <ele>24.0</ele>
      </trkpt>
      <trkpt lat="50.39738" lon="3.41465">
        <ele>25.7</ele>
      </trkpt>
      <trkpt lat="50.3981" lon="3.41389">
        <ele>24.7</ele>
      </trkpt>
      <trkpt lat="50.39883" lon="3.41313">
        <ele>25.8</ele>
      </trkpt>
      <trkpt lat="50.39955" lon="3.41237">
        <ele>25.5</ele>
      </trkpt>
      <trkpt lat="50.40027" lon="3.41161">
        <ele>25.2</ele>
      </trkpt>
      <trkpt lat="50.40089" lon="3.41097">
        <ele>25.2</ele>
      </trkpt>
      <trkpt lat="50.4015" lon="3.41034">
        <ele>23.9</ele>
      </trkpt>
      <trkpt lat="50.40211" lon="3.4097">
        <ele>24.2</ele>
      </trkpt>
      <trkpt lat="50.40273" lon="3.40906">
        <ele>23.1</ele>
      </trkpt>
      <trkpt lat="50.40334" lon="3.40843">
        <ele>21.5</ele>
      </trkpt>
      <trkpt lat="50.40397" lon="3.40777">
        <ele>25.2</ele>
      </trkpt>
      <trkpt lat="50.4046" lon="3.40711">
        <ele>27.1</ele>
      </trkpt>
      <trkpt lat="50.40524" lon="3.40646">
        <ele>26.7</ele>
      </trkpt>
      <trkpt lat="50.40543" lon="3.40624">
        <ele>25.4</ele>
      </trkpt>
      <trkpt lat="50.40545" lon="3.40618">
        <ele>25.1</ele>
      </trkpt>
      <trkpt lat="50.40555" lon="3.40604">
        <ele>24.3</ele>
      </trkpt>
      <trkpt lat="50.40557" lon="3.40602">
        <ele>24.2</ele>
      </trkpt>
      <trkpt lat="50.40554" lon="3.40564">
        <ele>22.4</ele>
      </trkpt>
      <trkpt lat="50.40555" lon="3.40551">
        <ele>21.8</ele>
      </trkpt>
      <trkpt lat="50.40473" lon="3.40508">
        <ele>21.3</ele>
      </trkpt>
      <trkpt lat="50.4039" lon="3.40466">
        <ele>22.9</ele>
      </trkpt>
      <trkpt lat="50.40307" lon="3.40423">
        <ele>22.9</ele>
      </trkpt>
      <trkpt lat="50.40224" lon="3.40381">
        <ele>23.2</ele>
      </trkpt>
      <trkpt lat="50.40141" lon="3.40338">
        <ele>23.4</ele>
      </trkpt>
      <trkpt lat="50.40059" lon="3.40295">
        <ele>23.5</ele>
      </trkpt>
      <trkpt lat="50.39976" lon="3.40253">
        <ele>22.8</ele>
      </trkpt>
      <trkpt lat="50.39893" lon="3.40211">
        <ele>21.7</ele>
      </trkpt>
      <trkpt lat="50.3981" lon="3.40169">
        <ele>21.9</ele>
      </trkpt>
      <trkpt lat="50.39727" lon="3.40127">
        <ele>22.9</ele>
      </trkpt>
      <trkpt lat="50.39645" lon="3.40086">
        <ele>22.6</ele>
      </trkpt>
      <trkpt lat="50.39562" lon="3.40044">
        <ele>25.7</ele>
      </trkpt>
      <trkpt lat="50.39485" lon="3.40005">
        <ele>29.5</ele>
      </trkpt>
      <trkpt lat="50.39408" lon="3.39967">
        <ele>25.8</ele>
      </trkpt>
      <trkpt lat="50.39331" lon="3.39928">
        <ele>23.5</ele>
      </trkpt>
      <trkpt lat="50.39253" lon="3.3989">
        <ele>20.4</ele>
      </trkpt>
      <trkpt lat="50.39176" lon="3.39851">
        <ele>20.8</ele>
      </trkpt>
      <trkpt lat="50.39099" lon="3.39813">
        <ele>22.0</ele>
      </trkpt>
      <trkpt lat="50.39022" lon="3.39774">
        <ele>25.2</ele>
      </trkpt>
      <trkpt lat="50.38945" lon="3.39736">
        <ele>25.9</ele>
      </trkpt>
      <trkpt lat="50.38868" lon="3.39697">
        <ele>24.1</ele>
      </trkpt>
      <trkpt lat="50.38793" lon="3.3966">
        <ele>22.9</ele>
      </trkpt>
      <trkpt lat="50.38719" lon="3.39624">
        <ele>22.2</ele>
      </trkpt>
      <trkpt lat="50.38644" lon="3.39587">
        <ele>23.0</ele>
      </trkpt>
      <trkpt lat="50.3857" lon="3.3955">
        <ele>22.9</ele>
      </trkpt>
      <trkpt lat="50.38495" lon="3.39514">
        <ele>20.8</ele>
      </trkpt>
      <trkpt lat="50.38421" lon="3.39477">
        <ele>20.1</ele>
      </trkpt>
      <trkpt lat="50.38387" lon="3.39467">
        <ele>19.8</ele>
      </trkpt>
      <trkpt lat="50.38315" lon="3.3945">
        <ele>19.6</ele>
      </trkpt>
      <trkpt lat="50.38243" lon="3.39433">
        <ele>19.2</ele>
      </trkpt>
      <trkpt lat="50.38171" lon="3.39416">
        <ele>19.0</ele>
      </trkpt>
      <trkpt lat="50.38112" lon="3.39397">
        <ele>19.0</ele>
      </trkpt>
      <trkpt lat="50.38052" lon="3.39378">
        <ele>19.0</ele>
      </trkpt>
      <trkpt lat="50.37992" lon="3.3936">
        <ele>18.9</ele>
      </trkpt>
      <trkpt lat="50.37929" lon="3.39354">
        <ele>18.1</ele>
      </trkpt>
      <trkpt lat="50.37908" lon="3.39349">
        <ele>18.0</ele>
      </trkpt>
      <trkpt lat="50.37868" lon="3.39332">
        <ele>18.0</ele>
      </trkpt>
      <trkpt lat="50.378" lon="3.39298">
        <ele>18.6</ele>
      </trkpt>
      <trkpt lat="50.37731" lon="3.39263">
        <ele>19.3</ele>
      </trkpt>
      <trkpt lat="50.37734" lon="3.39264">
        <ele>19.3</ele>
      </trkpt>
      <trkpt lat="50.37738" lon="3.39251">
        <ele>19.2</ele>
      </trkpt>
      <trkpt lat="50.37793" lon="3.39143">
        <ele>18.6</ele>
      </trkpt>
      <trkpt lat="50.37843" lon="3.39032">
        <ele>17.9</ele>
      </trkpt>
      <trkpt lat="50.37886" lon="3.38944">
        <ele>17.4</ele>
      </trkpt>
      <trkpt lat="50.37929" lon="3.38856">
        <ele>16.9</ele>
      </trkpt>
      <trkpt lat="50.37972" lon="3.38768">
        <ele>15.8</ele>
      </trkpt>
      <trkpt lat="50.38018" lon="3.38666">
        <ele>14.2</ele>
      </trkpt>
      <trkpt lat="50.38065" lon="3.38563">
        <ele>14.1</ele>
      </trkpt>
      <trkpt lat="50.38104" lon="3.38483">
        <ele>13.6</ele>
      </trkpt>
      <trkpt lat="50.38143" lon="3.38403">
        <ele>14.8</ele>
      </trkpt>
      <trkpt lat="50.38186" lon="3.38326">
        <ele>14.7</ele>
      </trkpt>
      <trkpt lat="50.38223" lon="3.38265">
        <ele>14.6</ele>
      </trkpt>
      <trkpt lat="50.3826" lon="3.38204">
        <ele>15.7</ele>
      </trkpt>
      <trkpt lat="50.38289" lon="3.38162">
        <ele>16.5</ele>
      </trkpt>
      <trkpt lat="50.38299" lon="3.38151">
        <ele>16.8</ele>
      </trkpt>
      <trkpt lat="50.3832" lon="3.3814">
        <ele>17.2</ele>
      </trkpt>
      <trkpt lat="50.38364" lon="3.38125">
        <ele>17.9</ele>
      </trkpt>
      <trkpt lat="50.38408" lon="3.3811">
        <ele>18.3</ele>
      </trkpt>
      <trkpt lat="50.38418" lon="3.38103">
        <ele>18.2</ele>
      </trkpt>
      <trkpt lat="50.38425" lon="3.38092">
        <ele>18.0</ele>
      </trkpt>
      <trkpt lat="50.38439" lon="3.38058">
        <ele>17.7</ele>
      </trkpt>
      <trkpt lat="50.38467" lon="3.37964">
        <ele>17.0</ele>
      </trkpt>
      <trkpt lat="50.3848" lon="3.37903">
        <ele>16.2</ele>
      </trkpt>
      <trkpt lat="50.385" lon="3.37783">
        <ele>16.6</ele>
      </trkpt>
      <trkpt lat="50.38521" lon="3.37663">
        <ele>16.7</ele>
      </trkpt>
      <trkpt lat="50.38524" lon="3.37652">
        <ele>16.5</ele>
      </trkpt>
      <trkpt lat="50.38528" lon="3.37645">
        <ele>16.4</ele>
      </trkpt>
      <trkpt lat="50.38573" lon="3.37597">
        <ele>15.3</ele>
      </trkpt>
      <trkpt lat="50.38629" lon="3.37553">
        <ele>15.3</ele>
      </trkpt>
      <trkpt lat="50.38684" lon="3.37508">
        <ele>15.3</ele>
      </trkpt>
      <trkpt lat="50.3874" lon="3.37464">
        <ele>15.5</ele>
      </trkpt>
      <trkpt lat="50.38801" lon="3.37417">
        <ele>15.0</ele>
      </trkpt>
      <trkpt lat="50.38862" lon="3.3737">
        <ele>15.3</ele>
      </trkpt>
      <trkpt lat="50.38924" lon="3.37323">
        <ele>16.0</ele>
      </trkpt>
      <trkpt lat="50.38934" lon="3.37308">
        <ele>16.1</ele>
      </trkpt>
      <trkpt lat="50.38954" lon="3.37272">
        <ele>16.3</ele>
      </trkpt>
      <trkpt lat="50.3896" lon="3.37261">
        <ele>16.5</ele>
      </trkpt>
      <trkpt lat="50.38954" lon="3.37254">
        <ele>16.4</ele>
      </trkpt>
      <trkpt lat="50.3889" lon="3.37187">
        <ele>15.7</ele>
      </trkpt>
      <trkpt lat="50.38826" lon="3.37119">
        <ele>15.7</ele>
      </trkpt>
      <trkpt lat="50.38762" lon="3.37052">
        <ele>18.0</ele>
      </trkpt>
      <trkpt lat="50.38698" lon="3.36984">
        <ele>17.1</ele>
      </trkpt>
      <trkpt lat="50.38634" lon="3.36916">
        <ele>15.6</ele>
      </trkpt>
      <trkpt lat="50.3857" lon="3.36849">
        <ele>15.7</ele>
      </trkpt>
      <trkpt lat="50.38506" lon="3.36781">
        <ele>15.7</ele>
      </trkpt>
      <trkpt lat="50.38439" lon="3.36712">
        <ele>16.3</ele>
      </trkpt>
      <trkpt lat="50.38371" lon="3.36642">
        <ele>16.6</ele>
      </trkpt>
      <trkpt lat="50.38303" lon="3.36573">
        <ele>15.6</ele>
      </trkpt>
      <trkpt lat="50.38235" lon="3.36504">
        <ele>15.2</ele>
      </trkpt>
      <trkpt lat="50.38168" lon="3.36432">
        <ele>15.2</ele>
      </trkpt>
      <trkpt lat="50.38155" lon="3.36422">
        <ele>15.2</ele>
      </trkpt>
      <trkpt lat="50.38094" lon="3.36382">
        <ele>15.9</ele>
      </trkpt>
      <trkpt lat="50.38011" lon="3.36329">
        <ele>15.2</ele>
      </trkpt>
      <trkpt lat="50.37928" lon="3.36277">
        <ele>16.2</ele>
      </trkpt>
      <trkpt lat="50.37899" lon="3.36261">
        <ele>16.8</ele>
      </trkpt>
      <trkpt lat="50.37818" lon="3.36232">
        <ele>18.6</ele>
      </trkpt>
      <trkpt lat="50.37786" lon="3.36219">
        <ele>18.5</ele>
      </trkpt>
      <trkpt lat="50.37771" lon="3.36208">
        <ele>18.4</ele>
      </trkpt>
      <trkpt lat="50.37728" lon="3.36169">
        <ele>18.0</ele>
      </trkpt>
      <trkpt lat="50.37685" lon="3.3613">
        <ele>17.6</ele>
      </trkpt>
      <trkpt lat="50.37622" lon="3.36073">
        <ele>17.0</ele>
      </trkpt>
      <trkpt lat="50.37558" lon="3.36015">
        <ele>17.3</ele>
      </trkpt>
      <trkpt lat="50.37542" lon="3.36005">
        <ele>17.5</ele>
      </trkpt>
      <trkpt lat="50.37523" lon="3.35999">
        <ele>17.7</ele>
      </trkpt>
      <trkpt lat="50.37504" lon="3.35997">
        <ele>18.0</ele>
      </trkpt>
      <trkpt lat="50.37459" lon="3.36003">
        <ele>17.5</ele>
      </trkpt>
      <trkpt lat="50.37432" lon="3.36001">
        <ele>17.2</ele>
      </trkpt>
      <trkpt lat="50.37406" lon="3.35993">
        <ele>17.3</ele>
      </trkpt>
      <trkpt lat="50.37361" lon="3.3597">
        <ele>18.5</ele>
      </trkpt>
      <trkpt lat="50.37317" lon="3.35948">
        <ele>19.0</ele>
      </trkpt>
      <trkpt lat="50.37315" lon="3.35947">
        <ele>19.0</ele>
      </trkpt>
      <trkpt lat="50.37317" lon="3.35948">
        <ele>19.0</ele>
      </trkpt>
      <trkpt lat="50.37343" lon="3.35839">
        <ele>18.9</ele>
      </trkpt>
      <trkpt lat="50.37361" lon="3.35807">
        <ele>18.7</ele>
      </trkpt>
      <trkpt lat="50.37399" lon="3.35746">
        <ele>18.2</ele>
      </trkpt>
      <trkpt lat="50.37407" lon="3.35724">
        <ele>18.1</ele>
      </trkpt>
      <trkpt lat="50.3741" lon="3.35705">
        <ele>18.1</ele>
      </trkpt>
      <trkpt lat="50.3741" lon="3.35681">
        <ele>18.1</ele>
      </trkpt>
      <trkpt lat="50.37407" lon="3.3563">
        <ele>18.6</ele>
      </trkpt>
      <trkpt lat="50.37402" lon="3.35598">
        <ele>19.0</ele>
      </trkpt>
      <trkpt lat="50.3742" lon="3.35529">
        <ele>19.0</ele>
      </trkpt>
      <trkpt lat="50.37437" lon="3.3546">
        <ele>18.3</ele>
      </trkpt>
      <trkpt lat="50.37443" lon="3.35443">
        <ele>18.0</ele>
      </trkpt>
      <trkpt lat="50.37453" lon="3.35433">
        <ele>17.8</ele>
      </trkpt>
      <trkpt lat="50.37487" lon="3.35423">
        <ele>17.2</ele>
      </trkpt>
      <trkpt lat="50.37495" lon="3.35415">
        <ele>17.1</ele>
      </trkpt>
      <trkpt lat="50.37499" lon="3.35398">
        <ele>17.0</ele>
      </trkpt>
      <trkpt lat="50.3751" lon="3.35304">
        <ele>17.5</ele>
      </trkpt>
      <trkpt lat="50.37522" lon="3.35211">
        <ele>18.3</ele>
      </trkpt>
      <trkpt lat="50.37524" lon="3.35187">
        <ele>18.3</ele>
      </trkpt>
      <trkpt lat="50.37521" lon="3.35151">
        <ele>18.4</ele>
      </trkpt>
      <trkpt lat="50.37499" lon="3.35046">
        <ele>19.0</ele>
      </trkpt>
      <trkpt lat="50.37486" lon="3.34977">
        <ele>19.3</ele>
      </trkpt>
      <trkpt lat="50.37472" lon="3.34907">
        <ele>20.1</ele>
      </trkpt>
      <trkpt lat="50.37467" lon="3.3489">
        <ele>20.3</ele>
      </trkpt>
      <trkpt lat="50.37461" lon="3.34882">
        <ele>20.4</ele>
      </trkpt>
      <trkpt lat="50.37452" lon="3.34878">
        <ele>20.5</ele>
      </trkpt>
      <trkpt lat="50.37407" lon="3.3488">
        <ele>20.4</ele>
      </trkpt>
      <trkpt lat="50.37384" lon="3.34876">
        <ele>20.5</ele>
      </trkpt>
      <trkpt lat="50.37313" lon="3.34834">
        <ele>20.7</ele>
      </trkpt>
      <trkpt lat="50.37241" lon="3.34792">
        <ele>20.9</ele>
      </trkpt>
      <trkpt lat="50.37227" lon="3.34782">
        <ele>21.1</ele>
      </trkpt>
      <trkpt lat="50.37213" lon="3.34765">
        <ele>21.3</ele>
      </trkpt>
      <trkpt lat="50.37192" lon="3.34732">
        <ele>21.6</ele>
      </trkpt>
      <trkpt lat="50.37163" lon="3.34662">
        <ele>22.0</ele>
      </trkpt>
      <trkpt lat="50.37115" lon="3.34566">
        <ele>22.0</ele>
      </trkpt>
      <trkpt lat="50.37084" lon="3.34482">
        <ele>22.2</ele>
      </trkpt>
      <trkpt lat="50.37054" lon="3.34398">
        <ele>23.4</ele>
      </trkpt>
      <trkpt lat="50.37036" lon="3.34314">
        <ele>24.0</ele>
      </trkpt>
      <trkpt lat="50.37034" lon="3.34296">
        <ele>23.9</ele>
      </trkpt>
      <trkpt lat="50.37034" lon="3.34284">
        <ele>23.8</ele>
      </trkpt>
      <trkpt lat="50.37039" lon="3.3426">
        <ele>23.6</ele>
      </trkpt>
      <trkpt lat="50.37028" lon="3.34255">
        <ele>23.7</ele>
      </trkpt>
      <trkpt lat="50.37023" lon="3.34249">
        <ele>23.7</ele>
      </trkpt>
      <trkpt lat="50.37009" lon="3.34212">
        <ele>23.5</ele>
      </trkpt>
      <trkpt lat="50.36999" lon="3.34193">
        <ele>23.3</ele>
      </trkpt>
      <trkpt lat="50.36982" lon="3.34176">
        <ele>22.9</ele>
      </trkpt>
      <trkpt lat="50.36962" lon="3.34161">
        <ele>22.5</ele>
      </trkpt>
      <trkpt lat="50.37006" lon="3.34062">
        <ele>22.0</ele>
      </trkpt>
      <trkpt lat="50.3705" lon="3.33964">
        <ele>21.8</ele>
      </trkpt>
      <trkpt lat="50.37094" lon="3.33865">
        <ele>22.0</ele>
      </trkpt>
      <trkpt lat="50.37139" lon="3.3377">
        <ele>21.2</ele>
      </trkpt>
      <trkpt lat="50.37139" lon="3.3376">
        <ele>21.1</ele>
      </trkpt>
      <trkpt lat="50.37134" lon="3.33732">
        <ele>21.0</ele>
      </trkpt>
      <trkpt lat="50.37135" lon="3.33708">
        <ele>21.0</ele>
      </trkpt>
      <trkpt lat="50.37141" lon="3.33677">
        <ele>21.0</ele>
      </trkpt>
      <trkpt lat="50.37149" lon="3.33647">
        <ele>21.0</ele>
      </trkpt>
      <trkpt lat="50.37157" lon="3.3363">
        <ele>20.9</ele>
      </trkpt>
      <trkpt lat="50.37166" lon="3.33622">
        <ele>21.0</ele>
      </trkpt>
      <trkpt lat="50.37212" lon="3.33606">
        <ele>20.6</ele>
      </trkpt>
      <trkpt lat="50.37288" lon="3.3356">
        <ele>19.9</ele>
      </trkpt>
      <trkpt lat="50.37286" lon="3.33562">
        <ele>19.9</ele>
      </trkpt>
      <trkpt lat="50.37282" lon="3.33552">
        <ele>19.9</ele>
      </trkpt>
      <trkpt lat="50.37278" lon="3.33548">
        <ele>19.9</ele>
      </trkpt>
      <trkpt lat="50.37238" lon="3.33512">
        <ele>20.1</ele>
      </trkpt>
      <trkpt lat="50.37188" lon="3.33463">
        <ele>20.4</ele>
      </trkpt>
      <trkpt lat="50.37152" lon="3.33417">
        <ele>20.2</ele>
      </trkpt>
      <trkpt lat="50.37133" lon="3.33387">
        <ele>20.4</ele>
      </trkpt>
      <trkpt lat="50.37117" lon="3.33355">
        <ele>20.6</ele>
      </trkpt>
      <trkpt lat="50.37105" lon="3.33327">
        <ele>20.7</ele>
      </trkpt>
      <trkpt lat="50.37099" lon="3.33298">
        <ele>20.8</ele>
      </trkpt>
      <trkpt lat="50.37085" lon="3.33169">
        <ele>21.0</ele>
      </trkpt>
      <trkpt lat="50.3708" lon="3.33147">
        <ele>20.5</ele>
      </trkpt>
      <trkpt lat="50.37047" lon="3.33072">
        <ele>19.4</ele>
      </trkpt>
      <trkpt lat="50.37014" lon="3.32998">
        <ele>19.7</ele>
      </trkpt>
      <trkpt lat="50.37008" lon="3.32976">
        <ele>19.8</ele>
      </trkpt>
      <trkpt lat="50.37006" lon="3.32949">
        <ele>19.9</ele>
      </trkpt>
      <trkpt lat="50.37011" lon="3.32815">
        <ele>19.9</ele>
      </trkpt>
      <trkpt lat="50.37015" lon="3.32681">
        <ele>20.0</ele>
      </trkpt>
      <trkpt lat="50.37026" lon="3.32631">
        <ele>19.6</ele>
      </trkpt>
      <trkpt lat="50.37035" lon="3.32593">
        <ele>19.1</ele>
      </trkpt>
      <trkpt lat="50.37038" lon="3.32575">
        <ele>18.9</ele>
      </trkpt>
      <trkpt lat="50.37033" lon="3.32502">
        <ele>18.0</ele>
      </trkpt>
      <trkpt lat="50.37028" lon="3.32429">
        <ele>18.0</ele>
      </trkpt>
      <trkpt lat="50.37023" lon="3.3234">
        <ele>18.0</ele>
      </trkpt>
      <trkpt lat="50.37019" lon="3.32252">
        <ele>18.8</ele>
      </trkpt>
      <trkpt lat="50.37017" lon="3.32212">
        <ele>19.2</ele>
      </trkpt>
      <trkpt lat="50.37014" lon="3.32116">
        <ele>19.3</ele>
      </trkpt>
      <trkpt lat="50.37011" lon="3.32102">
        <ele>19.2</ele>
      </trkpt>
      <trkpt lat="50.37007" lon="3.32094">
        <ele>19.1</ele>
      </trkpt>
      <trkpt lat="50.3699" lon="3.32084">
        <ele>19.0</ele>
      </trkpt>
      <trkpt lat="50.36985" lon="3.32076">
        <ele>19.0</ele>
      </trkpt>
      <trkpt lat="50.36978" lon="3.32029">
        <ele>19.0</ele>
      </trkpt>
      <trkpt lat="50.36965" lon="3.31969">
        <ele>19.2</ele>
      </trkpt>
      <trkpt lat="50.36946" lon="3.31914">
        <ele>19.6</ele>
      </trkpt>
      <trkpt lat="50.36935" lon="3.31893">
        <ele>19.8</ele>
      </trkpt>
      <trkpt lat="50.36926" lon="3.31881">
        <ele>19.9</ele>
      </trkpt>
      <trkpt lat="50.36915" lon="3.31872">
        <ele>20.0</ele>
      </trkpt>
      <trkpt lat="50.36877" lon="3.31856">
        <ele>20.0</ele>
      </trkpt>
      <trkpt lat="50.36863" lon="3.31845">
        <ele>20.0</ele>
      </trkpt>
      <trkpt lat="50.36854" lon="3.31829">
        <ele>20.0</ele>
      </trkpt>
      <trkpt lat="50.36837" lon="3.31791">
        <ele>20.0</ele>
      </trkpt>
      <trkpt lat="50.36817" lon="3.31739">
        <ele>20.2</ele>
      </trkpt>
      <trkpt lat="50.36811" lon="3.31717">
        <ele>20.3</ele>
      </trkpt>
      <trkpt lat="50.36883" lon="3.31675">
        <ele>21.7</ele>
      </trkpt>
      <trkpt lat="50.36964" lon="3.31632">
        <ele>20.4</ele>
      </trkpt>
      <trkpt lat="50.37044" lon="3.3159">
        <ele>19.0</ele>
      </trkpt>
      <trkpt lat="50.37125" lon="3.31547">
        <ele>19.0</ele>
      </trkpt>
      <trkpt lat="50.37206" lon="3.31504">
        <ele>19.0</ele>
      </trkpt>
      <trkpt lat="50.37287" lon="3.31462">
        <ele>19.0</ele>
      </trkpt>
      <trkpt lat="50.37299" lon="3.31457">
        <ele>19.1</ele>
      </trkpt>
      <trkpt lat="50.37308" lon="3.31456">
        <ele>19.2</ele>
      </trkpt>
      <trkpt lat="50.37324" lon="3.31462">
        <ele>19.4</ele>
      </trkpt>
      <trkpt lat="50.37341" lon="3.31474">
        <ele>19.6</ele>
      </trkpt>
      <trkpt lat="50.37402" lon="3.31526">
        <ele>19.2</ele>
      </trkpt>
      <trkpt lat="50.37462" lon="3.31577">
        <ele>19.0</ele>
      </trkpt>
      <trkpt lat="50.37523" lon="3.31629">
        <ele>18.3</ele>
      </trkpt>
      <trkpt lat="50.37564" lon="3.31658">
        <ele>18.0</ele>
      </trkpt>
      <trkpt lat="50.37634" lon="3.31703">
        <ele>18.0</ele>
      </trkpt>
      <trkpt lat="50.37704" lon="3.31748">
        <ele>18.0</ele>
      </trkpt>
      <trkpt lat="50.37724" lon="3.31757">
        <ele>18.0</ele>
      </trkpt>
      <trkpt lat="50.37742" lon="3.31756">
        <ele>18.0</ele>
      </trkpt>
      <trkpt lat="50.37798" lon="3.31746">
        <ele>18.0</ele>
      </trkpt>
      <trkpt lat="50.37854" lon="3.31737">
        <ele>18.0</ele>
      </trkpt>
      <trkpt lat="50.3789" lon="3.31723">
        <ele>18.0</ele>
      </trkpt>
      <trkpt lat="50.37936" lon="3.31711">
        <ele>17.7</ele>
      </trkpt>
      <trkpt lat="50.38014" lon="3.31702">
        <ele>16.5</ele>
      </trkpt>
      <trkpt lat="50.38093" lon="3.31694">
        <ele>17.0</ele>
      </trkpt>
      <trkpt lat="50.38171" lon="3.31685">
        <ele>17.0</ele>
      </trkpt>
      <trkpt lat="50.38237" lon="3.31674">
        <ele>17.0</ele>
      </trkpt>
      <trkpt lat="50.38303" lon="3.31663">
        <ele>17.0</ele>
      </trkpt>
      <trkpt lat="50.38323" lon="3.31657">
        <ele>16.9</ele>
      </trkpt>
      <trkpt lat="50.38346" lon="3.31646">
        <ele>16.7</ele>
      </trkpt>
      <trkpt lat="50.38372" lon="3.31639">
        <ele>16.5</ele>
      </trkpt>
      <trkpt lat="50.38461" lon="3.31626">
        <ele>16.2</ele>
      </trkpt>
      <trkpt lat="50.38549" lon="3.31613">
        <ele>16.2</ele>
      </trkpt>
      <trkpt lat="50.38588" lon="3.31611">
        <ele>16.3</ele>
      </trkpt>
      <trkpt lat="50.38602" lon="3.31614">
        <ele>16.1</ele>
      </trkpt>
      <trkpt lat="50.38616" lon="3.3162">
        <ele>15.9</ele>
      </trkpt>
      <trkpt lat="50.38666" lon="3.31649">
        <ele>15.0</ele>
      </trkpt>
      <trkpt lat="50.38715" lon="3.31677">
        <ele>15.1</ele>
      </trkpt>
      <trkpt lat="50.38736" lon="3.31681">
        <ele>15.1</ele>
      </trkpt>
      <trkpt lat="50.38797" lon="3.31682">
        <ele>15.2</ele>
      </trkpt>
      <trkpt lat="50.38859" lon="3.31683">
        <ele>14.9</ele>
      </trkpt>
      <trkpt lat="50.3892" lon="3.31685">
        <ele>14.5</ele>
      </trkpt>
      <trkpt lat="50.3894" lon="3.31683">
        <ele>14.8</ele>
      </trkpt>
      <trkpt lat="50.38978" lon="3.31669">
        <ele>15.5</ele>
      </trkpt>
      <trkpt lat="50.39059" lon="3.31647">
        <ele>16.0</ele>
      </trkpt>
      <trkpt lat="50.3914" lon="3.31625">
        <ele>15.7</ele>
      </trkpt>
      <trkpt lat="50.39221" lon="3.31604">
        <ele>17.0</ele>
      </trkpt>
      <trkpt lat="50.39302" lon="3.31582">
        <ele>16.3</ele>
      </trkpt>
      <trkpt lat="50.39356" lon="3.31564">
        <ele>15.7</ele>
      </trkpt>
      <trkpt lat="50.39361" lon="3.31562">
        <ele>15.7</ele>
      </trkpt>
      <trkpt lat="50.3937" lon="3.3156">
        <ele>15.7</ele>
      </trkpt>
      <trkpt lat="50.39375" lon="3.31558">
        <ele>15.7</ele>
      </trkpt>
      <trkpt lat="50.39386" lon="3.31636">
        <ele>16.7</ele>
      </trkpt>
      <trkpt lat="50.39428" lon="3.31743">
        <ele>16.0</ele>
      </trkpt>
      <trkpt lat="50.39435" lon="3.31766">
        <ele>16.0</ele>
      </trkpt>
      <trkpt lat="50.39437" lon="3.31781">
        <ele>16.0</ele>
      </trkpt>
      <trkpt lat="50.39444" lon="3.31849">
        <ele>16.0</ele>
      </trkpt>
      <trkpt lat="50.39443" lon="3.31869">
        <ele>16.0</ele>
      </trkpt>
      <trkpt lat="50.39435" lon="3.31913">
        <ele>16.0</ele>
      </trkpt>
      <trkpt lat="50.39419" lon="3.32042">
        <ele>16.0</ele>
      </trkpt>
      <trkpt lat="50.3941" lon="3.32084">
        <ele>16.1</ele>
      </trkpt>
      <trkpt lat="50.39396" lon="3.32171">
        <ele>17.2</ele>
      </trkpt>
      <trkpt lat="50.39368" lon="3.32276">
        <ele>17.4</ele>
      </trkpt>
      <trkpt lat="50.39358" lon="3.32333">
        <ele>17.0</ele>
      </trkpt>
      <trkpt lat="50.39356" lon="3.32371">
        <ele>17.0</ele>
      </trkpt>
      <trkpt lat="50.39356" lon="3.32412">
        <ele>17.0</ele>
      </trkpt>
      <trkpt lat="50.39362" lon="3.32472">
        <ele>16.8</ele>
      </trkpt>
      <trkpt lat="50.39368" lon="3.32511">
        <ele>16.8</ele>
      </trkpt>
      <trkpt lat="50.39386" lon="3.32603">
        <ele>17.2</ele>
      </trkpt>
      <trkpt lat="50.39404" lon="3.32677">
        <ele>17.4</ele>
      </trkpt>
      <trkpt lat="50.39422" lon="3.32733">
        <ele>17.3</ele>
      </trkpt>
      <trkpt lat="50.39424" lon="3.32749">
        <ele>17.1</ele>
      </trkpt>
      <trkpt lat="50.39429" lon="3.32752">
        <ele>17.1</ele>
      </trkpt>
      <trkpt lat="50.39432" lon="3.32758">
        <ele>17.1</ele>
      </trkpt>
      <trkpt lat="50.39446" lon="3.32804">
        <ele>16.9</ele>
      </trkpt>
      <trkpt lat="50.39453" lon="3.32814">
        <ele>17.0</ele>
      </trkpt>
      <trkpt lat="50.3946" lon="3.32816">
        <ele>17.1</ele>
      </trkpt>
      <trkpt lat="50.3954" lon="3.32801">
        <ele>18.0</ele>
      </trkpt>
      <trkpt lat="50.39621" lon="3.32786">
        <ele>17.4</ele>
      </trkpt>
      <trkpt lat="50.39624" lon="3.32862">
        <ele>16.8</ele>
      </trkpt>
      <trkpt lat="50.39628" lon="3.32937">
        <ele>16.4</ele>
      </trkpt>
      <trkpt lat="50.39633" lon="3.32976">
        <ele>16.1</ele>
      </trkpt>
      <trkpt lat="50.39639" lon="3.33009">
        <ele>16.0</ele>
      </trkpt>
      <trkpt lat="50.39665" lon="3.331">
        <ele>15.8</ele>
      </trkpt>
      <trkpt lat="50.39669" lon="3.3311">
        <ele>15.7</ele>
      </trkpt>
      <trkpt lat="50.39676" lon="3.33118">
        <ele>15.6</ele>
      </trkpt>
      <trkpt lat="50.39681" lon="3.33124">
        <ele>15.5</ele>
      </trkpt>
      <trkpt lat="50.3972" lon="3.33142">
        <ele>15.6</ele>
      </trkpt>
      <trkpt lat="50.39738" lon="3.33148">
        <ele>15.7</ele>
      </trkpt>
      <trkpt lat="50.39757" lon="3.33149">
        <ele>15.7</ele>
      </trkpt>
      <trkpt lat="50.39831" lon="3.33136">
        <ele>14.7</ele>
      </trkpt>
      <trkpt lat="50.39854" lon="3.33137">
        <ele>15.1</ele>
      </trkpt>
      <trkpt lat="50.39909" lon="3.33159">
        <ele>16.6</ele>
      </trkpt>
      <trkpt lat="50.39963" lon="3.3318">
        <ele>17.9</ele>
      </trkpt>
      <trkpt lat="50.40009" lon="3.33193">
        <ele>18.3</ele>
      </trkpt>
      <trkpt lat="50.40055" lon="3.33206">
        <ele>17.7</ele>
      </trkpt>
      <trkpt lat="50.40101" lon="3.33226">
        <ele>16.8</ele>
      </trkpt>
      <trkpt lat="50.40117" lon="3.3323">
        <ele>16.3</ele>
      </trkpt>
      <trkpt lat="50.40168" lon="3.33221">
        <ele>15.0</ele>
      </trkpt>
      <trkpt lat="50.40214" lon="3.33211">
        <ele>15.6</ele>
      </trkpt>
      <trkpt lat="50.40247" lon="3.33197">
        <ele>16.0</ele>
      </trkpt>
      <trkpt lat="50.40316" lon="3.33162">
        <ele>16.0</ele>
      </trkpt>
      <trkpt lat="50.40328" lon="3.33159">
        <ele>15.9</ele>
      </trkpt>
      <trkpt lat="50.40339" lon="3.3316">
        <ele>15.9</ele>
      </trkpt>
      <trkpt lat="50.40352" lon="3.33168">
        <ele>16.0</ele>
      </trkpt>
      <trkpt lat="50.40407" lon="3.33236">
        <ele>16.0</ele>
      </trkpt>
      <trkpt lat="50.40463" lon="3.33305">
        <ele>17.2</ele>
      </trkpt>
      <trkpt lat="50.40473" lon="3.33314">
        <ele>17.4</ele>
      </trkpt>
      <trkpt lat="50.405" lon="3.3333">
        <ele>18.1</ele>
      </trkpt>
      <trkpt lat="50.40511" lon="3.33336">
        <ele>18.1</ele>
      </trkpt>
      <trkpt lat="50.40522" lon="3.33345">
        <ele>18.1</ele>
      </trkpt>
      <trkpt lat="50.4055" lon="3.33377">
        <ele>17.8</ele>
      </trkpt>
      <trkpt lat="50.40558" lon="3.33385">
        <ele>17.6</ele>
      </trkpt>
      <trkpt lat="50.40572" lon="3.33389">
        <ele>17.6</ele>
      </trkpt>
      <trkpt lat="50.40635" lon="3.33392">
        <ele>18.0</ele>
      </trkpt>
      <trkpt lat="50.40699" lon="3.33395">
        <ele>17.9</ele>
      </trkpt>
      <trkpt lat="50.40719" lon="3.33393">
        <ele>17.7</ele>
      </trkpt>
      <trkpt lat="50.40734" lon="3.33388">
        <ele>17.5</ele>
      </trkpt>
      <trkpt lat="50.40812" lon="3.33336">
        <ele>16.5</ele>
      </trkpt>
      <trkpt lat="50.40831" lon="3.33323">
        <ele>16.2</ele>
      </trkpt>
      <trkpt lat="50.40842" lon="3.33314">
        <ele>16.3</ele>
      </trkpt>
      <trkpt lat="50.40849" lon="3.33301">
        <ele>16.4</ele>
      </trkpt>
      <trkpt lat="50.40861" lon="3.33246">
        <ele>16.7</ele>
      </trkpt>
      <trkpt lat="50.40867" lon="3.3323">
        <ele>16.6</ele>
      </trkpt>
      <trkpt lat="50.40875" lon="3.33219">
        <ele>16.5</ele>
      </trkpt>
      <trkpt lat="50.40891" lon="3.33208">
        <ele>16.3</ele>
      </trkpt>
      <trkpt lat="50.40937" lon="3.33192">
        <ele>16.5</ele>
      </trkpt>
      <trkpt lat="50.40967" lon="3.33173">
        <ele>17.2</ele>
      </trkpt>
      <trkpt lat="50.40975" lon="3.33164">
        <ele>17.4</ele>
      </trkpt>
      <trkpt lat="50.4098" lon="3.33151">
        <ele>17.4</ele>
      </trkpt>
      <trkpt lat="50.40982" lon="3.33137">
        <ele>17.4</ele>
      </trkpt>
      <trkpt lat="50.40981" lon="3.33128">
        <ele>17.3</ele>
      </trkpt>
      <trkpt lat="50.4097" lon="3.33094">
        <ele>17.0</ele>
      </trkpt>
      <trkpt lat="50.40967" lon="3.33078">
        <ele>17.0</ele>
      </trkpt>
      <trkpt lat="50.40967" lon="3.33065">
        <ele>16.9</ele>
      </trkpt>
      <trkpt lat="50.40971" lon="3.32963">
        <ele>17.1</ele>
      </trkpt>
      <trkpt lat="50.40973" lon="3.32945">
        <ele>17.4</ele>
      </trkpt>
      <trkpt lat="50.4098" lon="3.32909">
        <ele>18.1</ele>
      </trkpt>
      <trkpt lat="50.41001" lon="3.32822">
        <ele>19.0</ele>
      </trkpt>
      <trkpt lat="50.41022" lon="3.32735">
        <ele>18.7</ele>
      </trkpt>
      <trkpt lat="50.41024" lon="3.32718">
        <ele>18.7</ele>
      </trkpt>
      <trkpt lat="50.41025" lon="3.32618">
        <ele>18.1</ele>
      </trkpt>
      <trkpt lat="50.41026" lon="3.32518">
        <ele>17.7</ele>
      </trkpt>
      <trkpt lat="50.4103" lon="3.32446">
        <ele>17.0</ele>
      </trkpt>
      <trkpt lat="50.41035" lon="3.32374">
        <ele>16.6</ele>
      </trkpt>
      <trkpt lat="50.4104" lon="3.32349">
        <ele>16.5</ele>
      </trkpt>
      <trkpt lat="50.41072" lon="3.32254">
        <ele>16.8</ele>
      </trkpt>
      <trkpt lat="50.41079" lon="3.32239">
        <ele>16.9</ele>
      </trkpt>
      <trkpt lat="50.41104" lon="3.32203">
        <ele>17.0</ele>
      </trkpt>
      <trkpt lat="50.41115" lon="3.32182">
        <ele>17.0</ele>
      </trkpt>
      <trkpt lat="50.41133" lon="3.32156">
        <ele>16.9</ele>
      </trkpt>
      <trkpt lat="50.41146" lon="3.32163">
        <ele>17.0</ele>
      </trkpt>
      <trkpt lat="50.41153" lon="3.32155">
        <ele>16.9</ele>
      </trkpt>
      <trkpt lat="50.41161" lon="3.32151">
        <ele>16.8</ele>
      </trkpt>
      <trkpt lat="50.41195" lon="3.32137">
        <ele>16.4</ele>
      </trkpt>
      <trkpt lat="50.41204" lon="3.32128">
        <ele>16.3</ele>
      </trkpt>
      <trkpt lat="50.41257" lon="3.32013">
        <ele>16.0</ele>
      </trkpt>
      <trkpt lat="50.41309" lon="3.31899">
        <ele>15.3</ele>
      </trkpt>
      <trkpt lat="50.41361" lon="3.31784">
        <ele>15.6</ele>
      </trkpt>
      <trkpt lat="50.41366" lon="3.31769">
        <ele>15.8</ele>
      </trkpt>
      <trkpt lat="50.41368" lon="3.31752">
        <ele>16.0</ele>
      </trkpt>
      <trkpt lat="50.41368" lon="3.3167">
        <ele>16.4</ele>
      </trkpt>
      <trkpt lat="50.41391" lon="3.31657">
        <ele>16.6</ele>
      </trkpt>
      <trkpt lat="50.41421" lon="3.31632">
        <ele>16.5</ele>
      </trkpt>
      <trkpt lat="50.41432" lon="3.31628">
        <ele>16.4</ele>
      </trkpt>
      <trkpt lat="50.41465" lon="3.31625">
        <ele>15.9</ele>
      </trkpt>
      <trkpt lat="50.41511" lon="3.31606">
        <ele>15.3</ele>
      </trkpt>
      <trkpt lat="50.41523" lon="3.31607">
        <ele>15.3</ele>
      </trkpt>
      <trkpt lat="50.41583" lon="3.31626">
        <ele>15.5</ele>
      </trkpt>
      <trkpt lat="50.41621" lon="3.31643">
        <ele>15.4</ele>
      </trkpt>
      <trkpt lat="50.41634" lon="3.31651">
        <ele>15.3</ele>
      </trkpt>
      <trkpt lat="50.41694" lon="3.31688">
        <ele>15.0</ele>
      </trkpt>
      <trkpt lat="50.41753" lon="3.31726">
        <ele>15.0</ele>
      </trkpt>
      <trkpt lat="50.41812" lon="3.31763">
        <ele>15.0</ele>
      </trkpt>
      <trkpt lat="50.41844" lon="3.31786">
        <ele>14.9</ele>
      </trkpt>
      <trkpt lat="50.41896" lon="3.31834">
        <ele>14.2</ele>
      </trkpt>
      <trkpt lat="50.41949" lon="3.31882">
        <ele>14.4</ele>
      </trkpt>
      <trkpt lat="50.42001" lon="3.3193">
        <ele>15.0</ele>
      </trkpt>
      <trkpt lat="50.42052" lon="3.31983">
        <ele>15.0</ele>
      </trkpt>
      <trkpt lat="50.42103" lon="3.32036">
        <ele>15.2</ele>
      </trkpt>
      <trkpt lat="50.42107" lon="3.32042">
        <ele>15.3</ele>
      </trkpt>
      <trkpt lat="50.4211" lon="3.32051">
        <ele>15.3</ele>
      </trkpt>
      <trkpt lat="50.42117" lon="3.3206">
        <ele>15.4</ele>
      </trkpt>
      <trkpt lat="50.42132" lon="3.32073">
        <ele>15.6</ele>
      </trkpt>
      <trkpt lat="50.42173" lon="3.32102">
        <ele>15.8</ele>
      </trkpt>
      <trkpt lat="50.42215" lon="3.32132">
        <ele>15.4</ele>
      </trkpt>
      <trkpt lat="50.42261" lon="3.3216">
        <ele>15.1</ele>
      </trkpt>
      <trkpt lat="50.42307" lon="3.32188">
        <ele>15.0</ele>
      </trkpt>
      <trkpt lat="50.42317" lon="3.32191">
        <ele>15.0</ele>
      </trkpt>
      <trkpt lat="50.42325" lon="3.32191">
        <ele>15.0</ele>
      </trkpt>
      <trkpt lat="50.4239" lon="3.32165">
        <ele>15.0</ele>
      </trkpt>
      <trkpt lat="50.42408" lon="3.32163">
        <ele>15.1</ele>
      </trkpt>
      <trkpt lat="50.42417" lon="3.32166">
        <ele>15.0</ele>
      </trkpt>
      <trkpt lat="50.42462" lon="3.32202">
        <ele>15.5</ele>
      </trkpt>
      <trkpt lat="50.42508" lon="3.32238">
        <ele>15.9</ele>
      </trkpt>
      <trkpt lat="50.4254" lon="3.32261">
        <ele>15.5</ele>
      </trkpt>
      <trkpt lat="50.42556" lon="3.32265">
        <ele>15.3</ele>
      </trkpt>
      <trkpt lat="50.42593" lon="3.32264">
        <ele>15.0</ele>
      </trkpt>
      <trkpt lat="50.42603" lon="3.32267">
        <ele>15.0</ele>
      </trkpt>
      <trkpt lat="50.4261" lon="3.32272">
        <ele>15.1</ele>
      </trkpt>
      <trkpt lat="50.42619" lon="3.32287">
        <ele>15.2</ele>
      </trkpt>
      <trkpt lat="50.42653" lon="3.32358">
        <ele>15.8</ele>
      </trkpt>
      <trkpt lat="50.42686" lon="3.3243">
        <ele>15.8</ele>
      </trkpt>
      <trkpt lat="50.42693" lon="3.32441">
        <ele>15.7</ele>
      </trkpt>
      <trkpt lat="50.42711" lon="3.32464">
        <ele>15.4</ele>
      </trkpt>
      <trkpt lat="50.42756" lon="3.3251">
        <ele>15.0</ele>
      </trkpt>
      <trkpt lat="50.42803" lon="3.32559">
        <ele>15.0</ele>
      </trkpt>
      <trkpt lat="50.42824" lon="3.32573">
        <ele>15.0</ele>
      </trkpt>
      <trkpt lat="50.42843" lon="3.3258">
        <ele>15.1</ele>
      </trkpt>
      <trkpt lat="50.42866" lon="3.32582">
        <ele>15.4</ele>
      </trkpt>
      <trkpt lat="50.42887" lon="3.3258">
        <ele>15.6</ele>
      </trkpt>
      <trkpt lat="50.42903" lon="3.32576">
        <ele>15.8</ele>
      </trkpt>
      <trkpt lat="50.42916" lon="3.32568">
        <ele>16.0</ele>
      </trkpt>
      <trkpt lat="50.4293" lon="3.32552">
        <ele>16.2</ele>
      </trkpt>
      <trkpt lat="50.42956" lon="3.32505">
        <ele>16.5</ele>
      </trkpt>
      <trkpt lat="50.42962" lon="3.32494">
        <ele>16.5</ele>
      </trkpt>
      <trkpt lat="50.42966" lon="3.3249">
        <ele>16.6</ele>
      </trkpt>
      <trkpt lat="50.4297" lon="3.32489">
        <ele>16.6</ele>
      </trkpt>
      <trkpt lat="50.4298" lon="3.32493">
        <ele>16.7</ele>
      </trkpt>
      <trkpt lat="50.42993" lon="3.32506">
        <ele>16.9</ele>
      </trkpt>
      <trkpt lat="50.43004" lon="3.32506">
        <ele>17.1</ele>
      </trkpt>
      <trkpt lat="50.43011" lon="3.32502">
        <ele>17.1</ele>
      </trkpt>
      <trkpt lat="50.43032" lon="3.32482">
        <ele>17.3</ele>
      </trkpt>
      <trkpt lat="50.43038" lon="3.32479">
        <ele>17.3</ele>
      </trkpt>
      <trkpt lat="50.43044" lon="3.32479">
        <ele>17.4</ele>
      </trkpt>
      <trkpt lat="50.43067" lon="3.32496">
        <ele>17.8</ele>
      </trkpt>
      <trkpt lat="50.43093" lon="3.32526">
        <ele>18.4</ele>
      </trkpt>
      <trkpt lat="50.43104" lon="3.32534">
        <ele>18.6</ele>
      </trkpt>
      <trkpt lat="50.43133" lon="3.32539">
        <ele>18.8</ele>
      </trkpt>
      <trkpt lat="50.43147" lon="3.32538">
        <ele>18.9</ele>
      </trkpt>
      <trkpt lat="50.4316" lon="3.32534">
        <ele>19.0</ele>
      </trkpt>
      <trkpt lat="50.43161" lon="3.32536">
        <ele>19.0</ele>
      </trkpt>
      <trkpt lat="50.43158" lon="3.32522">
        <ele>18.9</ele>
      </trkpt>
      <trkpt lat="50.43157" lon="3.32511">
        <ele>18.9</ele>
      </trkpt>
      <trkpt lat="50.43161" lon="3.32436">
        <ele>18.2</ele>
      </trkpt>
      <trkpt lat="50.43165" lon="3.32361">
        <ele>18.0</ele>
      </trkpt>
      <trkpt lat="50.43165" lon="3.32309">
        <ele>18.0</ele>
      </trkpt>
      <trkpt lat="50.43162" lon="3.32262">
        <ele>18.0</ele>
      </trkpt>
      <trkpt lat="50.43153" lon="3.32157">
        <ele>17.8</ele>
      </trkpt>
      <trkpt lat="50.43143" lon="3.32053">
        <ele>17.7</ele>
      </trkpt>
      <trkpt lat="50.43134" lon="3.31957">
        <ele>17.6</ele>
      </trkpt>
      <trkpt lat="50.43123" lon="3.31877">
        <ele>17.5</ele>
      </trkpt>
      <trkpt lat="50.43111" lon="3.31797">
        <ele>17.2</ele>
      </trkpt>
      <trkpt lat="50.43135" lon="3.31773">
        <ele>17.2</ele>
      </trkpt>
      <trkpt lat="50.43178" lon="3.31744">
        <ele>17.0</ele>
      </trkpt>
      <trkpt lat="50.43198" lon="3.31734">
        <ele>17.0</ele>
      </trkpt>
      <trkpt lat="50.43265" lon="3.31711">
        <ele>17.0</ele>
      </trkpt>
      <trkpt lat="50.43303" lon="3.317">
        <ele>17.0</ele>
      </trkpt>
      <trkpt lat="50.4335" lon="3.3169">
        <ele>17.2</ele>
      </trkpt>
      <trkpt lat="50.43414" lon="3.31675">
        <ele>18.0</ele>
      </trkpt>
      <trkpt lat="50.43478" lon="3.31661">
        <ele>18.0</ele>
      </trkpt>
      <trkpt lat="50.43485" lon="3.31661">
        <ele>18.0</ele>
      </trkpt>
      <trkpt lat="50.4349" lon="3.31664">
        <ele>18.0</ele>
      </trkpt>
      <trkpt lat="50.43496" lon="3.31678">
        <ele>18.0</ele>
      </trkpt>
      <trkpt lat="50.43524" lon="3.31808">
        <ele>17.5</ele>
      </trkpt>
      <trkpt lat="50.4353" lon="3.31821">
        <ele>17.5</ele>
      </trkpt>
      <trkpt lat="50.43537" lon="3.31826">
        <ele>17.5</ele>
      </trkpt>
      <trkpt lat="50.43621" lon="3.31847">
        <ele>18.0</ele>
      </trkpt>
      <trkpt lat="50.43705" lon="3.31868">
        <ele>18.0</ele>
      </trkpt>
      <trkpt lat="50.43788" lon="3.31889">
        <ele>17.5</ele>
      </trkpt>
      <trkpt lat="50.43872" lon="3.31911">
        <ele>17.0</ele>
      </trkpt>
      <trkpt lat="50.43956" lon="3.31932">
        <ele>17.6</ele>
      </trkpt>
      <trkpt lat="50.44043" lon="3.31955">
        <ele>17.5</ele>
      </trkpt>
      <trkpt lat="50.44131" lon="3.31978">
        <ele>17.0</ele>
      </trkpt>
      <trkpt lat="50.44128" lon="3.31977">
        <ele>17.0</ele>
      </trkpt>
      <trkpt lat="50.44174" lon="3.3199">
        <ele>16.9</ele>
      </trkpt>
      <trkpt lat="50.44219" lon="3.32002">
        <ele>16.4</ele>
      </trkpt>
      <trkpt lat="50.44227" lon="3.32002">
        <ele>16.3</ele>
      </trkpt>
      <trkpt lat="50.44233" lon="3.31998">
        <ele>16.2</ele>
      </trkpt>
      <trkpt lat="50.44289" lon="3.31928">
        <ele>16.9</ele>
      </trkpt>
      <trkpt lat="50.44345" lon="3.31858">
        <ele>17.0</ele>
      </trkpt>
      <trkpt lat="50.44401" lon="3.31788">
        <ele>17.1</ele>
      </trkpt>
      <trkpt lat="50.44457" lon="3.31718">
        <ele>17.0</ele>
      </trkpt>
      <trkpt lat="50.44475" lon="3.31701">
        <ele>17.0</ele>
      </trkpt>
      <trkpt lat="50.44505" lon="3.31681">
        <ele>17.1</ele>
      </trkpt>
      <trkpt lat="50.44511" lon="3.31677">
        <ele>17.2</ele>
      </trkpt>
      <trkpt lat="50.44521" lon="3.31675">
        <ele>17.5</ele>
      </trkpt>
      <trkpt lat="50.44555" lon="3.31803">
        <ele>17.2</ele>
      </trkpt>
      <trkpt lat="50.44566" lon="3.31853">
        <ele>17.0</ele>
      </trkpt>
      <trkpt lat="50.44569" lon="3.31884">
        <ele>17.0</ele>
      </trkpt>
      <trkpt lat="50.44571" lon="3.31965">
        <ele>17.5</ele>
      </trkpt>
      <trkpt lat="50.44573" lon="3.31991">
        <ele>17.8</ele>
      </trkpt>
      <trkpt lat="50.44582" lon="3.32016">
        <ele>18.0</ele>
      </trkpt>
      <trkpt lat="50.44614" lon="3.32103">
        <ele>17.8</ele>
      </trkpt>
      <trkpt lat="50.44624" lon="3.32124">
        <ele>17.5</ele>
      </trkpt>
      <trkpt lat="50.44635" lon="3.3214">
        <ele>17.3</ele>
      </trkpt>
      <trkpt lat="50.44662" lon="3.32159">
        <ele>17.1</ele>
      </trkpt>
      <trkpt lat="50.4471" lon="3.32182">
        <ele>17.5</ele>
      </trkpt>
      <trkpt lat="50.4472" lon="3.32189">
        <ele>17.6</ele>
      </trkpt>
      <trkpt lat="50.44752" lon="3.32234">
        <ele>18.0</ele>
      </trkpt>
      <trkpt lat="50.44792" lon="3.32287">
        <ele>17.6</ele>
      </trkpt>
      <trkpt lat="50.44832" lon="3.3234">
        <ele>16.9</ele>
      </trkpt>
      <trkpt lat="50.4485" lon="3.32353">
        <ele>16.8</ele>
      </trkpt>
      <trkpt lat="50.44896" lon="3.32373">
        <ele>16.9</ele>
      </trkpt>
      <trkpt lat="50.44926" lon="3.32394">
        <ele>17.0</ele>
      </trkpt>
      <trkpt lat="50.44952" lon="3.32417">
        <ele>17.0</ele>
      </trkpt>
      <trkpt lat="50.45009" lon="3.32478">
        <ele>17.8</ele>
      </trkpt>
      <trkpt lat="50.45024" lon="3.32496">
        <ele>18.2</ele>
      </trkpt>
      <trkpt lat="50.45028" lon="3.32503">
        <ele>18.3</ele>
      </trkpt>
      <trkpt lat="50.45031" lon="3.32512">
        <ele>18.4</ele>
      </trkpt>
      <trkpt lat="50.4504" lon="3.32512">
        <ele>18.5</ele>
      </trkpt>
      <trkpt lat="50.45052" lon="3.32523">
        <ele>18.6</ele>
      </trkpt>
      <trkpt lat="50.45088" lon="3.32579">
        <ele>19.0</ele>
      </trkpt>
      <trkpt lat="50.45091" lon="3.32582">
        <ele>19.0</ele>
      </trkpt>
      <trkpt lat="50.45092" lon="3.32584">
        <ele>19.0</ele>
      </trkpt>
      <trkpt lat="50.45114" lon="3.32485">
        <ele>19.0</ele>
      </trkpt>
      <trkpt lat="50.45131" lon="3.32385">
        <ele>19.0</ele>
      </trkpt>
      <trkpt lat="50.45157" lon="3.32257">
        <ele>18.8</ele>
      </trkpt>
      <trkpt lat="50.45184" lon="3.3213">
        <ele>18.7</ele>
      </trkpt>
      <trkpt lat="50.45211" lon="3.32002">
        <ele>18.5</ele>
      </trkpt>
      <trkpt lat="50.45238" lon="3.31875">
        <ele>18.1</ele>
      </trkpt>
      <trkpt lat="50.45264" lon="3.31748">
        <ele>19.0</ele>
      </trkpt>
      <trkpt lat="50.45291" lon="3.3162">
        <ele>19.3</ele>
      </trkpt>
      <trkpt lat="50.45318" lon="3.31493">
        <ele>19.1</ele>
      </trkpt>
      <trkpt lat="50.45344" lon="3.31366">
        <ele>18.1</ele>
      </trkpt>
      <trkpt lat="50.45371" lon="3.31238">
        <ele>19.5</ele>
      </trkpt>
      <trkpt lat="50.45396" lon="3.3112">
        <ele>20.4</ele>
      </trkpt>
      <trkpt lat="50.4542" lon="3.31003">
        <ele>20.9</ele>
      </trkpt>
      <trkpt lat="50.45445" lon="3.30885">
        <ele>19.7</ele>
      </trkpt>
      <trkpt lat="50.4547" lon="3.30767">
        <ele>19.6</ele>
      </trkpt>
      <trkpt lat="50.45494" lon="3.30652">
        <ele>19.9</ele>
      </trkpt>
      <trkpt lat="50.45519" lon="3.30561">
        <ele>20.2</ele>
      </trkpt>
      <trkpt lat="50.4555" lon="3.30454">
        <ele>20.9</ele>
      </trkpt>
      <trkpt lat="50.45582" lon="3.30347">
        <ele>22.0</ele>
      </trkpt>
      <trkpt lat="50.45613" lon="3.3024">
        <ele>21.7</ele>
      </trkpt>
      <trkpt lat="50.45636" lon="3.30161">
        <ele>22.0</ele>
      </trkpt>
      <trkpt lat="50.45659" lon="3.30082">
        <ele>22.8</ele>
      </trkpt>
      <trkpt lat="50.45696" lon="3.29955">
        <ele>21.6</ele>
      </trkpt>
      <trkpt lat="50.45733" lon="3.29829">
        <ele>22.7</ele>
      </trkpt>
      <trkpt lat="50.45743" lon="3.29781">
        <ele>22.3</ele>
      </trkpt>
      <trkpt lat="50.4575" lon="3.29734">
        <ele>21.8</ele>
      </trkpt>
      <trkpt lat="50.45755" lon="3.29693">
        <ele>21.2</ele>
      </trkpt>
      <trkpt lat="50.45757" lon="3.29652">
        <ele>20.8</ele>
      </trkpt>
      <trkpt lat="50.45753" lon="3.29554">
        <ele>20.0</ele>
      </trkpt>
      <trkpt lat="50.45747" lon="3.2948">
        <ele>20.3</ele>
      </trkpt>
      <trkpt lat="50.45752" lon="3.29419">
        <ele>21.0</ele>
      </trkpt>
      <trkpt lat="50.45761" lon="3.29367">
        <ele>21.5</ele>
      </trkpt>
      <trkpt lat="50.45788" lon="3.29239">
        <ele>21.5</ele>
      </trkpt>
      <trkpt lat="50.45815" lon="3.29111">
        <ele>22.3</ele>
      </trkpt>
      <trkpt lat="50.45842" lon="3.28983">
        <ele>22.8</ele>
      </trkpt>
      <trkpt lat="50.45869" lon="3.28855">
        <ele>22.0</ele>
      </trkpt>
      <trkpt lat="50.45872" lon="3.28834">
        <ele>22.0</ele>
      </trkpt>
      <trkpt lat="50.45875" lon="3.28806">
        <ele>22.3</ele>
      </trkpt>
      <trkpt lat="50.45891" lon="3.28722">
        <ele>23.2</ele>
      </trkpt>
      <trkpt lat="50.45898" lon="3.28702">
        <ele>23.4</ele>
      </trkpt>
      <trkpt lat="50.45924" lon="3.28654">
        <ele>23.9</ele>
      </trkpt>
      <trkpt lat="50.45931" lon="3.28636">
        <ele>23.9</ele>
      </trkpt>
      <trkpt lat="50.45918" lon="3.28624">
        <ele>24.0</ele>
      </trkpt>
      <trkpt lat="50.45888" lon="3.28587">
        <ele>23.7</ele>
      </trkpt>
      <trkpt lat="50.4586" lon="3.28566">
        <ele>23.3</ele>
      </trkpt>
      <trkpt lat="50.45804" lon="3.28501">
        <ele>22.6</ele>
      </trkpt>
      <trkpt lat="50.45769" lon="3.28454">
        <ele>22.8</ele>
      </trkpt>
      <trkpt lat="50.45734" lon="3.28408">
        <ele>22.8</ele>
      </trkpt>
      <trkpt lat="50.45724" lon="3.28393">
        <ele>22.7</ele>
      </trkpt>
      <trkpt lat="50.45714" lon="3.28375">
        <ele>22.6</ele>
      </trkpt>
      <trkpt lat="50.45713" lon="3.28366">
        <ele>22.6</ele>
      </trkpt>
      <trkpt lat="50.45741" lon="3.28246">
        <ele>22.0</ele>
      </trkpt>
      <trkpt lat="50.4575" lon="3.28229">
        <ele>22.0</ele>
      </trkpt>
      <trkpt lat="50.45768" lon="3.28279">
        <ele>22.6</ele>
      </trkpt>
      <trkpt lat="50.45787" lon="3.28307">
        <ele>23.1</ele>
      </trkpt>
      <trkpt lat="50.45813" lon="3.28337">
        <ele>23.8</ele>
      </trkpt>
      <trkpt lat="50.4584" lon="3.28359">
        <ele>24.0</ele>
      </trkpt>
      <trkpt lat="50.45891" lon="3.28394">
        <ele>24.0</ele>
      </trkpt>
      <trkpt lat="50.45915" lon="3.28405">
        <ele>24.0</ele>
      </trkpt>
      <trkpt lat="50.45957" lon="3.28418">
        <ele>24.0</ele>
      </trkpt>
      <trkpt lat="50.45963" lon="3.28365">
        <ele>24.0</ele>
      </trkpt>
      <trkpt lat="50.45978" lon="3.28304">
        <ele>23.9</ele>
      </trkpt>
      <trkpt lat="50.45976" lon="3.28297">
        <ele>23.9</ele>
      </trkpt>
      <trkpt lat="50.45993" lon="3.28229">
        <ele>23.9</ele>
      </trkpt>
      <trkpt lat="50.4601" lon="3.28162">
        <ele>23.9</ele>
      </trkpt>
      <trkpt lat="50.46004" lon="3.28154">
        <ele>24.1</ele>
      </trkpt>
      <trkpt lat="50.46" lon="3.28144">
        <ele>24.3</ele>
      </trkpt>
      <trkpt lat="50.45964" lon="3.2803">
        <ele>23.7</ele>
      </trkpt>
      <trkpt lat="50.45937" lon="3.27958">
        <ele>23.0</ele>
      </trkpt>
      <trkpt lat="50.45938" lon="3.27953">
        <ele>23.0</ele>
      </trkpt>
      <trkpt lat="50.45938" lon="3.27944">
        <ele>23.1</ele>
      </trkpt>
      <trkpt lat="50.45932" lon="3.27923">
        <ele>23.1</ele>
      </trkpt>
      <trkpt lat="50.45903" lon="3.27829">
        <ele>23.2</ele>
      </trkpt>
      <trkpt lat="50.45873" lon="3.27734">
        <ele>23.5</ele>
      </trkpt>
      <trkpt lat="50.45868" lon="3.27713">
        <ele>23.4</ele>
      </trkpt>
      <trkpt lat="50.45864" lon="3.27688">
        <ele>23.4</ele>
      </trkpt>
      <trkpt lat="50.45854" lon="3.27595">
        <ele>24.1</ele>
      </trkpt>
      <trkpt lat="50.45844" lon="3.27502">
        <ele>24.1</ele>
      </trkpt>
      <trkpt lat="50.45832" lon="3.27409">
        <ele>25.1</ele>
      </trkpt>
      <trkpt lat="50.45831" lon="3.27392">
        <ele>25.3</ele>
      </trkpt>
      <trkpt lat="50.45834" lon="3.27369">
        <ele>25.6</ele>
      </trkpt>
      <trkpt lat="50.45856" lon="3.27273">
        <ele>26.7</ele>
      </trkpt>
      <trkpt lat="50.45873" lon="3.27186">
        <ele>27.4</ele>
      </trkpt>
      <trkpt lat="50.45891" lon="3.27099">
        <ele>27.1</ele>
      </trkpt>
      <trkpt lat="50.45917" lon="3.26983">
        <ele>27.2</ele>
      </trkpt>
      <trkpt lat="50.45943" lon="3.26867">
        <ele>27.4</ele>
      </trkpt>
      <trkpt lat="50.45947" lon="3.26855">
        <ele>27.3</ele>
      </trkpt>
      <trkpt lat="50.45952" lon="3.26842">
        <ele>27.2</ele>
      </trkpt>
      <trkpt lat="50.45974" lon="3.26813">
        <ele>27.0</ele>
      </trkpt>
      <trkpt lat="50.45979" lon="3.26804">
        <ele>27.0</ele>
      </trkpt>
      <trkpt lat="50.46005" lon="3.26712">
        <ele>28.9</ele>
      </trkpt>
      <trkpt lat="50.46031" lon="3.26619">
        <ele>29.6</ele>
      </trkpt>
      <trkpt lat="50.46058" lon="3.26526">
        <ele>28.9</ele>
      </trkpt>
      <trkpt lat="50.46087" lon="3.26449">
        <ele>27.9</ele>
      </trkpt>
      <trkpt lat="50.46116" lon="3.26371">
        <ele>27.2</ele>
      </trkpt>
      <trkpt lat="50.46142" lon="3.26296">
        <ele>27.0</ele>
      </trkpt>
      <trkpt lat="50.46171" lon="3.26233">
        <ele>26.9</ele>
      </trkpt>
      <trkpt lat="50.46181" lon="3.26211">
        <ele>26.7</ele>
      </trkpt>
      <trkpt lat="50.46203" lon="3.2618">
        <ele>26.1</ele>
      </trkpt>
      <trkpt lat="50.46248" lon="3.2612">
        <ele>25.6</ele>
      </trkpt>
      <trkpt lat="50.46298" lon="3.26049">
        <ele>26.0</ele>
      </trkpt>
      <trkpt lat="50.46313" lon="3.26028">
        <ele>26.0</ele>
      </trkpt>
      <trkpt lat="50.46361" lon="3.2597">
        <ele>25.2</ele>
      </trkpt>
      <trkpt lat="50.46409" lon="3.25913">
        <ele>25.0</ele>
      </trkpt>
      <trkpt lat="50.4644" lon="3.25878">
        <ele>25.3</ele>
      </trkpt>
      <trkpt lat="50.46476" lon="3.25842">
        <ele>25.7</ele>
      </trkpt>
      <trkpt lat="50.46497" lon="3.25832">
        <ele>26.0</ele>
      </trkpt>
      <trkpt lat="50.46553" lon="3.25821">
        <ele>26.8</ele>
      </trkpt>
      <trkpt lat="50.46608" lon="3.25811">
        <ele>27.0</ele>
      </trkpt>
      <trkpt lat="50.46622" lon="3.25802">
        <ele>26.9</ele>
      </trkpt>
      <trkpt lat="50.4664" lon="3.25784">
        <ele>26.9</ele>
      </trkpt>
      <trkpt lat="50.46665" lon="3.25752">
        <ele>27.0</ele>
      </trkpt>
      <trkpt lat="50.46687" lon="3.2566">
        <ele>28.4</ele>
      </trkpt>
      <trkpt lat="50.46693" lon="3.25649">
        <ele>28.6</ele>
      </trkpt>
      <trkpt lat="50.46705" lon="3.25598">
        <ele>29.3</ele>
      </trkpt>
      <trkpt lat="50.46704" lon="3.25587">
        <ele>29.5</ele>
      </trkpt>
      <trkpt lat="50.46721" lon="3.25525">
        <ele>29.6</ele>
      </trkpt>
      <trkpt lat="50.46728" lon="3.25514">
        <ele>29.5</ele>
      </trkpt>
      <trkpt lat="50.46745" lon="3.25448">
        <ele>29.7</ele>
      </trkpt>
      <trkpt lat="50.46753" lon="3.25447">
        <ele>29.6</ele>
      </trkpt>
      <trkpt lat="50.46765" lon="3.25404">
        <ele>30.1</ele>
      </trkpt>
      <trkpt lat="50.4679" lon="3.25342">
        <ele>30.5</ele>
      </trkpt>
      <trkpt lat="50.46821" lon="3.25251">
        <ele>30.1</ele>
      </trkpt>
      <trkpt lat="50.46845" lon="3.25198">
        <ele>30.2</ele>
      </trkpt>
      <trkpt lat="50.46873" lon="3.2514">
        <ele>30.8</ele>
      </trkpt>
      <trkpt lat="50.469" lon="3.25081">
        <ele>31.8</ele>
      </trkpt>
      <trkpt lat="50.46936" lon="3.25007">
        <ele>32.0</ele>
      </trkpt>
      <trkpt lat="50.46951" lon="3.2498">
        <ele>32.2</ele>
      </trkpt>
      <trkpt lat="50.4697" lon="3.24953">
        <ele>32.6</ele>
      </trkpt>
      <trkpt lat="50.47008" lon="3.24914">
        <ele>33.2</ele>
      </trkpt>
      <trkpt lat="50.47029" lon="3.24886">
        <ele>33.7</ele>
      </trkpt>
      <trkpt lat="50.47065" lon="3.24826">
        <ele>34.6</ele>
      </trkpt>
      <trkpt lat="50.47131" lon="3.24872">
        <ele>34.4</ele>
      </trkpt>
      <trkpt lat="50.47148" lon="3.24873">
        <ele>34.2</ele>
      </trkpt>
      <trkpt lat="50.47159" lon="3.24865">
        <ele>34.1</ele>
      </trkpt>
      <trkpt lat="50.4721" lon="3.24817">
        <ele>33.7</ele>
      </trkpt>
      <trkpt lat="50.47263" lon="3.24754">
        <ele>33.8</ele>
      </trkpt>
      <trkpt lat="50.47316" lon="3.24691">
        <ele>33.8</ele>
      </trkpt>
      <trkpt lat="50.47369" lon="3.24628">
        <ele>34.7</ele>
      </trkpt>
      <trkpt lat="50.47374" lon="3.24621">
        <ele>34.8</ele>
      </trkpt>
      <trkpt lat="50.47392" lon="3.24608">
        <ele>35.2</ele>
      </trkpt>
      <trkpt lat="50.47434" lon="3.24581">
        <ele>36.0</ele>
      </trkpt>
      <trkpt lat="50.47474" lon="3.24547">
        <ele>36.4</ele>
      </trkpt>
      <trkpt lat="50.47487" lon="3.24527">
        <ele>36.7</ele>
      </trkpt>
      <trkpt lat="50.47514" lon="3.24475">
        <ele>37.2</ele>
      </trkpt>
      <trkpt lat="50.47518" lon="3.24464">
        <ele>37.3</ele>
      </trkpt>
      <trkpt lat="50.47521" lon="3.24448">
        <ele>37.5</ele>
      </trkpt>
      <trkpt lat="50.4752" lon="3.24417">
        <ele>37.8</ele>
      </trkpt>
      <trkpt lat="50.47521" lon="3.2441">
        <ele>37.8</ele>
      </trkpt>
      <trkpt lat="50.47525" lon="3.24403">
        <ele>37.8</ele>
      </trkpt>
      <trkpt lat="50.47534" lon="3.24393">
        <ele>37.8</ele>
      </trkpt>
      <trkpt lat="50.47569" lon="3.24337">
        <ele>37.3</ele>
      </trkpt>
      <trkpt lat="50.47581" lon="3.24326">
        <ele>37.1</ele>
      </trkpt>
      <trkpt lat="50.47612" lon="3.24305">
        <ele>36.7</ele>
      </trkpt>
      <trkpt lat="50.4764" lon="3.24265">
        <ele>36.3</ele>
      </trkpt>
      <trkpt lat="50.47688" lon="3.2421">
        <ele>36.0</ele>
      </trkpt>
      <trkpt lat="50.47736" lon="3.24154">
        <ele>36.0</ele>
      </trkpt>
      <trkpt lat="50.47772" lon="3.24116">
        <ele>35.6</ele>
      </trkpt>
      <trkpt lat="50.47797" lon="3.24094">
        <ele>34.9</ele>
      </trkpt>
      <trkpt lat="50.47808" lon="3.24105">
        <ele>34.8</ele>
      </trkpt>
      <trkpt lat="50.47824" lon="3.24094">
        <ele>34.3</ele>
      </trkpt>
      <trkpt lat="50.47823" lon="3.24083">
        <ele>34.2</ele>
      </trkpt>
      <trkpt lat="50.47825" lon="3.24073">
        <ele>34.2</ele>
      </trkpt>
      <trkpt lat="50.47829" lon="3.24062">
        <ele>34.1</ele>
      </trkpt>
      <trkpt lat="50.47827" lon="3.24057">
        <ele>34.2</ele>
      </trkpt>
      <trkpt lat="50.47824" lon="3.24051">
        <ele>34.2</ele>
      </trkpt>
      <trkpt lat="50.47811" lon="3.24041">
        <ele>34.5</ele>
      </trkpt>
      <trkpt lat="50.47759" lon="3.23937">
        <ele>35.9</ele>
      </trkpt>
      <trkpt lat="50.47726" lon="3.23876">
        <ele>35.7</ele>
      </trkpt>
      <trkpt lat="50.47692" lon="3.23816">
        <ele>35.2</ele>
      </trkpt>
      <trkpt lat="50.47643" lon="3.23708">
        <ele>35.9</ele>
      </trkpt>
      <trkpt lat="50.47594" lon="3.236">
        <ele>37.0</ele>
      </trkpt>
      <trkpt lat="50.47592" lon="3.2359">
        <ele>37.0</ele>
      </trkpt>
      <trkpt lat="50.47592" lon="3.2358">
        <ele>36.9</ele>
      </trkpt>
      <trkpt lat="50.47597" lon="3.23569">
        <ele>36.9</ele>
      </trkpt>
      <trkpt lat="50.4759" lon="3.23546">
        <ele>37.0</ele>
      </trkpt>
      <trkpt lat="50.47585" lon="3.23548">
        <ele>37.0</ele>
      </trkpt>
      <trkpt lat="50.47569" lon="3.2354">
        <ele>37.2</ele>
      </trkpt>
      <trkpt lat="50.47556" lon="3.23544">
        <ele>37.3</ele>
      </trkpt>
      <trkpt lat="50.47547" lon="3.23542">
        <ele>37.4</ele>
      </trkpt>
      <trkpt lat="50.47522" lon="3.23519">
        <ele>37.7</ele>
      </trkpt>
      <trkpt lat="50.4745" lon="3.23457">
        <ele>38.2</ele>
      </trkpt>
      <trkpt lat="50.47409" lon="3.23415">
        <ele>39.1</ele>
      </trkpt>
      <trkpt lat="50.47362" lon="3.23359">
        <ele>39.9</ele>
      </trkpt>
      <trkpt lat="50.47346" lon="3.23336">
        <ele>40.0</ele>
      </trkpt>
      <trkpt lat="50.47331" lon="3.23303">
        <ele>40.8</ele>
      </trkpt>
      <trkpt lat="50.47324" lon="3.23291">
        <ele>41.2</ele>
      </trkpt>
      <trkpt lat="50.47316" lon="3.23257">
        <ele>41.9</ele>
      </trkpt>
      <trkpt lat="50.47316" lon="3.23237">
        <ele>42.1</ele>
      </trkpt>
      <trkpt lat="50.47317" lon="3.23233">
        <ele>42.1</ele>
      </trkpt>
      <trkpt lat="50.47337" lon="3.23205">
        <ele>42.5</ele>
      </trkpt>
      <trkpt lat="50.47327" lon="3.2317">
        <ele>42.8</ele>
      </trkpt>
      <trkpt lat="50.47306" lon="3.23081">
        <ele>42.0</ele>
      </trkpt>
      <trkpt lat="50.47286" lon="3.22992">
        <ele>42.7</ele>
      </trkpt>
      <trkpt lat="50.47265" lon="3.22902">
        <ele>44.7</ele>
      </trkpt>
      <trkpt lat="50.47262" lon="3.2288">
        <ele>45.3</ele>
      </trkpt>
      <trkpt lat="50.47261" lon="3.22865">
        <ele>45.7</ele>
      </trkpt>
      <trkpt lat="50.47267" lon="3.22812">
        <ele>45.8</ele>
      </trkpt>
      <trkpt lat="50.47299" lon="3.22694">
        <ele>44.6</ele>
      </trkpt>
      <trkpt lat="50.47331" lon="3.22575">
        <ele>45.0</ele>
      </trkpt>
      <trkpt lat="50.47356" lon="3.22476">
        <ele>43.7</ele>
      </trkpt>
      <trkpt lat="50.47377" lon="3.22394">
        <ele>42.4</ele>
      </trkpt>
      <trkpt lat="50.47383" lon="3.22386">
        <ele>42.2</ele>
      </trkpt>
      <trkpt lat="50.47388" lon="3.22384">
        <ele>42.0</ele>
      </trkpt>
      <trkpt lat="50.47392" lon="3.22385">
        <ele>41.9</ele>
      </trkpt>
      <trkpt lat="50.47398" lon="3.2239">
        <ele>41.7</ele>
      </trkpt>
      <trkpt lat="50.47427" lon="3.22422">
        <ele>40.6</ele>
      </trkpt>
      <trkpt lat="50.47458" lon="3.22464">
        <ele>39.8</ele>
      </trkpt>
      <trkpt lat="50.47468" lon="3.22483">
        <ele>39.6</ele>
      </trkpt>
      <trkpt lat="50.47489" lon="3.22534">
        <ele>39.3</ele>
      </trkpt>
      <trkpt lat="50.47498" lon="3.22547">
        <ele>39.0</ele>
      </trkpt>
      <trkpt lat="50.47534" lon="3.22583">
        <ele>38.6</ele>
      </trkpt>
      <trkpt lat="50.47588" lon="3.22631">
        <ele>38.6</ele>
      </trkpt>
      <trkpt lat="50.47643" lon="3.2268">
        <ele>39.0</ele>
      </trkpt>
      <trkpt lat="50.47657" lon="3.22697">
        <ele>39.0</ele>
      </trkpt>
      <trkpt lat="50.47672" lon="3.22722">
        <ele>39.0</ele>
      </trkpt>
      <trkpt lat="50.47679" lon="3.2274">
        <ele>39.0</ele>
      </trkpt>
      <trkpt lat="50.47684" lon="3.22759">
        <ele>39.0</ele>
      </trkpt>
      <trkpt lat="50.47685" lon="3.22781">
        <ele>39.1</ele>
      </trkpt>
      <trkpt lat="50.47686" lon="3.22824">
        <ele>39.2</ele>
      </trkpt>
      <trkpt lat="50.47688" lon="3.22841">
        <ele>39.3</ele>
      </trkpt>
      <trkpt lat="50.47692" lon="3.22858">
        <ele>39.5</ele>
      </trkpt>
      <trkpt lat="50.47731" lon="3.22943">
        <ele>40.3</ele>
      </trkpt>
      <trkpt lat="50.47739" lon="3.22955">
        <ele>40.5</ele>
      </trkpt>
      <trkpt lat="50.4779" lon="3.23032">
        <ele>41.0</ele>
      </trkpt>
      <trkpt lat="50.47841" lon="3.23109">
        <ele>42.4</ele>
      </trkpt>
      <trkpt lat="50.47894" lon="3.23211">
        <ele>39.8</ele>
      </trkpt>
      <trkpt lat="50.47933" lon="3.23307">
        <ele>38.2</ele>
      </trkpt>
      <trkpt lat="50.47963" lon="3.23396">
        <ele>37.8</ele>
      </trkpt>
      <trkpt lat="50.47968" lon="3.23415">
        <ele>37.8</ele>
      </trkpt>
      <trkpt lat="50.47968" lon="3.23432">
        <ele>38.0</ele>
      </trkpt>
      <trkpt lat="50.47955" lon="3.2348">
        <ele>38.8</ele>
      </trkpt>
      <trkpt lat="50.47955" lon="3.23492">
        <ele>38.9</ele>
      </trkpt>
      <trkpt lat="50.47956" lon="3.23505">
        <ele>39.0</ele>
      </trkpt>
      <trkpt lat="50.47958" lon="3.23511">
        <ele>38.9</ele>
      </trkpt>
      <trkpt lat="50.4797" lon="3.23533">
        <ele>38.9</ele>
      </trkpt>
      <trkpt lat="50.47986" lon="3.2356">
        <ele>38.9</ele>
      </trkpt>
      <trkpt lat="50.47988" lon="3.23556">
        <ele>38.9</ele>
      </trkpt>
      <trkpt lat="50.48007" lon="3.23522">
        <ele>38.8</ele>
      </trkpt>
      <trkpt lat="50.4806" lon="3.23421">
        <ele>37.7</ele>
      </trkpt>
      <trkpt lat="50.48113" lon="3.23321">
        <ele>37.1</ele>
      </trkpt>
      <trkpt lat="50.48167" lon="3.2322">
        <ele>36.0</ele>
      </trkpt>
      <trkpt lat="50.4822" lon="3.2312">
        <ele>34.2</ele>
      </trkpt>
      <trkpt lat="50.48261" lon="3.23046">
        <ele>32.9</ele>
      </trkpt>
      <trkpt lat="50.48302" lon="3.22973">
        <ele>32.1</ele>
      </trkpt>
      <trkpt lat="50.48344" lon="3.22899">
        <ele>30.8</ele>
      </trkpt>
      <trkpt lat="50.48391" lon="3.22818">
        <ele>30.7</ele>
      </trkpt>
      <trkpt lat="50.48438" lon="3.22737">
        <ele>31.0</ele>
      </trkpt>
      <trkpt lat="50.48462" lon="3.22703">
        <ele>31.0</ele>
      </trkpt>
      <trkpt lat="50.48525" lon="3.22626">
        <ele>30.9</ele>
      </trkpt>
      <trkpt lat="50.48534" lon="3.22613">
        <ele>30.7</ele>
      </trkpt>
      <trkpt lat="50.4854" lon="3.22604">
        <ele>30.6</ele>
      </trkpt>
      <trkpt lat="50.48577" lon="3.22522">
        <ele>30.1</ele>
      </trkpt>
      <trkpt lat="50.48614" lon="3.2244">
        <ele>30.7</ele>
      </trkpt>
      <trkpt lat="50.48624" lon="3.22415">
        <ele>31.0</ele>
      </trkpt>
      <trkpt lat="50.48656" lon="3.22307">
        <ele>32.1</ele>
      </trkpt>
      <trkpt lat="50.4867" lon="3.22249">
        <ele>33.0</ele>
      </trkpt>
      <trkpt lat="50.48677" lon="3.22229">
        <ele>32.9</ele>
      </trkpt>
      <trkpt lat="50.48689" lon="3.22206">
        <ele>32.7</ele>
      </trkpt>
      <trkpt lat="50.48696" lon="3.22199">
        <ele>32.6</ele>
      </trkpt>
      <trkpt lat="50.48707" lon="3.22196">
        <ele>32.5</ele>
      </trkpt>
      <trkpt lat="50.48714" lon="3.22196">
        <ele>32.4</ele>
      </trkpt>
      <trkpt lat="50.48726" lon="3.22196">
        <ele>32.3</ele>
      </trkpt>
      <trkpt lat="50.48748" lon="3.22113">
        <ele>32.7</ele>
      </trkpt>
      <trkpt lat="50.48762" lon="3.22076">
        <ele>33.0</ele>
      </trkpt>
      <trkpt lat="50.48793" lon="3.22024">
        <ele>32.6</ele>
      </trkpt>
      <trkpt lat="50.48823" lon="3.21972">
        <ele>32.4</ele>
      </trkpt>
      <trkpt lat="50.48877" lon="3.21867">
        <ele>33.0</ele>
      </trkpt>
      <trkpt lat="50.48894" lon="3.21831">
        <ele>33.0</ele>
      </trkpt>
      <trkpt lat="50.48926" lon="3.21751">
        <ele>34.2</ele>
      </trkpt>
      <trkpt lat="50.48939" lon="3.21714">
        <ele>34.5</ele>
      </trkpt>
      <trkpt lat="50.48947" lon="3.21682">
        <ele>34.7</ele>
      </trkpt>
      <trkpt lat="50.4895" lon="3.21649">
        <ele>35.0</ele>
      </trkpt>
      <trkpt lat="50.4895" lon="3.21612">
        <ele>35.5</ele>
      </trkpt>
      <trkpt lat="50.48944" lon="3.21565">
        <ele>35.8</ele>
      </trkpt>
      <trkpt lat="50.48924" lon="3.21495">
        <ele>36.1</ele>
      </trkpt>
      <trkpt lat="50.48905" lon="3.21424">
        <ele>36.8</ele>
      </trkpt>
      <trkpt lat="50.48882" lon="3.21341">
        <ele>37.5</ele>
      </trkpt>
      <trkpt lat="50.48869" lon="3.21285">
        <ele>37.2</ele>
      </trkpt>
      <trkpt lat="50.48867" lon="3.21266">
        <ele>37.1</ele>
      </trkpt>
      <trkpt lat="50.48867" lon="3.21234">
        <ele>36.9</ele>
      </trkpt>
      <trkpt lat="50.4887" lon="3.21199">
        <ele>36.7</ele>
      </trkpt>
      <trkpt lat="50.48885" lon="3.2112">
        <ele>35.8</ele>
      </trkpt>
      <trkpt lat="50.48854" lon="3.21101">
        <ele>36.0</ele>
      </trkpt>
      <trkpt lat="50.48844" lon="3.21096">
        <ele>36.0</ele>
      </trkpt>
      <trkpt lat="50.48815" lon="3.21082">
        <ele>35.8</ele>
      </trkpt>
      <trkpt lat="50.48733" lon="3.21053">
        <ele>35.7</ele>
      </trkpt>
      <trkpt lat="50.48708" lon="3.21049">
        <ele>36.2</ele>
      </trkpt>
      <trkpt lat="50.48681" lon="3.21052">
        <ele>36.7</ele>
      </trkpt>
      <trkpt lat="50.48659" lon="3.21051">
        <ele>37.0</ele>
      </trkpt>
      <trkpt lat="50.48622" lon="3.21044">
        <ele>37.3</ele>
      </trkpt>
      <trkpt lat="50.48586" lon="3.21034">
        <ele>37.6</ele>
      </trkpt>
      <trkpt lat="50.48534" lon="3.21014">
        <ele>38.4</ele>
      </trkpt>
      <trkpt lat="50.48483" lon="3.20993">
        <ele>38.7</ele>
      </trkpt>
      <trkpt lat="50.48461" lon="3.20987">
        <ele>38.4</ele>
      </trkpt>
      <trkpt lat="50.48418" lon="3.20981">
        <ele>37.8</ele>
      </trkpt>
      <trkpt lat="50.48403" lon="3.20975">
        <ele>37.8</ele>
      </trkpt>
      <trkpt lat="50.48388" lon="3.20965">
        <ele>37.9</ele>
      </trkpt>
      <trkpt lat="50.48333" lon="3.20918">
        <ele>39.0</ele>
      </trkpt>
      <trkpt lat="50.48278" lon="3.20871">
        <ele>40.9</ele>
      </trkpt>
      <trkpt lat="50.48223" lon="3.20825">
        <ele>42.3</ele>
      </trkpt>
      <trkpt lat="50.48158" lon="3.20761">
        <ele>43.9</ele>
      </trkpt>
      <trkpt lat="50.48133" lon="3.20732">
        <ele>44.1</ele>
      </trkpt>
      <trkpt lat="50.48121" lon="3.20713">
        <ele>44.2</ele>
      </trkpt>
      <trkpt lat="50.48079" lon="3.20619">
        <ele>44.6</ele>
      </trkpt>
      <trkpt lat="50.48067" lon="3.20597">
        <ele>45.0</ele>
      </trkpt>
      <trkpt lat="50.48009" lon="3.20508">
        <ele>46.8</ele>
      </trkpt>
      <trkpt lat="50.48004" lon="3.20503">
        <ele>46.9</ele>
      </trkpt>
      <trkpt lat="50.47976" lon="3.20493">
        <ele>47.5</ele>
      </trkpt>
      <trkpt lat="50.47964" lon="3.20487">
        <ele>47.7</ele>
      </trkpt>
      <trkpt lat="50.47958" lon="3.2048">
        <ele>47.8</ele>
      </trkpt>
      <trkpt lat="50.47955" lon="3.20471">
        <ele>47.7</ele>
      </trkpt>
      <trkpt lat="50.47955" lon="3.20456">
        <ele>47.6</ele>
      </trkpt>
      <trkpt lat="50.47952" lon="3.20439">
        <ele>47.4</ele>
      </trkpt>
      <trkpt lat="50.47979" lon="3.20418">
        <ele>46.5</ele>
      </trkpt>
      <trkpt lat="50.47976" lon="3.20398">
        <ele>46.6</ele>
      </trkpt>
      <trkpt lat="50.47978" lon="3.2038">
        <ele>46.5</ele>
      </trkpt>
      <trkpt lat="50.47982" lon="3.20361">
        <ele>46.4</ele>
      </trkpt>
      <trkpt lat="50.47991" lon="3.20341">
        <ele>46.2</ele>
      </trkpt>
      <trkpt lat="50.48041" lon="3.20259">
        <ele>45.9</ele>
      </trkpt>
      <trkpt lat="50.4809" lon="3.20177">
        <ele>44.8</ele>
      </trkpt>
      <trkpt lat="50.48109" lon="3.20136">
        <ele>44.4</ele>
      </trkpt>
      <trkpt lat="50.48115" lon="3.20115">
        <ele>44.2</ele>
      </trkpt>
      <trkpt lat="50.48135" lon="3.1999">
        <ele>43.9</ele>
      </trkpt>
      <trkpt lat="50.48152" lon="3.19932">
        <ele>44.3</ele>
      </trkpt>
      <trkpt lat="50.48177" lon="3.19865">
        <ele>44.1</ele>
      </trkpt>
      <trkpt lat="50.4823" lon="3.19753">
        <ele>41.7</ele>
      </trkpt>
      <trkpt lat="50.48283" lon="3.1964">
        <ele>41.0</ele>
      </trkpt>
      <trkpt lat="50.48288" lon="3.19623">
        <ele>40.8</ele>
      </trkpt>
      <trkpt lat="50.48287" lon="3.19598">
        <ele>40.7</ele>
      </trkpt>
      <trkpt lat="50.48281" lon="3.19568">
        <ele>40.6</ele>
      </trkpt>
      <trkpt lat="50.48253" lon="3.1948">
        <ele>40.7</ele>
      </trkpt>
      <trkpt lat="50.48225" lon="3.19392">
        <ele>40.6</ele>
      </trkpt>
      <trkpt lat="50.48221" lon="3.19364">
        <ele>40.7</ele>
      </trkpt>
      <trkpt lat="50.48216" lon="3.19241">
        <ele>40.4</ele>
      </trkpt>
      <trkpt lat="50.48217" lon="3.1922">
        <ele>40.4</ele>
      </trkpt>
      <trkpt lat="50.48222" lon="3.19188">
        <ele>40.3</ele>
      </trkpt>
      <trkpt lat="50.48243" lon="3.19113">
        <ele>40.0</ele>
      </trkpt>
      <trkpt lat="50.48258" lon="3.19083">
        <ele>39.9</ele>
      </trkpt>
      <trkpt lat="50.4828" lon="3.19053">
        <ele>39.6</ele>
      </trkpt>
      <trkpt lat="50.48293" lon="3.19029">
        <ele>39.5</ele>
      </trkpt>
      <trkpt lat="50.48302" lon="3.19013">
        <ele>39.4</ele>
      </trkpt>
      <trkpt lat="50.4831" lon="3.18993">
        <ele>39.4</ele>
      </trkpt>
      <trkpt lat="50.48334" lon="3.18922">
        <ele>39.9</ele>
      </trkpt>
      <trkpt lat="50.48358" lon="3.18851">
        <ele>39.9</ele>
      </trkpt>
      <trkpt lat="50.48377" lon="3.18784">
        <ele>40.0</ele>
      </trkpt>
      <trkpt lat="50.48395" lon="3.18717">
        <ele>40.0</ele>
      </trkpt>
      <trkpt lat="50.48408" lon="3.1868">
        <ele>40.0</ele>
      </trkpt>
      <trkpt lat="50.48416" lon="3.18661">
        <ele>40.1</ele>
      </trkpt>
      <trkpt lat="50.48432" lon="3.1863">
        <ele>40.3</ele>
      </trkpt>
      <trkpt lat="50.4845" lon="3.18604">
        <ele>40.4</ele>
      </trkpt>
      <trkpt lat="50.48469" lon="3.18586">
        <ele>40.3</ele>
      </trkpt>
      <trkpt lat="50.48483" lon="3.18581">
        <ele>40.2</ele>
      </trkpt>
      <trkpt lat="50.48495" lon="3.18583">
        <ele>40.1</ele>
      </trkpt>
      <trkpt lat="50.48507" lon="3.18589">
        <ele>40.0</ele>
      </trkpt>
      <trkpt lat="50.48528" lon="3.18607">
        <ele>40.1</ele>
      </trkpt>
      <trkpt lat="50.48531" lon="3.186">
        <ele>40.2</ele>
      </trkpt>
      <trkpt lat="50.48578" lon="3.18562">
        <ele>41.0</ele>
      </trkpt>
      <trkpt lat="50.4859" lon="3.18549">
        <ele>41.1</ele>
      </trkpt>
      <trkpt lat="50.48646" lon="3.18473">
        <ele>41.8</ele>
      </trkpt>
      <trkpt lat="50.48659" lon="3.18448">
        <ele>42.0</ele>
      </trkpt>
      <trkpt lat="50.48665" lon="3.18429">
        <ele>42.0</ele>
      </trkpt>
      <trkpt lat="50.48691" lon="3.18321">
        <ele>42.7</ele>
      </trkpt>
      <trkpt lat="50.48717" lon="3.18213">
        <ele>43.6</ele>
      </trkpt>
      <trkpt lat="50.48743" lon="3.18105">
        <ele>43.9</ele>
      </trkpt>
      <trkpt lat="50.48769" lon="3.17997">
        <ele>44.3</ele>
      </trkpt>
      <trkpt lat="50.48793" lon="3.17901">
        <ele>45.6</ele>
      </trkpt>
      <trkpt lat="50.48817" lon="3.17806">
        <ele>46.9</ele>
      </trkpt>
      <trkpt lat="50.48841" lon="3.1771">
        <ele>48.1</ele>
      </trkpt>
      <trkpt lat="50.48875" lon="3.17612">
        <ele>49.2</ele>
      </trkpt>
      <trkpt lat="50.4891" lon="3.17514">
        <ele>50.0</ele>
      </trkpt>
      <trkpt lat="50.48915" lon="3.17495">
        <ele>50.1</ele>
      </trkpt>
      <trkpt lat="50.48931" lon="3.17396">
        <ele>51.5</ele>
      </trkpt>
      <trkpt lat="50.48948" lon="3.17296">
        <ele>52.5</ele>
      </trkpt>
      <trkpt lat="50.48964" lon="3.17197">
        <ele>53.1</ele>
      </trkpt>
      <trkpt lat="50.48974" lon="3.1715">
        <ele>53.6</ele>
      </trkpt>
      <trkpt lat="50.48971" lon="3.17131">
        <ele>53.7</ele>
      </trkpt>
      <trkpt lat="50.48934" lon="3.17013">
        <ele>53.4</ele>
      </trkpt>
      <trkpt lat="50.48932" lon="3.17005">
        <ele>53.4</ele>
      </trkpt>
      <trkpt lat="50.48902" lon="3.1691">
        <ele>53.0</ele>
      </trkpt>
      <trkpt lat="50.48872" lon="3.16815">
        <ele>53.1</ele>
      </trkpt>
      <trkpt lat="50.48842" lon="3.1672">
        <ele>53.1</ele>
      </trkpt>
      <trkpt lat="50.48813" lon="3.16625">
        <ele>53.6</ele>
      </trkpt>
      <trkpt lat="50.4877" lon="3.16514">
        <ele>54.0</ele>
      </trkpt>
      <trkpt lat="50.48727" lon="3.16404">
        <ele>54.3</ele>
      </trkpt>
      <trkpt lat="50.48697" lon="3.16307">
        <ele>54.3</ele>
      </trkpt>
      <trkpt lat="50.48666" lon="3.16209">
        <ele>54.0</ele>
      </trkpt>
      <trkpt lat="50.48636" lon="3.16112">
        <ele>53.6</ele>
      </trkpt>
      <trkpt lat="50.48628" lon="3.16095">
        <ele>53.5</ele>
      </trkpt>
      <trkpt lat="50.4857" lon="3.16144">
        <ele>54.1</ele>
      </trkpt>
      <trkpt lat="50.48512" lon="3.16193">
        <ele>54.6</ele>
      </trkpt>
      <trkpt lat="50.48503" lon="3.16196">
        <ele>54.6</ele>
      </trkpt>
      <trkpt lat="50.48499" lon="3.16191">
        <ele>54.7</ele>
      </trkpt>
      <trkpt lat="50.48495" lon="3.16182">
        <ele>54.7</ele>
      </trkpt>
      <trkpt lat="50.4846" lon="3.16054">
        <ele>54.0</ele>
      </trkpt>
      <trkpt lat="50.48424" lon="3.15925">
        <ele>54.8</ele>
      </trkpt>
      <trkpt lat="50.48389" lon="3.15796">
        <ele>55.1</ele>
      </trkpt>
      <trkpt lat="50.48385" lon="3.15791">
        <ele>55.1</ele>
      </trkpt>
      <trkpt lat="50.4838" lon="3.15789">
        <ele>55.1</ele>
      </trkpt>
      <trkpt lat="50.48355" lon="3.15799">
        <ele>54.7</ele>
      </trkpt>
      <trkpt lat="50.48349" lon="3.15798">
        <ele>54.6</ele>
      </trkpt>
      <trkpt lat="50.48345" lon="3.15794">
        <ele>54.6</ele>
      </trkpt>
      <trkpt lat="50.48338" lon="3.15777">
        <ele>54.7</ele>
      </trkpt>
      <trkpt lat="50.48318" lon="3.15688">
        <ele>54.6</ele>
      </trkpt>
      <trkpt lat="50.48298" lon="3.15599">
        <ele>54.6</ele>
      </trkpt>
      <trkpt lat="50.48279" lon="3.15499">
        <ele>54.0</ele>
      </trkpt>
      <trkpt lat="50.48261" lon="3.15399">
        <ele>54.1</ele>
      </trkpt>
      <trkpt lat="50.48242" lon="3.15298">
        <ele>53.9</ele>
      </trkpt>
      <trkpt lat="50.48215" lon="3.15205">
        <ele>54.0</ele>
      </trkpt>
      <trkpt lat="50.48188" lon="3.15111">
        <ele>54.7</ele>
      </trkpt>
      <trkpt lat="50.48183" lon="3.15085">
        <ele>55.0</ele>
      </trkpt>
      <trkpt lat="50.4817" lon="3.15003">
        <ele>55.0</ele>
      </trkpt>
      <trkpt lat="50.48158" lon="3.14922">
        <ele>54.1</ele>
      </trkpt>
      <trkpt lat="50.48154" lon="3.14909">
        <ele>54.0</ele>
      </trkpt>
      <trkpt lat="50.48095" lon="3.14838">
        <ele>54.0</ele>
      </trkpt>
      <trkpt lat="50.48036" lon="3.14767">
        <ele>54.1</ele>
      </trkpt>
      <trkpt lat="50.47967" lon="3.14697">
        <ele>52.0</ele>
      </trkpt>
      <trkpt lat="50.47983" lon="3.14631">
        <ele>52.8</ele>
      </trkpt>
      <trkpt lat="50.47999" lon="3.14564">
        <ele>52.5</ele>
      </trkpt>
      <trkpt lat="50.48032" lon="3.14469">
        <ele>51.4</ele>
      </trkpt>
      <trkpt lat="50.48066" lon="3.14374">
        <ele>50.9</ele>
      </trkpt>
      <trkpt lat="50.481" lon="3.14279">
        <ele>51.9</ele>
      </trkpt>
      <trkpt lat="50.48101" lon="3.14268">
        <ele>52.0</ele>
      </trkpt>
      <trkpt lat="50.48132" lon="3.14269">
        <ele>52.5</ele>
      </trkpt>
      <trkpt lat="50.48148" lon="3.14272">
        <ele>52.7</ele>
      </trkpt>
      <trkpt lat="50.48191" lon="3.14309">
        <ele>53.5</ele>
      </trkpt>
      <trkpt lat="50.48204" lon="3.14301">
        <ele>53.7</ele>
      </trkpt>
      <trkpt lat="50.48233" lon="3.14293">
        <ele>54.2</ele>
      </trkpt>
      <trkpt lat="50.48288" lon="3.14291">
        <ele>54.9</ele>
      </trkpt>
      <trkpt lat="50.48344" lon="3.1429">
        <ele>55.4</ele>
      </trkpt>
      <trkpt lat="50.4836" lon="3.14281">
        <ele>55.2</ele>
      </trkpt>
      <trkpt lat="50.48418" lon="3.14212">
        <ele>53.6</ele>
      </trkpt>
      <trkpt lat="50.48476" lon="3.14143">
        <ele>54.0</ele>
      </trkpt>
      <trkpt lat="50.48483" lon="3.14133">
        <ele>54.2</ele>
      </trkpt>
      <trkpt lat="50.48529" lon="3.14065">
        <ele>54.0</ele>
      </trkpt>
      <trkpt lat="50.48575" lon="3.13998">
        <ele>52.3</ele>
      </trkpt>
      <trkpt lat="50.48602" lon="3.13951">
        <ele>53.1</ele>
      </trkpt>
      <trkpt lat="50.48615" lon="3.13923">
        <ele>53.7</ele>
      </trkpt>
      <trkpt lat="50.48621" lon="3.13907">
        <ele>54.0</ele>
      </trkpt>
      <trkpt lat="50.48625" lon="3.1389">
        <ele>54.2</ele>
      </trkpt>
      <trkpt lat="50.48637" lon="3.13832">
        <ele>54.6</ele>
      </trkpt>
      <trkpt lat="50.48644" lon="3.13808">
        <ele>54.6</ele>
      </trkpt>
      <trkpt lat="50.48676" lon="3.13725">
        <ele>54.0</ele>
      </trkpt>
      <trkpt lat="50.48707" lon="3.13643">
        <ele>53.7</ele>
      </trkpt>
      <trkpt lat="50.48721" lon="3.13617">
        <ele>53.4</ele>
      </trkpt>
      <trkpt lat="50.48784" lon="3.13518">
        <ele>52.6</ele>
      </trkpt>
      <trkpt lat="50.48846" lon="3.1342">
        <ele>52.8</ele>
      </trkpt>
      <trkpt lat="50.48848" lon="3.13413">
        <ele>52.9</ele>
      </trkpt>
      <trkpt lat="50.48845" lon="3.13392">
        <ele>53.2</ele>
      </trkpt>
      <trkpt lat="50.48837" lon="3.13396">
        <ele>53.2</ele>
      </trkpt>
      <trkpt lat="50.48839" lon="3.1342">
        <ele>52.9</ele>
      </trkpt>
      <trkpt lat="50.48837" lon="3.13433">
        <ele>52.8</ele>
      </trkpt>
      <trkpt lat="50.48836" lon="3.13435">
        <ele>52.7</ele>
      </trkpt>
      <trkpt lat="50.48846" lon="3.1342">
        <ele>52.8</ele>
      </trkpt>
      <trkpt lat="50.48848" lon="3.13413">
        <ele>52.9</ele>
      </trkpt>
      <trkpt lat="50.48846" lon="3.13401">
        <ele>53.0</ele>
      </trkpt>
      <trkpt lat="50.48882" lon="3.1338">
        <ele>52.9</ele>
      </trkpt>
      <trkpt lat="50.48934" lon="3.13346">
        <ele>52.6</ele>
      </trkpt>
      <trkpt lat="50.48975" lon="3.13318">
        <ele>52.1</ele>
      </trkpt>
      <trkpt lat="50.49017" lon="3.13289">
        <ele>51.5</ele>
      </trkpt>
      <trkpt lat="50.4904" lon="3.13267">
        <ele>51.2</ele>
      </trkpt>
      <trkpt lat="50.49091" lon="3.13232">
        <ele>51.1</ele>
      </trkpt>
      <trkpt lat="50.49139" lon="3.13195">
        <ele>51.7</ele>
      </trkpt>
      <trkpt lat="50.49187" lon="3.13159">
        <ele>51.9</ele>
      </trkpt>
      <trkpt lat="50.49215" lon="3.13143">
        <ele>51.9</ele>
      </trkpt>
      <trkpt lat="50.49262" lon="3.13124">
        <ele>51.9</ele>
      </trkpt>
      <trkpt lat="50.49262" lon="3.13125">
        <ele>51.9</ele>
      </trkpt>
      <trkpt lat="50.4926" lon="3.13112">
        <ele>51.9</ele>
      </trkpt>
      <trkpt lat="50.49249" lon="3.13022">
        <ele>52.0</ele>
      </trkpt>
      <trkpt lat="50.49238" lon="3.12932">
        <ele>50.5</ele>
      </trkpt>
      <trkpt lat="50.49232" lon="3.12887">
        <ele>49.7</ele>
      </trkpt>
      <trkpt lat="50.49226" lon="3.12868">
        <ele>49.5</ele>
      </trkpt>
      <trkpt lat="50.4922" lon="3.12852">
        <ele>49.4</ele>
      </trkpt>
      <trkpt lat="50.49199" lon="3.12814">
        <ele>49.4</ele>
      </trkpt>
      <trkpt lat="50.49175" lon="3.12785">
        <ele>49.5</ele>
      </trkpt>
      <trkpt lat="50.49155" lon="3.12769">
        <ele>49.6</ele>
      </trkpt>
      <trkpt lat="50.49086" lon="3.12736">
        <ele>50.0</ele>
      </trkpt>
      <trkpt lat="50.49058" lon="3.12715">
        <ele>50.3</ele>
      </trkpt>
      <trkpt lat="50.49041" lon="3.12698">
        <ele>50.5</ele>
      </trkpt>
      <trkpt lat="50.4901" lon="3.12658">
        <ele>50.7</ele>
      </trkpt>
      <trkpt lat="50.48973" lon="3.12616">
        <ele>49.9</ele>
      </trkpt>
      <trkpt lat="50.48935" lon="3.12574">
        <ele>49.8</ele>
      </trkpt>
      <trkpt lat="50.4892" lon="3.12559">
        <ele>49.9</ele>
      </trkpt>
      <trkpt lat="50.48876" lon="3.12521">
        <ele>51.5</ele>
      </trkpt>
      <trkpt lat="50.48855" lon="3.12497">
        <ele>52.1</ele>
      </trkpt>
      <trkpt lat="50.4884" lon="3.12476">
        <ele>52.2</ele>
      </trkpt>
      <trkpt lat="50.48788" lon="3.12399">
        <ele>51.9</ele>
      </trkpt>
      <trkpt lat="50.48753" lon="3.12349">
        <ele>52.1</ele>
      </trkpt>
      <trkpt lat="50.48718" lon="3.12298">
        <ele>51.5</ele>
      </trkpt>
      <trkpt lat="50.48684" lon="3.12246">
        <ele>50.7</ele>
      </trkpt>
      <trkpt lat="50.48648" lon="3.12191">
        <ele>50.9</ele>
      </trkpt>
      <trkpt lat="50.48612" lon="3.12136">
        <ele>52.1</ele>
      </trkpt>
      <trkpt lat="50.48607" lon="3.12126">
        <ele>52.3</ele>
      </trkpt>
      <trkpt lat="50.48604" lon="3.12127">
        <ele>52.4</ele>
      </trkpt>
      <trkpt lat="50.48619" lon="3.12122">
        <ele>51.9</ele>
      </trkpt>
      <trkpt lat="50.48703" lon="3.12106">
        <ele>50.3</ele>
      </trkpt>
      <trkpt lat="50.48749" lon="3.1211">
        <ele>49.7</ele>
      </trkpt>
      <trkpt lat="50.48795" lon="3.12115">
        <ele>48.7</ele>
      </trkpt>
      <trkpt lat="50.48825" lon="3.12112">
        <ele>48.2</ele>
      </trkpt>
      <trkpt lat="50.48844" lon="3.12105">
        <ele>48.0</ele>
      </trkpt>
      <trkpt lat="50.48855" lon="3.12096">
        <ele>48.0</ele>
      </trkpt>
      <trkpt lat="50.48865" lon="3.12086">
        <ele>48.0</ele>
      </trkpt>
      <trkpt lat="50.48927" lon="3.12001">
        <ele>48.4</ele>
      </trkpt>
      <trkpt lat="50.4899" lon="3.11917">
        <ele>50.8</ele>
      </trkpt>
      <trkpt lat="50.49033" lon="3.11842">
        <ele>51.0</ele>
      </trkpt>
      <trkpt lat="50.49055" lon="3.1181">
        <ele>51.3</ele>
      </trkpt>
      <trkpt lat="50.49066" lon="3.11797">
        <ele>51.4</ele>
      </trkpt>
      <trkpt lat="50.49081" lon="3.11788">
        <ele>51.5</ele>
      </trkpt>
      <trkpt lat="50.49114" lon="3.11775">
        <ele>51.1</ele>
      </trkpt>
      <trkpt lat="50.49139" lon="3.11762">
        <ele>50.6</ele>
      </trkpt>
      <trkpt lat="50.49185" lon="3.11735">
        <ele>49.3</ele>
      </trkpt>
      <trkpt lat="50.49232" lon="3.11707">
        <ele>47.6</ele>
      </trkpt>
      <trkpt lat="50.49242" lon="3.11698">
        <ele>47.3</ele>
      </trkpt>
      <trkpt lat="50.49242" lon="3.11696">
        <ele>47.3</ele>
      </trkpt>
      <trkpt lat="50.49242" lon="3.11698">
        <ele>47.3</ele>
      </trkpt>
      <trkpt lat="50.49237" lon="3.11679">
        <ele>47.5</ele>
      </trkpt>
      <trkpt lat="50.49207" lon="3.116">
        <ele>48.9</ele>
      </trkpt>
      <trkpt lat="50.49193" lon="3.11567">
        <ele>49.4</ele>
      </trkpt>
      <trkpt lat="50.49146" lon="3.11465">
        <ele>50.7</ele>
      </trkpt>
      <trkpt lat="50.49099" lon="3.11362">
        <ele>51.8</ele>
      </trkpt>
      <trkpt lat="50.49052" lon="3.1126">
        <ele>53.6</ele>
      </trkpt>
      <trkpt lat="50.49005" lon="3.11158">
        <ele>55.0</ele>
      </trkpt>
      <trkpt lat="50.48959" lon="3.11056">
        <ele>56.5</ele>
      </trkpt>
      <trkpt lat="50.48912" lon="3.10954">
        <ele>57.1</ele>
      </trkpt>
      <trkpt lat="50.48865" lon="3.10852">
        <ele>57.1</ele>
      </trkpt>
      <trkpt lat="50.48854" lon="3.10823">
        <ele>57.2</ele>
      </trkpt>
      <trkpt lat="50.48819" lon="3.10716">
        <ele>58.3</ele>
      </trkpt>
      <trkpt lat="50.48783" lon="3.1061">
        <ele>60.2</ele>
      </trkpt>
      <trkpt lat="50.48748" lon="3.10504">
        <ele>62.0</ele>
      </trkpt>
      <trkpt lat="50.48713" lon="3.10398">
        <ele>64.1</ele>
      </trkpt>
      <trkpt lat="50.48708" lon="3.10378">
        <ele>64.5</ele>
      </trkpt>
      <trkpt lat="50.48705" lon="3.10356">
        <ele>64.8</ele>
      </trkpt>
      <trkpt lat="50.48701" lon="3.10357">
        <ele>64.9</ele>
      </trkpt>
      <trkpt lat="50.48785" lon="3.10331">
        <ele>64.9</ele>
      </trkpt>
      <trkpt lat="50.48869" lon="3.10306">
        <ele>68.9</ele>
      </trkpt>
      <trkpt lat="50.48953" lon="3.10281">
        <ele>71.3</ele>
      </trkpt>
      <trkpt lat="50.49038" lon="3.10255">
        <ele>68.7</ele>
      </trkpt>
      <trkpt lat="50.49061" lon="3.10251">
        <ele>67.3</ele>
      </trkpt>
      <trkpt lat="50.49099" lon="3.10249">
        <ele>65.1</ele>
      </trkpt>
      <trkpt lat="50.49139" lon="3.10252">
        <ele>62.7</ele>
      </trkpt>
      <trkpt lat="50.49172" lon="3.10258">
        <ele>60.9</ele>
      </trkpt>
      <trkpt lat="50.49195" lon="3.10265">
        <ele>60.1</ele>
      </trkpt>
      <trkpt lat="50.49265" lon="3.10292">
        <ele>57.5</ele>
      </trkpt>
      <trkpt lat="50.49334" lon="3.10318">
        <ele>55.0</ele>
      </trkpt>
      <trkpt lat="50.49404" lon="3.10345">
        <ele>51.6</ele>
      </trkpt>
      <trkpt lat="50.49429" lon="3.10357">
        <ele>50.9</ele>
      </trkpt>
      <trkpt lat="50.49463" lon="3.10377">
        <ele>50.4</ele>
      </trkpt>
      <trkpt lat="50.49513" lon="3.10412">
        <ele>49.7</ele>
      </trkpt>
      <trkpt lat="50.49563" lon="3.10447">
        <ele>48.4</ele>
      </trkpt>
      <trkpt lat="50.49586" lon="3.10468">
        <ele>48.0</ele>
      </trkpt>
      <trkpt lat="50.4962" lon="3.10493">
        <ele>48.0</ele>
      </trkpt>
      <trkpt lat="50.49647" lon="3.10506">
        <ele>48.0</ele>
      </trkpt>
      <trkpt lat="50.49719" lon="3.10555">
        <ele>48.6</ele>
      </trkpt>
      <trkpt lat="50.49791" lon="3.10604">
        <ele>48.6</ele>
      </trkpt>
      <trkpt lat="50.49862" lon="3.10653">
        <ele>48.1</ele>
      </trkpt>
      <trkpt lat="50.49921" lon="3.1069">
        <ele>46.9</ele>
      </trkpt>
      <trkpt lat="50.49979" lon="3.10727">
        <ele>46.3</ele>
      </trkpt>
      <trkpt lat="50.50017" lon="3.10749">
        <ele>46.0</ele>
      </trkpt>
      <trkpt lat="50.50049" lon="3.10761">
        <ele>45.9</ele>
      </trkpt>
      <trkpt lat="50.50076" lon="3.10766">
        <ele>46.0</ele>
      </trkpt>
      <trkpt lat="50.50137" lon="3.10769">
        <ele>45.4</ele>
      </trkpt>
      <trkpt lat="50.50197" lon="3.10772">
        <ele>44.7</ele>
      </trkpt>
      <trkpt lat="50.50243" lon="3.10783">
        <ele>44.4</ele>
      </trkpt>
      <trkpt lat="50.5029" lon="3.10804">
        <ele>44.5</ele>
      </trkpt>
      <trkpt lat="50.50359" lon="3.10851">
        <ele>44.2</ele>
      </trkpt>
      <trkpt lat="50.50429" lon="3.10897">
        <ele>44.3</ele>
      </trkpt>
      <trkpt lat="50.50468" lon="3.10928">
        <ele>44.5</ele>
      </trkpt>
      <trkpt lat="50.50479" lon="3.10917">
        <ele>44.7</ele>
      </trkpt>
      <trkpt lat="50.50555" lon="3.10882">
        <ele>44.3</ele>
      </trkpt>
      <trkpt lat="50.50581" lon="3.10867">
        <ele>44.0</ele>
      </trkpt>
      <trkpt lat="50.50638" lon="3.10814">
        <ele>43.2</ele>
      </trkpt>
      <trkpt lat="50.5065" lon="3.10805">
        <ele>42.9</ele>
      </trkpt>
      <trkpt lat="50.50684" lon="3.10796">
        <ele>42.5</ele>
      </trkpt>
      <trkpt lat="50.50692" lon="3.10797">
        <ele>42.4</ele>
      </trkpt>
      <trkpt lat="50.50724" lon="3.10668">
        <ele>40.6</ele>
      </trkpt>
      <trkpt lat="50.50728" lon="3.10669">
        <ele>40.5</ele>
      </trkpt>
      <trkpt lat="50.50743" lon="3.10668">
        <ele>40.2</ele>
      </trkpt>
      <trkpt lat="50.50801" lon="3.10662">
        <ele>40.0</ele>
      </trkpt>
      <trkpt lat="50.50817" lon="3.10656">
        <ele>39.9</ele>
      </trkpt>
      <trkpt lat="50.50871" lon="3.10627">
        <ele>40.0</ele>
      </trkpt>
      <trkpt lat="50.50924" lon="3.10599">
        <ele>40.7</ele>
      </trkpt>
      <trkpt lat="50.51002" lon="3.10564">
        <ele>40.7</ele>
      </trkpt>
      <trkpt lat="50.51018" lon="3.10563">
        <ele>40.9</ele>
      </trkpt>
      <trkpt lat="50.51089" lon="3.10582">
        <ele>41.0</ele>
      </trkpt>
      <trkpt lat="50.51102" lon="3.10581">
        <ele>40.9</ele>
      </trkpt>
      <trkpt lat="50.51141" lon="3.10562">
        <ele>40.9</ele>
      </trkpt>
      <trkpt lat="50.51183" lon="3.10523">
        <ele>40.7</ele>
      </trkpt>
      <trkpt lat="50.51224" lon="3.10483">
        <ele>39.3</ele>
      </trkpt>
      <trkpt lat="50.51223" lon="3.10481">
        <ele>39.4</ele>
      </trkpt>
      <trkpt lat="50.51224" lon="3.10483">
        <ele>39.3</ele>
      </trkpt>
      <trkpt lat="50.51228" lon="3.1048">
        <ele>39.2</ele>
      </trkpt>
      <trkpt lat="50.51297" lon="3.10415">
        <ele>37.3</ele>
      </trkpt>
      <trkpt lat="50.51367" lon="3.1035">
        <ele>36.3</ele>
      </trkpt>
      <trkpt lat="50.51437" lon="3.10286">
        <ele>37.7</ele>
      </trkpt>
      <trkpt lat="50.51506" lon="3.10221">
        <ele>35.6</ele>
      </trkpt>
      <trkpt lat="50.51517" lon="3.10217">
        <ele>35.4</ele>
      </trkpt>
      <trkpt lat="50.51541" lon="3.10212">
        <ele>35.0</ele>
      </trkpt>
      <trkpt lat="50.51583" lon="3.1021">
        <ele>34.0</ele>
      </trkpt>
      <trkpt lat="50.51636" lon="3.10198">
        <ele>35.3</ele>
      </trkpt>
      <trkpt lat="50.51691" lon="3.10178">
        <ele>35.7</ele>
      </trkpt>
      <trkpt lat="50.51756" lon="3.10142">
        <ele>35.3</ele>
      </trkpt>
      <trkpt lat="50.51785" lon="3.10236">
        <ele>35.4</ele>
      </trkpt>
      <trkpt lat="50.51814" lon="3.1033">
        <ele>35.8</ele>
      </trkpt>
      <trkpt lat="50.51821" lon="3.10357">
        <ele>35.9</ele>
      </trkpt>
      <trkpt lat="50.51824" lon="3.10383">
        <ele>35.9</ele>
      </trkpt>
      <trkpt lat="50.5183" lon="3.10465">
        <ele>35.4</ele>
      </trkpt>
      <trkpt lat="50.51836" lon="3.10546">
        <ele>35.0</ele>
      </trkpt>
      <trkpt lat="50.51839" lon="3.10564">
        <ele>34.9</ele>
      </trkpt>
      <trkpt lat="50.51842" lon="3.10576">
        <ele>34.9</ele>
      </trkpt>
      <trkpt lat="50.51855" lon="3.106">
        <ele>34.6</ele>
      </trkpt>
      <trkpt lat="50.51922" lon="3.1069">
        <ele>33.9</ele>
      </trkpt>
      <trkpt lat="50.5198" lon="3.10772">
        <ele>33.2</ele>
      </trkpt>
      <trkpt lat="50.51986" lon="3.10778">
        <ele>33.1</ele>
      </trkpt>
      <trkpt lat="50.51996" lon="3.10783">
        <ele>33.0</ele>
      </trkpt>
      <trkpt lat="50.52013" lon="3.10784">
        <ele>32.9</ele>
      </trkpt>
      <trkpt lat="50.52022" lon="3.10781">
        <ele>32.9</ele>
      </trkpt>
      <trkpt lat="50.52039" lon="3.10773">
        <ele>32.9</ele>
      </trkpt>
      <trkpt lat="50.52084" lon="3.10744">
        <ele>33.0</ele>
      </trkpt>
      <trkpt lat="50.52129" lon="3.10715">
        <ele>33.0</ele>
      </trkpt>
      <trkpt lat="50.52154" lon="3.10701">
        <ele>33.0</ele>
      </trkpt>
      <trkpt lat="50.52224" lon="3.1067">
        <ele>34.3</ele>
      </trkpt>
      <trkpt lat="50.52237" lon="3.10666">
        <ele>34.7</ele>
      </trkpt>
      <trkpt lat="50.52246" lon="3.10667">
        <ele>34.9</ele>
      </trkpt>
      <trkpt lat="50.52254" lon="3.10673">
        <ele>35.0</ele>
      </trkpt>
      <trkpt lat="50.5226" lon="3.10685">
        <ele>35.0</ele>
      </trkpt>
      <trkpt lat="50.52284" lon="3.10763">
        <ele>34.6</ele>
      </trkpt>
      <trkpt lat="50.52289" lon="3.10785">
        <ele>34.3</ele>
      </trkpt>
      <trkpt lat="50.52292" lon="3.10832">
        <ele>33.5</ele>
      </trkpt>
      <trkpt lat="50.52295" lon="3.10849">
        <ele>33.5</ele>
      </trkpt>
      <trkpt lat="50.52315" lon="3.10908">
        <ele>33.8</ele>
      </trkpt>
      <trkpt lat="50.52327" lon="3.10936">
        <ele>34.2</ele>
      </trkpt>
      <trkpt lat="50.52344" lon="3.10965">
        <ele>35.0</ele>
      </trkpt>
      <trkpt lat="50.52349" lon="3.10977">
        <ele>35.3</ele>
      </trkpt>
      <trkpt lat="50.52367" lon="3.11046">
        <ele>36.0</ele>
      </trkpt>
      <trkpt lat="50.52386" lon="3.11115">
        <ele>35.6</ele>
      </trkpt>
      <trkpt lat="50.52395" lon="3.11142">
        <ele>35.3</ele>
      </trkpt>
      <trkpt lat="50.5243" lon="3.11211">
        <ele>35.3</ele>
      </trkpt>
      <trkpt lat="50.52467" lon="3.11181">
        <ele>36.2</ele>
      </trkpt>
      <trkpt lat="50.5248" lon="3.11166">
        <ele>36.5</ele>
      </trkpt>
      <trkpt lat="50.52489" lon="3.11151">
        <ele>36.9</ele>
      </trkpt>
      <trkpt lat="50.52493" lon="3.11154">
        <ele>37.0</ele>
      </trkpt>
      <trkpt lat="50.52499" lon="3.11153">
        <ele>37.1</ele>
      </trkpt>
      <trkpt lat="50.52514" lon="3.11142">
        <ele>37.5</ele>
      </trkpt>
      <trkpt lat="50.52539" lon="3.11117">
        <ele>38.1</ele>
      </trkpt>
      <trkpt lat="50.5259" lon="3.11059">
        <ele>39.0</ele>
      </trkpt>
      <trkpt lat="50.5264" lon="3.11">
        <ele>39.7</ele>
      </trkpt>
      <trkpt lat="50.52691" lon="3.10942">
        <ele>39.8</ele>
      </trkpt>
      <trkpt lat="50.52714" lon="3.10917">
        <ele>39.4</ele>
      </trkpt>
      <trkpt lat="50.52739" lon="3.10896">
        <ele>39.1</ele>
      </trkpt>
      <trkpt lat="50.52763" lon="3.1087">
        <ele>38.8</ele>
      </trkpt>
      <trkpt lat="50.52787" lon="3.10842">
        <ele>38.2</ele>
      </trkpt>
      <trkpt lat="50.52807" lon="3.10815">
        <ele>37.6</ele>
      </trkpt>
      <trkpt lat="50.52822" lon="3.10801">
        <ele>37.3</ele>
      </trkpt>
      <trkpt lat="50.52879" lon="3.1076">
        <ele>35.4</ele>
      </trkpt>
      <trkpt lat="50.52936" lon="3.10719">
        <ele>33.8</ele>
      </trkpt>
      <trkpt lat="50.52952" lon="3.10705">
        <ele>33.6</ele>
      </trkpt>
      <trkpt lat="50.5298" lon="3.1069">
        <ele>33.2</ele>
      </trkpt>
      <trkpt lat="50.52976" lon="3.1067">
        <ele>33.3</ele>
      </trkpt>
      <trkpt lat="50.52984" lon="3.10634">
        <ele>33.0</ele>
      </trkpt>
      <trkpt lat="50.53004" lon="3.1062">
        <ele>32.4</ele>
      </trkpt>
      <trkpt lat="50.53026" lon="3.10634">
        <ele>32.3</ele>
      </trkpt>
      <trkpt lat="50.53035" lon="3.10661">
        <ele>32.5</ele>
      </trkpt>
      <trkpt lat="50.5305" lon="3.10646">
        <ele>32.2</ele>
      </trkpt>
      <trkpt lat="50.53077" lon="3.10626">
        <ele>31.6</ele>
      </trkpt>
      <trkpt lat="50.53112" lon="3.10603">
        <ele>30.9</ele>
      </trkpt>
      <trkpt lat="50.5313" lon="3.10596">
        <ele>30.6</ele>
      </trkpt>
      <trkpt lat="50.53149" lon="3.10593">
        <ele>30.3</ele>
      </trkpt>
      <trkpt lat="50.53219" lon="3.10591">
        <ele>29.5</ele>
      </trkpt>
      <trkpt lat="50.53228" lon="3.10594">
        <ele>29.4</ele>
      </trkpt>
      <trkpt lat="50.53262" lon="3.10596">
        <ele>29.3</ele>
      </trkpt>
      <trkpt lat="50.53278" lon="3.10593">
        <ele>29.5</ele>
      </trkpt>
      <trkpt lat="50.53294" lon="3.10585">
        <ele>29.5</ele>
      </trkpt>
      <trkpt lat="50.53347" lon="3.10585">
        <ele>30.3</ele>
      </trkpt>
      <trkpt lat="50.53379" lon="3.10582">
        <ele>31.1</ele>
      </trkpt>
      <trkpt lat="50.53384" lon="3.10606">
        <ele>31.2</ele>
      </trkpt>
      <trkpt lat="50.53422" lon="3.10727">
        <ele>31.0</ele>
      </trkpt>
      <trkpt lat="50.53424" lon="3.1074">
        <ele>31.0</ele>
      </trkpt>
      <trkpt lat="50.53427" lon="3.10758">
        <ele>30.9</ele>
      </trkpt>
      <trkpt lat="50.53427" lon="3.10786">
        <ele>30.6</ele>
      </trkpt>
      <trkpt lat="50.53424" lon="3.10803">
        <ele>30.4</ele>
      </trkpt>
      <trkpt lat="50.5339" lon="3.10909">
        <ele>29.7</ele>
      </trkpt>
      <trkpt lat="50.53361" lon="3.10999">
        <ele>28.3</ele>
      </trkpt>
      <trkpt lat="50.53332" lon="3.11089">
        <ele>28.1</ele>
      </trkpt>
      <trkpt lat="50.53317" lon="3.11146">
        <ele>28.8</ele>
      </trkpt>
      <trkpt lat="50.53316" lon="3.1116">
        <ele>29.0</ele>
      </trkpt>
      <trkpt lat="50.53319" lon="3.11173">
        <ele>29.0</ele>
      </trkpt>
      <trkpt lat="50.53363" lon="3.11273">
        <ele>29.4</ele>
      </trkpt>
      <trkpt lat="50.53408" lon="3.11374">
        <ele>29.9</ele>
      </trkpt>
      <trkpt lat="50.53452" lon="3.11475">
        <ele>29.3</ele>
      </trkpt>
      <trkpt lat="50.53462" lon="3.115">
        <ele>29.0</ele>
      </trkpt>
      <trkpt lat="50.53469" lon="3.11521">
        <ele>29.0</ele>
      </trkpt>
      <trkpt lat="50.53491" lon="3.11617">
        <ele>29.0</ele>
      </trkpt>
      <trkpt lat="50.53505" lon="3.11709">
        <ele>29.0</ele>
      </trkpt>
      <trkpt lat="50.53525" lon="3.11784">
        <ele>29.0</ele>
      </trkpt>
      <trkpt lat="50.53546" lon="3.1186">
        <ele>29.4</ele>
      </trkpt>
      <trkpt lat="50.53564" lon="3.11932">
        <ele>29.7</ele>
      </trkpt>
      <trkpt lat="50.53592" lon="3.11997">
        <ele>28.4</ele>
      </trkpt>
      <trkpt lat="50.53625" lon="3.12069">
        <ele>30.0</ele>
      </trkpt>
      <trkpt lat="50.53658" lon="3.12142">
        <ele>31.0</ele>
      </trkpt>
      <trkpt lat="50.53662" lon="3.12155">
        <ele>31.0</ele>
      </trkpt>
      <trkpt lat="50.53662" lon="3.12161">
        <ele>30.9</ele>
      </trkpt>
      <trkpt lat="50.53655" lon="3.12171">
        <ele>30.5</ele>
      </trkpt>
      <trkpt lat="50.53621" lon="3.12206">
        <ele>29.1</ele>
      </trkpt>
      <trkpt lat="50.53618" lon="3.12212">
        <ele>29.0</ele>
      </trkpt>
      <trkpt lat="50.53617" lon="3.12219">
        <ele>29.0</ele>
      </trkpt>
      <trkpt lat="50.5362" lon="3.12236">
        <ele>29.0</ele>
      </trkpt>
      <trkpt lat="50.53641" lon="3.12321">
        <ele>28.2</ele>
      </trkpt>
      <trkpt lat="50.53658" lon="3.12371">
        <ele>28.0</ele>
      </trkpt>
      <trkpt lat="50.53669" lon="3.12396">
        <ele>28.0</ele>
      </trkpt>
      <trkpt lat="50.53707" lon="3.12468">
        <ele>28.8</ele>
      </trkpt>
      <trkpt lat="50.5374" lon="3.12551">
        <ele>29.8</ele>
      </trkpt>
      <trkpt lat="50.53749" lon="3.12581">
        <ele>30.0</ele>
      </trkpt>
      <trkpt lat="50.5375" lon="3.12598">
        <ele>30.0</ele>
      </trkpt>
      <trkpt lat="50.53768" lon="3.12598">
        <ele>30.6</ele>
      </trkpt>
      <trkpt lat="50.538" lon="3.12593">
        <ele>31.7</ele>
      </trkpt>
      <trkpt lat="50.53814" lon="3.12595">
        <ele>32.2</ele>
      </trkpt>
      <trkpt lat="50.53831" lon="3.12602">
        <ele>32.7</ele>
      </trkpt>
      <trkpt lat="50.53844" lon="3.12614">
        <ele>33.3</ele>
      </trkpt>
      <trkpt lat="50.53875" lon="3.12671">
        <ele>33.9</ele>
      </trkpt>
      <trkpt lat="50.539" lon="3.12723">
        <ele>33.4</ele>
      </trkpt>
      <trkpt lat="50.53909" lon="3.12733">
        <ele>33.4</ele>
      </trkpt>
      <trkpt lat="50.53954" lon="3.12748">
        <ele>32.2</ele>
      </trkpt>
      <trkpt lat="50.54023" lon="3.12787">
        <ele>31.0</ele>
      </trkpt>
      <trkpt lat="50.54025" lon="3.1278">
        <ele>31.0</ele>
      </trkpt>
      <trkpt lat="50.54018" lon="3.12799">
        <ele>30.8</ele>
      </trkpt>
      <trkpt lat="50.54002" lon="3.12827">
        <ele>30.1</ele>
      </trkpt>
      <trkpt lat="50.53991" lon="3.12856">
        <ele>30.2</ele>
      </trkpt>
      <trkpt lat="50.53982" lon="3.12894">
        <ele>30.6</ele>
      </trkpt>
      <trkpt lat="50.53976" lon="3.1293">
        <ele>30.9</ele>
      </trkpt>
      <trkpt lat="50.53966" lon="3.1304">
        <ele>31.6</ele>
      </trkpt>
      <trkpt lat="50.53961" lon="3.13075">
        <ele>31.5</ele>
      </trkpt>
      <trkpt lat="50.53958" lon="3.13085">
        <ele>31.5</ele>
      </trkpt>
      <trkpt lat="50.54005" lon="3.13151">
        <ele>31.2</ele>
      </trkpt>
      <trkpt lat="50.5401" lon="3.13173">
        <ele>31.1</ele>
      </trkpt>
      <trkpt lat="50.54015" lon="3.13252">
        <ele>31.2</ele>
      </trkpt>
      <trkpt lat="50.54018" lon="3.13272">
        <ele>31.2</ele>
      </trkpt>
      <trkpt lat="50.54023" lon="3.1329">
        <ele>31.1</ele>
      </trkpt>
      <trkpt lat="50.5405" lon="3.13357">
        <ele>30.8</ele>
      </trkpt>
      <trkpt lat="50.54077" lon="3.13423">
        <ele>30.0</ele>
      </trkpt>
      <trkpt lat="50.54093" lon="3.13447">
        <ele>29.6</ele>
      </trkpt>
      <trkpt lat="50.54116" lon="3.13472">
        <ele>29.2</ele>
      </trkpt>
      <trkpt lat="50.54183" lon="3.13534">
        <ele>29.2</ele>
      </trkpt>
      <trkpt lat="50.5425" lon="3.13596">
        <ele>29.3</ele>
      </trkpt>
      <trkpt lat="50.54317" lon="3.13657">
        <ele>30.1</ele>
      </trkpt>
      <trkpt lat="50.54384" lon="3.13719">
        <ele>31.4</ele>
      </trkpt>
      <trkpt lat="50.54383" lon="3.13718">
        <ele>31.4</ele>
      </trkpt>
      <trkpt lat="50.54384" lon="3.13719">
        <ele>31.4</ele>
      </trkpt>
      <trkpt lat="50.54351" lon="3.13777">
        <ele>30.0</ele>
      </trkpt>
      <trkpt lat="50.54318" lon="3.13834">
        <ele>28.8</ele>
      </trkpt>
      <trkpt lat="50.54316" lon="3.13842">
        <ele>28.8</ele>
      </trkpt>
      <trkpt lat="50.54314" lon="3.13854">
        <ele>28.8</ele>
      </trkpt>
      <trkpt lat="50.54309" lon="3.13907">
        <ele>28.7</ele>
      </trkpt>
      <trkpt lat="50.54306" lon="3.13929">
        <ele>28.7</ele>
      </trkpt>
      <trkpt lat="50.54282" lon="3.14054">
        <ele>29.0</ele>
      </trkpt>
      <trkpt lat="50.54259" lon="3.14179">
        <ele>30.0</ele>
      </trkpt>
      <trkpt lat="50.54236" lon="3.1428">
        <ele>29.4</ele>
      </trkpt>
      <trkpt lat="50.54232" lon="3.14309">
        <ele>29.2</ele>
      </trkpt>
      <trkpt lat="50.54233" lon="3.14337">
        <ele>29.0</ele>
      </trkpt>
      <trkpt lat="50.54242" lon="3.1439">
        <ele>29.0</ele>
      </trkpt>
      <trkpt lat="50.54245" lon="3.14423">
        <ele>29.1</ele>
      </trkpt>
      <trkpt lat="50.54236" lon="3.14541">
        <ele>29.8</ele>
      </trkpt>
      <trkpt lat="50.54236" lon="3.14564">
        <ele>29.8</ele>
      </trkpt>
      <trkpt lat="50.54239" lon="3.14586">
        <ele>29.9</ele>
      </trkpt>
      <trkpt lat="50.54254" lon="3.14638">
        <ele>30.0</ele>
      </trkpt>
      <trkpt lat="50.54256" lon="3.14658">
        <ele>30.0</ele>
      </trkpt>
      <trkpt lat="50.54254" lon="3.14682">
        <ele>30.2</ele>
      </trkpt>
      <trkpt lat="50.54238" lon="3.14718">
        <ele>30.4</ele>
      </trkpt>
      <trkpt lat="50.54231" lon="3.14747">
        <ele>30.5</ele>
      </trkpt>
      <trkpt lat="50.54226" lon="3.14813">
        <ele>31.0</ele>
      </trkpt>
      <trkpt lat="50.54228" lon="3.14875">
        <ele>31.1</ele>
      </trkpt>
      <trkpt lat="50.54234" lon="3.14928">
        <ele>31.1</ele>
      </trkpt>
      <trkpt lat="50.54244" lon="3.14978">
        <ele>31.0</ele>
      </trkpt>
      <trkpt lat="50.54246" lon="3.1503">
        <ele>30.8</ele>
      </trkpt>
      <trkpt lat="50.54248" lon="3.15045">
        <ele>30.9</ele>
      </trkpt>
      <trkpt lat="50.54285" lon="3.15127">
        <ele>30.3</ele>
      </trkpt>
      <trkpt lat="50.54257" lon="3.15176">
        <ele>30.0</ele>
      </trkpt>
      <trkpt lat="50.54236" lon="3.15222">
        <ele>29.8</ele>
      </trkpt>
      <trkpt lat="50.54222" lon="3.15257">
        <ele>29.6</ele>
      </trkpt>
      <trkpt lat="50.54186" lon="3.15361">
        <ele>29.5</ele>
      </trkpt>
      <trkpt lat="50.54158" lon="3.15424">
        <ele>28.9</ele>
      </trkpt>
      <trkpt lat="50.54142" lon="3.15455">
        <ele>28.7</ele>
      </trkpt>
      <trkpt lat="50.54111" lon="3.15507">
        <ele>28.7</ele>
      </trkpt>
      <trkpt lat="50.5408" lon="3.1556">
        <ele>29.0</ele>
      </trkpt>
      <trkpt lat="50.54068" lon="3.15585">
        <ele>29.0</ele>
      </trkpt>
      <trkpt lat="50.54046" lon="3.15639">
        <ele>28.6</ele>
      </trkpt>
      <trkpt lat="50.54035" lon="3.15672">
        <ele>28.6</ele>
      </trkpt>
      <trkpt lat="50.54024" lon="3.1571">
        <ele>28.7</ele>
      </trkpt>
      <trkpt lat="50.54003" lon="3.15807">
        <ele>29.0</ele>
      </trkpt>
      <trkpt lat="50.53982" lon="3.15904">
        <ele>29.0</ele>
      </trkpt>
      <trkpt lat="50.53961" lon="3.16002">
        <ele>29.5</ele>
      </trkpt>
      <trkpt lat="50.53948" lon="3.16046">
        <ele>29.6</ele>
      </trkpt>
      <trkpt lat="50.53934" lon="3.16082">
        <ele>29.8</ele>
      </trkpt>
      <trkpt lat="50.53907" lon="3.16137">
        <ele>29.4</ele>
      </trkpt>
      <trkpt lat="50.53876" lon="3.16188">
        <ele>29.5</ele>
      </trkpt>
      <trkpt lat="50.53827" lon="3.16253">
        <ele>30.1</ele>
      </trkpt>
      <trkpt lat="50.53778" lon="3.16319">
        <ele>30.4</ele>
      </trkpt>
      <trkpt lat="50.53765" lon="3.16333">
        <ele>30.2</ele>
      </trkpt>
      <trkpt lat="50.53746" lon="3.16349">
        <ele>30.1</ele>
      </trkpt>
      <trkpt lat="50.53715" lon="3.16364">
        <ele>30.8</ele>
      </trkpt>
      <trkpt lat="50.53687" lon="3.16373">
        <ele>31.5</ele>
      </trkpt>
      <trkpt lat="50.53681" lon="3.16371">
        <ele>31.7</ele>
      </trkpt>
      <trkpt lat="50.53676" lon="3.16373">
        <ele>31.8</ele>
      </trkpt>
      <trkpt lat="50.53672" lon="3.16381">
        <ele>31.9</ele>
      </trkpt>
      <trkpt lat="50.5367" lon="3.16391">
        <ele>31.9</ele>
      </trkpt>
      <trkpt lat="50.53676" lon="3.16417">
        <ele>31.8</ele>
      </trkpt>
      <trkpt lat="50.53674" lon="3.16435">
        <ele>32.0</ele>
      </trkpt>
      <trkpt lat="50.5364" lon="3.1654">
        <ele>32.7</ele>
      </trkpt>
      <trkpt lat="50.53605" lon="3.16646">
        <ele>33.0</ele>
      </trkpt>
      <trkpt lat="50.53571" lon="3.16752">
        <ele>33.9</ele>
      </trkpt>
      <trkpt lat="50.53562" lon="3.16786">
        <ele>34.1</ele>
      </trkpt>
      <trkpt lat="50.53557" lon="3.16812">
        <ele>34.2</ele>
      </trkpt>
      <trkpt lat="50.53554" lon="3.16865">
        <ele>34.4</ele>
      </trkpt>
      <trkpt lat="50.53552" lon="3.16915">
        <ele>34.6</ele>
      </trkpt>
      <trkpt lat="50.5355" lon="3.16934">
        <ele>34.6</ele>
      </trkpt>
      <trkpt lat="50.53544" lon="3.16952">
        <ele>34.5</ele>
      </trkpt>
      <trkpt lat="50.53534" lon="3.16966">
        <ele>34.5</ele>
      </trkpt>
      <trkpt lat="50.53488" lon="3.17008">
        <ele>35.1</ele>
      </trkpt>
      <trkpt lat="50.53474" lon="3.17024">
        <ele>35.3</ele>
      </trkpt>
      <trkpt lat="50.53442" lon="3.17081">
        <ele>35.7</ele>
      </trkpt>
      <trkpt lat="50.5341" lon="3.17137">
        <ele>36.1</ele>
      </trkpt>
      <trkpt lat="50.53366" lon="3.17196">
        <ele>37.9</ele>
      </trkpt>
      <trkpt lat="50.53322" lon="3.17255">
        <ele>40.3</ele>
      </trkpt>
      <trkpt lat="50.5332" lon="3.17253">
        <ele>40.2</ele>
      </trkpt>
      <trkpt lat="50.53322" lon="3.17255">
        <ele>40.3</ele>
      </trkpt>
      <trkpt lat="50.53388" lon="3.17338">
        <ele>40.7</ele>
      </trkpt>
      <trkpt lat="50.53437" lon="3.1738">
        <ele>39.9</ele>
      </trkpt>
      <trkpt lat="50.53459" lon="3.17402">
        <ele>39.4</ele>
      </trkpt>
      <trkpt lat="50.53504" lon="3.17462">
        <ele>38.5</ele>
      </trkpt>
      <trkpt lat="50.53548" lon="3.17521">
        <ele>39.1</ele>
      </trkpt>
      <trkpt lat="50.53555" lon="3.17527">
        <ele>39.1</ele>
      </trkpt>
      <trkpt lat="50.53555" lon="3.17536">
        <ele>39.1</ele>
      </trkpt>
      <trkpt lat="50.5356" lon="3.17553">
        <ele>39.2</ele>
      </trkpt>
      <trkpt lat="50.53587" lon="3.17617">
        <ele>39.4</ele>
      </trkpt>
      <trkpt lat="50.53615" lon="3.17681">
        <ele>39.6</ele>
      </trkpt>
      <trkpt lat="50.5362" lon="3.17682">
        <ele>39.6</ele>
      </trkpt>
      <trkpt lat="50.53671" lon="3.17718">
        <ele>38.8</ele>
      </trkpt>
      <trkpt lat="50.53728" lon="3.17754">
        <ele>36.8</ele>
      </trkpt>
      <trkpt lat="50.53774" lon="3.17777">
        <ele>35.9</ele>
      </trkpt>
      <trkpt lat="50.53836" lon="3.17794">
        <ele>35.5</ele>
      </trkpt>
      <trkpt lat="50.53899" lon="3.17812">
        <ele>35.3</ele>
      </trkpt>
      <trkpt lat="50.53921" lon="3.17821">
        <ele>35.1</ele>
      </trkpt>
      <trkpt lat="50.53982" lon="3.17858">
        <ele>33.4</ele>
      </trkpt>
      <trkpt lat="50.54043" lon="3.17896">
        <ele>33.5</ele>
      </trkpt>
      <trkpt lat="50.5409" lon="3.17928">
        <ele>33.8</ele>
      </trkpt>
      <trkpt lat="50.54086" lon="3.17944">
        <ele>33.6</ele>
      </trkpt>
      <trkpt lat="50.54085" lon="3.17967">
        <ele>33.4</ele>
      </trkpt>
      <trkpt lat="50.54087" lon="3.17998">
        <ele>33.0</ele>
      </trkpt>
      <trkpt lat="50.54092" lon="3.1803">
        <ele>32.9</ele>
      </trkpt>
      <trkpt lat="50.54099" lon="3.18064">
        <ele>32.7</ele>
      </trkpt>
      <trkpt lat="50.54112" lon="3.1811">
        <ele>32.0</ele>
      </trkpt>
      <trkpt lat="50.5414" lon="3.18191">
        <ele>30.5</ele>
      </trkpt>
      <trkpt lat="50.54144" lon="3.18214">
        <ele>30.4</ele>
      </trkpt>
      <trkpt lat="50.54151" lon="3.18273">
        <ele>30.4</ele>
      </trkpt>
      <trkpt lat="50.54151" lon="3.18307">
        <ele>30.6</ele>
      </trkpt>
      <trkpt lat="50.54146" lon="3.18346">
        <ele>30.8</ele>
      </trkpt>
      <trkpt lat="50.54146" lon="3.18354">
        <ele>30.8</ele>
      </trkpt>
      <trkpt lat="50.54149" lon="3.18362">
        <ele>30.9</ele>
      </trkpt>
      <trkpt lat="50.54153" lon="3.18368">
        <ele>30.9</ele>
      </trkpt>
      <trkpt lat="50.54203" lon="3.18416">
        <ele>30.6</ele>
      </trkpt>
      <trkpt lat="50.54243" lon="3.18461">
        <ele>30.6</ele>
      </trkpt>
      <trkpt lat="50.54287" lon="3.18491">
        <ele>30.4</ele>
      </trkpt>
      <trkpt lat="50.54331" lon="3.18521">
        <ele>30.3</ele>
      </trkpt>
      <trkpt lat="50.54334" lon="3.18526">
        <ele>30.3</ele>
      </trkpt>
      <trkpt lat="50.54335" lon="3.18533">
        <ele>30.4</ele>
      </trkpt>
      <trkpt lat="50.54333" lon="3.18543">
        <ele>30.5</ele>
      </trkpt>
      <trkpt lat="50.54291" lon="3.18601">
        <ele>31.1</ele>
      </trkpt>
      <trkpt lat="50.54248" lon="3.18668">
        <ele>31.0</ele>
      </trkpt>
      <trkpt lat="50.54226" lon="3.18708">
        <ele>30.4</ele>
      </trkpt>
      <trkpt lat="50.54188" lon="3.18787">
        <ele>29.9</ele>
      </trkpt>
      <trkpt lat="50.5415" lon="3.18866">
        <ele>30.2</ele>
      </trkpt>
      <trkpt lat="50.54206" lon="3.18932">
        <ele>29.6</ele>
      </trkpt>
      <trkpt lat="50.54262" lon="3.18998">
        <ele>29.7</ele>
      </trkpt>
      <trkpt lat="50.54267" lon="3.1901">
        <ele>29.8</ele>
      </trkpt>
      <trkpt lat="50.54346" lon="3.19013">
        <ele>28.1</ele>
      </trkpt>
      <trkpt lat="50.54407" lon="3.19006">
        <ele>28.0</ele>
      </trkpt>
      <trkpt lat="50.54468" lon="3.18999">
        <ele>29.2</ele>
      </trkpt>
      <trkpt lat="50.54516" lon="3.18998">
        <ele>30.2</ele>
      </trkpt>
      <trkpt lat="50.54576" lon="3.19008">
        <ele>30.9</ele>
      </trkpt>
      <trkpt lat="50.5463" lon="3.19022">
        <ele>31.0</ele>
      </trkpt>
      <trkpt lat="50.54696" lon="3.19043">
        <ele>31.7</ele>
      </trkpt>
      <trkpt lat="50.54745" lon="3.19059">
        <ele>32.9</ele>
      </trkpt>
      <trkpt lat="50.54795" lon="3.19075">
        <ele>31.4</ele>
      </trkpt>
      <trkpt lat="50.54857" lon="3.19103">
        <ele>29.6</ele>
      </trkpt>
      <trkpt lat="50.54888" lon="3.19123">
        <ele>29.3</ele>
      </trkpt>
      <trkpt lat="50.54902" lon="3.19139">
        <ele>29.5</ele>
      </trkpt>
      <trkpt lat="50.54917" lon="3.19151">
        <ele>29.6</ele>
      </trkpt>
      <trkpt lat="50.54944" lon="3.19164">
        <ele>29.6</ele>
      </trkpt>
      <trkpt lat="50.54989" lon="3.19201">
        <ele>29.2</ele>
      </trkpt>
      <trkpt lat="50.55013" lon="3.1921">
        <ele>29.0</ele>
      </trkpt>
      <trkpt lat="50.5507" lon="3.19223">
        <ele>29.0</ele>
      </trkpt>
      <trkpt lat="50.55127" lon="3.19237">
        <ele>29.0</ele>
      </trkpt>
      <trkpt lat="50.55173" lon="3.19242">
        <ele>29.0</ele>
      </trkpt>
      <trkpt lat="50.5519" lon="3.1924">
        <ele>29.0</ele>
      </trkpt>
      <trkpt lat="50.55246" lon="3.19218">
        <ele>29.0</ele>
      </trkpt>
      <trkpt lat="50.553" lon="3.19187">
        <ele>28.4</ele>
      </trkpt>
      <trkpt lat="50.55317" lon="3.19182">
        <ele>28.2</ele>
      </trkpt>
      <trkpt lat="50.55361" lon="3.1918">
        <ele>28.7</ele>
      </trkpt>
      <trkpt lat="50.5541" lon="3.19171">
        <ele>29.8</ele>
      </trkpt>
      <trkpt lat="50.55459" lon="3.19162">
        <ele>29.4</ele>
      </trkpt>
      <trkpt lat="50.55475" lon="3.19164">
        <ele>29.3</ele>
      </trkpt>
      <trkpt lat="50.55527" lon="3.1918">
        <ele>29.6</ele>
      </trkpt>
      <trkpt lat="50.55578" lon="3.19196">
        <ele>30.9</ele>
      </trkpt>
      <trkpt lat="50.55595" lon="3.19205">
        <ele>31.1</ele>
      </trkpt>
      <trkpt lat="50.55647" lon="3.19242">
        <ele>31.8</ele>
      </trkpt>
      <trkpt lat="50.55698" lon="3.19279">
        <ele>32.1</ele>
      </trkpt>
      <trkpt lat="50.55735" lon="3.19314">
        <ele>32.6</ele>
      </trkpt>
      <trkpt lat="50.55742" lon="3.19318">
        <ele>32.7</ele>
      </trkpt>
      <trkpt lat="50.55767" lon="3.19324">
        <ele>32.5</ele>
      </trkpt>
      <trkpt lat="50.5584" lon="3.1934">
        <ele>30.9</ele>
      </trkpt>
      <trkpt lat="50.55913" lon="3.19356">
        <ele>31.0</ele>
      </trkpt>
      <trkpt lat="50.55921" lon="3.19356">
        <ele>30.9</ele>
      </trkpt>
      <trkpt lat="50.55974" lon="3.19323">
        <ele>30.3</ele>
      </trkpt>
      <trkpt lat="50.56009" lon="3.19292">
        <ele>29.9</ele>
      </trkpt>
      <trkpt lat="50.56016" lon="3.19288">
        <ele>29.9</ele>
      </trkpt>
      <trkpt lat="50.56025" lon="3.19287">
        <ele>29.8</ele>
      </trkpt>
      <trkpt lat="50.56048" lon="3.19291">
        <ele>29.7</ele>
      </trkpt>
      <trkpt lat="50.56063" lon="3.19298">
        <ele>29.7</ele>
      </trkpt>
      <trkpt lat="50.56104" lon="3.19322">
        <ele>30.1</ele>
      </trkpt>
      <trkpt lat="50.56158" lon="3.19344">
        <ele>30.9</ele>
      </trkpt>
      <trkpt lat="50.56181" lon="3.19342">
        <ele>30.5</ele>
      </trkpt>
      <trkpt lat="50.56204" lon="3.19331">
        <ele>29.7</ele>
      </trkpt>
      <trkpt lat="50.56212" lon="3.19357">
        <ele>29.4</ele>
      </trkpt>
      <trkpt lat="50.56215" lon="3.19362">
        <ele>29.3</ele>
      </trkpt>
      <trkpt lat="50.56269" lon="3.19389">
        <ele>28.0</ele>
      </trkpt>
      <trkpt lat="50.56324" lon="3.19416">
        <ele>28.0</ele>
      </trkpt>
      <trkpt lat="50.56343" lon="3.19427">
        <ele>28.0</ele>
      </trkpt>
      <trkpt lat="50.56351" lon="3.19435">
        <ele>28.0</ele>
      </trkpt>
      <trkpt lat="50.5636" lon="3.19449">
        <ele>28.0</ele>
      </trkpt>
      <trkpt lat="50.56401" lon="3.19537">
        <ele>28.4</ele>
      </trkpt>
      <trkpt lat="50.56443" lon="3.19626">
        <ele>29.7</ele>
      </trkpt>
      <trkpt lat="50.56485" lon="3.19715">
        <ele>28.9</ele>
      </trkpt>
      <trkpt lat="50.56498" lon="3.19738">
        <ele>28.2</ele>
      </trkpt>
      <trkpt lat="50.56509" lon="3.19752">
        <ele>28.2</ele>
      </trkpt>
      <trkpt lat="50.5655" lon="3.1979">
        <ele>28.7</ele>
      </trkpt>
      <trkpt lat="50.56603" lon="3.19833">
        <ele>29.0</ele>
      </trkpt>
      <trkpt lat="50.56618" lon="3.1985">
        <ele>29.0</ele>
      </trkpt>
      <trkpt lat="50.56638" lon="3.19888">
        <ele>29.0</ele>
      </trkpt>
      <trkpt lat="50.56647" lon="3.19912">
        <ele>29.0</ele>
      </trkpt>
      <trkpt lat="50.56653" lon="3.19934">
        <ele>29.0</ele>
      </trkpt>
      <trkpt lat="50.5666" lon="3.19981">
        <ele>28.9</ele>
      </trkpt>
      <trkpt lat="50.56661" lon="3.20021">
        <ele>28.9</ele>
      </trkpt>
      <trkpt lat="50.56648" lon="3.20151">
        <ele>29.6</ele>
      </trkpt>
      <trkpt lat="50.56636" lon="3.20281">
        <ele>29.4</ele>
      </trkpt>
      <trkpt lat="50.56623" lon="3.20411">
        <ele>28.6</ele>
      </trkpt>
      <trkpt lat="50.56623" lon="3.20538">
        <ele>27.8</ele>
      </trkpt>
      <trkpt lat="50.56623" lon="3.20666">
        <ele>29.5</ele>
      </trkpt>
      <trkpt lat="50.56621" lon="3.20695">
        <ele>29.9</ele>
      </trkpt>
      <trkpt lat="50.56605" lon="3.20783">
        <ele>31.1</ele>
      </trkpt>
      <trkpt lat="50.56589" lon="3.20871">
        <ele>32.0</ele>
      </trkpt>
      <trkpt lat="50.56585" lon="3.20909">
        <ele>32.0</ele>
      </trkpt>
      <trkpt lat="50.56579" lon="3.21047">
        <ele>32.0</ele>
      </trkpt>
      <trkpt lat="50.56574" lon="3.21185">
        <ele>32.3</ele>
      </trkpt>
      <trkpt lat="50.56568" lon="3.21201">
        <ele>32.5</ele>
      </trkpt>
      <trkpt lat="50.56571" lon="3.21214">
        <ele>32.6</ele>
      </trkpt>
      <trkpt lat="50.56578" lon="3.21296">
        <ele>33.6</ele>
      </trkpt>
      <trkpt lat="50.56586" lon="3.21378">
        <ele>34.0</ele>
      </trkpt>
      <trkpt lat="50.56588" lon="3.21392">
        <ele>34.1</ele>
      </trkpt>
      <trkpt lat="50.56593" lon="3.21404">
        <ele>34.2</ele>
      </trkpt>
      <trkpt lat="50.566" lon="3.21414">
        <ele>34.4</ele>
      </trkpt>
      <trkpt lat="50.56609" lon="3.2142">
        <ele>34.7</ele>
      </trkpt>
      <trkpt lat="50.56637" lon="3.21431">
        <ele>35.5</ele>
      </trkpt>
      <trkpt lat="50.56633" lon="3.2149">
        <ele>36.1</ele>
      </trkpt>
      <trkpt lat="50.56631" lon="3.21603">
        <ele>36.1</ele>
      </trkpt>
      <trkpt lat="50.56713" lon="3.21613">
        <ele>37.6</ele>
      </trkpt>
      <trkpt lat="50.56725" lon="3.21627">
        <ele>37.9</ele>
      </trkpt>
      <trkpt lat="50.5675" lon="3.21645">
        <ele>38.7</ele>
      </trkpt>
      <trkpt lat="50.56785" lon="3.21654">
        <ele>38.9</ele>
      </trkpt>
      <trkpt lat="50.56792" lon="3.21728">
        <ele>39.0</ele>
      </trkpt>
      <trkpt lat="50.56799" lon="3.21766">
        <ele>39.0</ele>
      </trkpt>
      <trkpt lat="50.56825" lon="3.21869">
        <ele>39.8</ele>
      </trkpt>
      <trkpt lat="50.56851" lon="3.21971">
        <ele>40.1</ele>
      </trkpt>
      <trkpt lat="50.56851" lon="3.21987">
        <ele>40.2</ele>
      </trkpt>
      <trkpt lat="50.56849" lon="3.22">
        <ele>40.2</ele>
      </trkpt>
      <trkpt lat="50.56861" lon="3.22006">
        <ele>40.3</ele>
      </trkpt>
      <trkpt lat="50.56867" lon="3.22005">
        <ele>40.4</ele>
      </trkpt>
      <trkpt lat="50.56869" lon="3.2202">
        <ele>40.4</ele>
      </trkpt>
      <trkpt lat="50.56895" lon="3.22115">
        <ele>41.0</ele>
      </trkpt>
      <trkpt lat="50.56921" lon="3.22209">
        <ele>42.1</ele>
      </trkpt>
      <trkpt lat="50.56941" lon="3.22265">
        <ele>42.5</ele>
      </trkpt>
      <trkpt lat="50.56948" lon="3.22277">
        <ele>42.7</ele>
      </trkpt>
      <trkpt lat="50.5697" lon="3.22301">
        <ele>43.5</ele>
      </trkpt>
      <trkpt lat="50.56979" lon="3.22309">
        <ele>43.8</ele>
      </trkpt>
      <trkpt lat="50.56997" lon="3.22338">
        <ele>44.9</ele>
      </trkpt>
      <trkpt lat="50.57014" lon="3.22381">
        <ele>45.5</ele>
      </trkpt>
      <trkpt lat="50.57024" lon="3.2242">
        <ele>45.9</ele>
      </trkpt>
      <trkpt lat="50.57036" lon="3.22491">
        <ele>47.2</ele>
      </trkpt>
      <trkpt lat="50.57041" lon="3.22534">
        <ele>47.1</ele>
      </trkpt>
      <trkpt lat="50.57046" lon="3.22623">
        <ele>45.9</ele>
      </trkpt>
      <trkpt lat="50.57047" lon="3.22732">
        <ele>45.1</ele>
      </trkpt>
      <trkpt lat="50.57048" lon="3.22842">
        <ele>44.5</ele>
      </trkpt>
      <trkpt lat="50.57049" lon="3.22951">
        <ele>43.2</ele>
      </trkpt>
      <trkpt lat="50.57052" lon="3.23029">
        <ele>42.8</ele>
      </trkpt>
      <trkpt lat="50.57067" lon="3.23161">
        <ele>43.9</ele>
      </trkpt>
      <trkpt lat="50.57078" lon="3.23296">
        <ele>45.6</ele>
      </trkpt>
      <trkpt lat="50.57082" lon="3.23391">
        <ele>46.0</ele>
      </trkpt>
      <trkpt lat="50.57086" lon="3.23486">
        <ele>46.0</ele>
      </trkpt>
      <trkpt lat="50.5709" lon="3.23581">
        <ele>46.1</ele>
      </trkpt>
      <trkpt lat="50.57106" lon="3.23682">
        <ele>47.2</ele>
      </trkpt>
      <trkpt lat="50.5712" lon="3.23744">
        <ele>47.0</ele>
      </trkpt>
      <trkpt lat="50.57153" lon="3.23871">
        <ele>46.4</ele>
      </trkpt>
      <trkpt lat="50.57186" lon="3.23998">
        <ele>48.0</ele>
      </trkpt>
      <trkpt lat="50.5722" lon="3.24125">
        <ele>47.8</ele>
      </trkpt>
      <trkpt lat="50.5723" lon="3.24173">
        <ele>47.8</ele>
      </trkpt>
      <trkpt lat="50.5726" lon="3.24281">
        <ele>48.0</ele>
      </trkpt>
      <trkpt lat="50.57281" lon="3.24346">
        <ele>48.0</ele>
      </trkpt>
      <trkpt lat="50.57303" lon="3.24411">
        <ele>48.0</ele>
      </trkpt>
      <trkpt lat="50.57302" lon="3.24422">
        <ele>48.1</ele>
      </trkpt>
      <trkpt lat="50.57264" lon="3.24546">
        <ele>49.0</ele>
      </trkpt>
      <trkpt lat="50.57229" lon="3.24677">
        <ele>48.7</ele>
      </trkpt>
      <trkpt lat="50.57195" lon="3.24807">
        <ele>47.7</ele>
      </trkpt>
      <trkpt lat="50.57161" lon="3.24938">
        <ele>47.1</ele>
      </trkpt>
      <trkpt lat="50.57126" lon="3.25069">
        <ele>48.0</ele>
      </trkpt>
      <trkpt lat="50.57118" lon="3.25094">
        <ele>48.2</ele>
      </trkpt>
      <trkpt lat="50.57113" lon="3.251">
        <ele>48.4</ele>
      </trkpt>
      <trkpt lat="50.57108" lon="3.25102">
        <ele>48.6</ele>
      </trkpt>
      <trkpt lat="50.57109" lon="3.2513">
        <ele>48.8</ele>
      </trkpt>
      <trkpt lat="50.57107" lon="3.25154">
        <ele>49.0</ele>
      </trkpt>
      <trkpt lat="50.57092" lon="3.2522">
        <ele>49.8</ele>
      </trkpt>
      <trkpt lat="50.57076" lon="3.25287">
        <ele>50.3</ele>
      </trkpt>
      <trkpt lat="50.57062" lon="3.25335">
        <ele>50.5</ele>
      </trkpt>
      <trkpt lat="50.57037" lon="3.25401">
        <ele>49.4</ele>
      </trkpt>
      <trkpt lat="50.57012" lon="3.25468">
        <ele>47.4</ele>
      </trkpt>
      <trkpt lat="50.57006" lon="3.25492">
        <ele>46.5</ele>
      </trkpt>
      <trkpt lat="50.56982" lon="3.25611">
        <ele>44.7</ele>
      </trkpt>
      <trkpt lat="50.56955" lon="3.25728">
        <ele>44.0</ele>
      </trkpt>
      <trkpt lat="50.56928" lon="3.25845">
        <ele>45.0</ele>
      </trkpt>
      <trkpt lat="50.56902" lon="3.25963">
        <ele>44.7</ele>
      </trkpt>
      <trkpt lat="50.56875" lon="3.2608">
        <ele>44.5</ele>
      </trkpt>
      <trkpt lat="50.5684" lon="3.26185">
        <ele>45.0</ele>
      </trkpt>
      <trkpt lat="50.56805" lon="3.2629">
        <ele>44.1</ele>
      </trkpt>
      <trkpt lat="50.56782" lon="3.26384">
        <ele>44.1</ele>
      </trkpt>
      <trkpt lat="50.56755" lon="3.26473">
        <ele>44.7</ele>
      </trkpt>
      <trkpt lat="50.56754" lon="3.26495">
        <ele>44.9</ele>
      </trkpt>
      <trkpt lat="50.56756" lon="3.26507">
        <ele>44.8</ele>
      </trkpt>
      <trkpt lat="50.56757" lon="3.26513">
        <ele>44.8</ele>
      </trkpt>
      <trkpt lat="50.56763" lon="3.26529">
        <ele>44.5</ele>
      </trkpt>
      <trkpt lat="50.56774" lon="3.26541">
        <ele>44.2</ele>
      </trkpt>
      <trkpt lat="50.56826" lon="3.26565">
        <ele>43.3</ele>
      </trkpt>
      <trkpt lat="50.56852" lon="3.26569">
        <ele>43.4</ele>
      </trkpt>
      <trkpt lat="50.56924" lon="3.26561">
        <ele>44.2</ele>
      </trkpt>
      <trkpt lat="50.56933" lon="3.26563">
        <ele>44.4</ele>
      </trkpt>
      <trkpt lat="50.56944" lon="3.26572">
        <ele>44.7</ele>
      </trkpt>
      <trkpt lat="50.56953" lon="3.26585">
        <ele>44.9</ele>
      </trkpt>
      <trkpt lat="50.56958" lon="3.26607">
        <ele>45.0</ele>
      </trkpt>
      <trkpt lat="50.56958" lon="3.26629">
        <ele>45.0</ele>
      </trkpt>
      <trkpt lat="50.56951" lon="3.26743">
        <ele>44.8</ele>
      </trkpt>
      <trkpt lat="50.56955" lon="3.26763">
        <ele>44.9</ele>
      </trkpt>
      <trkpt lat="50.56964" lon="3.26785">
        <ele>45.1</ele>
      </trkpt>
      <trkpt lat="50.56969" lon="3.26792">
        <ele>45.3</ele>
      </trkpt>
      <trkpt lat="50.56982" lon="3.26801">
        <ele>45.6</ele>
      </trkpt>
      <trkpt lat="50.57052" lon="3.26826">
        <ele>49.7</ele>
      </trkpt>
      <trkpt lat="50.57073" lon="3.26837">
        <ele>51.4</ele>
      </trkpt>
      <trkpt lat="50.57117" lon="3.26871">
        <ele>54.3</ele>
      </trkpt>
      <trkpt lat="50.57137" lon="3.26883">
        <ele>55.5</ele>
      </trkpt>
      <trkpt lat="50.57178" lon="3.26899">
        <ele>56.9</ele>
      </trkpt>
      <trkpt lat="50.572" lon="3.26902">
        <ele>56.4</ele>
      </trkpt>
      <trkpt lat="50.57224" lon="3.26902">
        <ele>55.7</ele>
      </trkpt>
      <trkpt lat="50.57285" lon="3.26888">
        <ele>54.3</ele>
      </trkpt>
      <trkpt lat="50.5731" lon="3.26887">
        <ele>53.8</ele>
      </trkpt>
      <trkpt lat="50.57332" lon="3.26889">
        <ele>53.4</ele>
      </trkpt>
      <trkpt lat="50.57363" lon="3.26892">
        <ele>53.2</ele>
      </trkpt>
      <trkpt lat="50.57388" lon="3.26896">
        <ele>53.1</ele>
      </trkpt>
      <trkpt lat="50.57431" lon="3.26913">
        <ele>52.7</ele>
      </trkpt>
      <trkpt lat="50.57465" lon="3.26939">
        <ele>51.8</ele>
      </trkpt>
      <trkpt lat="50.57486" lon="3.2696">
        <ele>51.3</ele>
      </trkpt>
      <trkpt lat="50.57475" lon="3.27007">
        <ele>51.6</ele>
      </trkpt>
      <trkpt lat="50.57503" lon="3.2701">
        <ele>51.0</ele>
      </trkpt>
      <trkpt lat="50.57525" lon="3.27019">
        <ele>50.7</ele>
      </trkpt>
      <trkpt lat="50.57549" lon="3.27025">
        <ele>50.4</ele>
      </trkpt>
      <trkpt lat="50.57629" lon="3.27055">
        <ele>50.5</ele>
      </trkpt>
      <trkpt lat="50.57708" lon="3.27085">
        <ele>51.0</ele>
      </trkpt>
      <trkpt lat="50.57722" lon="3.27082">
        <ele>51.0</ele>
      </trkpt>
      <trkpt lat="50.57751" lon="3.27085">
        <ele>51.0</ele>
      </trkpt>
      <trkpt lat="50.57764" lon="3.2709">
        <ele>50.8</ele>
      </trkpt>
      <trkpt lat="50.57805" lon="3.27112">
        <ele>50.6</ele>
      </trkpt>
      <trkpt lat="50.57849" lon="3.27129">
        <ele>50.4</ele>
      </trkpt>
      <trkpt lat="50.57894" lon="3.27146">
        <ele>50.0</ele>
      </trkpt>
      <trkpt lat="50.57916" lon="3.27152">
        <ele>49.8</ele>
      </trkpt>
      <trkpt lat="50.57937" lon="3.27154">
        <ele>49.7</ele>
      </trkpt>
      <trkpt lat="50.57961" lon="3.27151">
        <ele>49.5</ele>
      </trkpt>
      <trkpt lat="50.58021" lon="3.27128">
        <ele>49.9</ele>
      </trkpt>
      <trkpt lat="50.58056" lon="3.27123">
        <ele>50.5</ele>
      </trkpt>
      <trkpt lat="50.58084" lon="3.27127">
        <ele>51.0</ele>
      </trkpt>
      <trkpt lat="50.58155" lon="3.27152">
        <ele>50.1</ele>
      </trkpt>
      <trkpt lat="50.58226" lon="3.27177">
        <ele>50.0</ele>
      </trkpt>
      <trkpt lat="50.58297" lon="3.27202">
        <ele>50.0</ele>
      </trkpt>
      <trkpt lat="50.58329" lon="3.27211">
        <ele>50.0</ele>
      </trkpt>
      <trkpt lat="50.58358" lon="3.27213">
        <ele>50.3</ele>
      </trkpt>
      <trkpt lat="50.58447" lon="3.2721">
        <ele>51.4</ele>
      </trkpt>
      <trkpt lat="50.58537" lon="3.27208">
        <ele>52.4</ele>
      </trkpt>
      <trkpt lat="50.58552" lon="3.27213">
        <ele>52.6</ele>
      </trkpt>
      <trkpt lat="50.58565" lon="3.27213">
        <ele>52.8</ele>
      </trkpt>
      <trkpt lat="50.58582" lon="3.27206">
        <ele>53.0</ele>
      </trkpt>
      <trkpt lat="50.5859" lon="3.27205">
        <ele>53.1</ele>
      </trkpt>
      <trkpt lat="50.58592" lon="3.27204">
        <ele>53.1</ele>
      </trkpt>
      <trkpt lat="50.5859" lon="3.27183">
        <ele>53.1</ele>
      </trkpt>
      <trkpt lat="50.58583" lon="3.27095">
        <ele>53.0</ele>
      </trkpt>
      <trkpt lat="50.58576" lon="3.26958">
        <ele>53.4</ele>
      </trkpt>
      <trkpt lat="50.58563" lon="3.26852">
        <ele>53.8</ele>
      </trkpt>
      <trkpt lat="50.5855" lon="3.26745">
        <ele>52.0</ele>
      </trkpt>
      <trkpt lat="50.58549" lon="3.26717">
        <ele>51.8</ele>
      </trkpt>
      <trkpt lat="50.5855" lon="3.26634">
        <ele>51.6</ele>
      </trkpt>
      <trkpt lat="50.58549" lon="3.26611">
        <ele>51.8</ele>
      </trkpt>
      <trkpt lat="50.58543" lon="3.26569">
        <ele>52.1</ele>
      </trkpt>
      <trkpt lat="50.58528" lon="3.2649">
        <ele>52.3</ele>
      </trkpt>
      <trkpt lat="50.58517" lon="3.26447">
        <ele>52.1</ele>
      </trkpt>
      <trkpt lat="50.58486" lon="3.26338">
        <ele>51.8</ele>
      </trkpt>
      <trkpt lat="50.58454" lon="3.2623">
        <ele>50.3</ele>
      </trkpt>
      <trkpt lat="50.58437" lon="3.26132">
        <ele>50.4</ele>
      </trkpt>
      <trkpt lat="50.58412" lon="3.26046">
        <ele>51.0</ele>
      </trkpt>
      <trkpt lat="50.58386" lon="3.25959">
        <ele>51.5</ele>
      </trkpt>
      <trkpt lat="50.58361" lon="3.25873">
        <ele>52.0</ele>
      </trkpt>
      <trkpt lat="50.58347" lon="3.25821">
        <ele>51.9</ele>
      </trkpt>
      <trkpt lat="50.58344" lon="3.25807">
        <ele>51.8</ele>
      </trkpt>
      <trkpt lat="50.58344" lon="3.25801">
        <ele>51.7</ele>
      </trkpt>
      <trkpt lat="50.58342" lon="3.25796">
        <ele>51.6</ele>
      </trkpt>
      <trkpt lat="50.58344" lon="3.25801">
        <ele>51.7</ele>
      </trkpt>
      <trkpt lat="50.58352" lon="3.25792">
        <ele>51.7</ele>
      </trkpt>
      <trkpt lat="50.58419" lon="3.25748">
        <ele>53.0</ele>
      </trkpt>
      <trkpt lat="50.58507" lon="3.25717">
        <ele>51.9</ele>
      </trkpt>
      <trkpt lat="50.58594" lon="3.25686">
        <ele>51.0</ele>
      </trkpt>
      <trkpt lat="50.58641" lon="3.25667">
        <ele>51.0</ele>
      </trkpt>
      <trkpt lat="50.58687" lon="3.25649">
        <ele>51.0</ele>
      </trkpt>
      <trkpt lat="50.58769" lon="3.25607">
        <ele>50.9</ele>
      </trkpt>
      <trkpt lat="50.58828" lon="3.25574">
        <ele>51.1</ele>
      </trkpt>
      <trkpt lat="50.58888" lon="3.2554">
        <ele>50.9</ele>
      </trkpt>
      <trkpt lat="50.5896" lon="3.25514">
        <ele>50.4</ele>
      </trkpt>
      <trkpt lat="50.59004" lon="3.25493">
        <ele>49.9</ele>
      </trkpt>
      <trkpt lat="50.59011" lon="3.25492">
        <ele>49.9</ele>
      </trkpt>
      <trkpt lat="50.59016" lon="3.25493">
        <ele>49.9</ele>
      </trkpt>
      <trkpt lat="50.5906" lon="3.25538">
        <ele>49.7</ele>
      </trkpt>
      <trkpt lat="50.59128" lon="3.25587">
        <ele>49.5</ele>
      </trkpt>
      <trkpt lat="50.59148" lon="3.25601">
        <ele>49.7</ele>
      </trkpt>
      <trkpt lat="50.59156" lon="3.25604">
        <ele>49.8</ele>
      </trkpt>
      <trkpt lat="50.59162" lon="3.25602">
        <ele>49.9</ele>
      </trkpt>
      <trkpt lat="50.59231" lon="3.25549">
        <ele>50.0</ele>
      </trkpt>
      <trkpt lat="50.593" lon="3.25496">
        <ele>50.6</ele>
      </trkpt>
      <trkpt lat="50.59327" lon="3.25479">
        <ele>50.7</ele>
      </trkpt>
      <trkpt lat="50.59358" lon="3.25463">
        <ele>50.5</ele>
      </trkpt>
      <trkpt lat="50.59372" lon="3.25451">
        <ele>50.5</ele>
      </trkpt>
      <trkpt lat="50.59364" lon="3.2542">
        <ele>50.4</ele>
      </trkpt>
      <trkpt lat="50.5936" lon="3.25322">
        <ele>50.1</ele>
      </trkpt>
      <trkpt lat="50.59362" lon="3.25313">
        <ele>50.0</ele>
      </trkpt>
      <trkpt lat="50.59366" lon="3.25306">
        <ele>49.9</ele>
      </trkpt>
      <trkpt lat="50.59381" lon="3.25297">
        <ele>49.9</ele>
      </trkpt>
      <trkpt lat="50.59441" lon="3.25288">
        <ele>49.4</ele>
      </trkpt>
      <trkpt lat="50.59462" lon="3.25276">
        <ele>48.7</ele>
      </trkpt>
      <trkpt lat="50.59471" lon="3.25267">
        <ele>48.5</ele>
      </trkpt>
      <trkpt lat="50.5947" lon="3.25228">
        <ele>48.3</ele>
      </trkpt>
      <trkpt lat="50.59464" lon="3.25151">
        <ele>48.1</ele>
      </trkpt>
      <trkpt lat="50.5946" lon="3.25123">
        <ele>48.3</ele>
      </trkpt>
      <trkpt lat="50.59451" lon="3.251">
        <ele>48.3</ele>
      </trkpt>
      <trkpt lat="50.59425" lon="3.25063">
        <ele>48.1</ele>
      </trkpt>
      <trkpt lat="50.59373" lon="3.24971">
        <ele>47.8</ele>
      </trkpt>
      <trkpt lat="50.59398" lon="3.24938">
        <ele>47.4</ele>
      </trkpt>
      <trkpt lat="50.59419" lon="3.2491">
        <ele>47.0</ele>
      </trkpt>
      <trkpt lat="50.59424" lon="3.24896">
        <ele>47.1</ele>
      </trkpt>
      <trkpt lat="50.59424" lon="3.24884">
        <ele>47.1</ele>
      </trkpt>
      <trkpt lat="50.59418" lon="3.24853">
        <ele>47.0</ele>
      </trkpt>
      <trkpt lat="50.59393" lon="3.2479">
        <ele>47.3</ele>
      </trkpt>
      <trkpt lat="50.59389" lon="3.24777">
        <ele>47.3</ele>
      </trkpt>
      <trkpt lat="50.59389" lon="3.24767">
        <ele>47.3</ele>
      </trkpt>
      <trkpt lat="50.5939" lon="3.24758">
        <ele>47.3</ele>
      </trkpt>
      <trkpt lat="50.59395" lon="3.24746">
        <ele>47.3</ele>
      </trkpt>
      <trkpt lat="50.59433" lon="3.24699">
        <ele>47.5</ele>
      </trkpt>
      <trkpt lat="50.59438" lon="3.24691">
        <ele>47.7</ele>
      </trkpt>
      <trkpt lat="50.59439" lon="3.24683">
        <ele>47.8</ele>
      </trkpt>
      <trkpt lat="50.59436" lon="3.24665">
        <ele>47.7</ele>
      </trkpt>
      <trkpt lat="50.59416" lon="3.24607">
        <ele>48.4</ele>
      </trkpt>
      <trkpt lat="50.59411" lon="3.24585">
        <ele>49.0</ele>
      </trkpt>
      <trkpt lat="50.59389" lon="3.24466">
        <ele>50.1</ele>
      </trkpt>
      <trkpt lat="50.59387" lon="3.24442">
        <ele>49.8</ele>
      </trkpt>
      <trkpt lat="50.59392" lon="3.24421">
        <ele>49.7</ele>
      </trkpt>
      <trkpt lat="50.59399" lon="3.24408">
        <ele>49.8</ele>
      </trkpt>
      <trkpt lat="50.5944" lon="3.24361">
        <ele>51.0</ele>
      </trkpt>
      <trkpt lat="50.59481" lon="3.24314">
        <ele>51.5</ele>
      </trkpt>
      <trkpt lat="50.59493" lon="3.24297">
        <ele>51.1</ele>
      </trkpt>
      <trkpt lat="50.59508" lon="3.24271">
        <ele>49.8</ele>
      </trkpt>
      <trkpt lat="50.59516" lon="3.24249">
        <ele>48.6</ele>
      </trkpt>
      <trkpt lat="50.59536" lon="3.24154">
        <ele>45.6</ele>
      </trkpt>
      <trkpt lat="50.59548" lon="3.24068">
        <ele>45.3</ele>
      </trkpt>
      <trkpt lat="50.59559" lon="3.24008">
        <ele>44.9</ele>
      </trkpt>
      <trkpt lat="50.59595" lon="3.23896">
        <ele>45.4</ele>
      </trkpt>
      <trkpt lat="50.59631" lon="3.23783">
        <ele>45.7</ele>
      </trkpt>
      <trkpt lat="50.59647" lon="3.23704">
        <ele>45.8</ele>
      </trkpt>
      <trkpt lat="50.59663" lon="3.23625">
        <ele>46.0</ele>
      </trkpt>
      <trkpt lat="50.59661" lon="3.23623">
        <ele>46.0</ele>
      </trkpt>
      <trkpt lat="50.5962" lon="3.23583">
        <ele>46.0</ele>
      </trkpt>
      <trkpt lat="50.59569" lon="3.23522">
        <ele>46.8</ele>
      </trkpt>
      <trkpt lat="50.59519" lon="3.23462">
        <ele>47.0</ele>
      </trkpt>
      <trkpt lat="50.59468" lon="3.23402">
        <ele>46.2</ele>
      </trkpt>
      <trkpt lat="50.59404" lon="3.23333">
        <ele>45.0</ele>
      </trkpt>
      <trkpt lat="50.59349" lon="3.23279">
        <ele>45.7</ele>
      </trkpt>
      <trkpt lat="50.59297" lon="3.23242">
        <ele>46.9</ele>
      </trkpt>
      <trkpt lat="50.59246" lon="3.23206">
        <ele>48.0</ele>
      </trkpt>
      <trkpt lat="50.59192" lon="3.23165">
        <ele>48.0</ele>
      </trkpt>
      <trkpt lat="50.59139" lon="3.23125">
        <ele>47.8</ele>
      </trkpt>
      <trkpt lat="50.59071" lon="3.23062">
        <ele>48.1</ele>
      </trkpt>
      <trkpt lat="50.59003" lon="3.23">
        <ele>49.0</ele>
      </trkpt>
      <trkpt lat="50.58935" lon="3.22938">
        <ele>49.8</ele>
      </trkpt>
      <trkpt lat="50.58924" lon="3.22928">
        <ele>49.9</ele>
      </trkpt>
      <trkpt lat="50.58922" lon="3.22923">
        <ele>49.9</ele>
      </trkpt>
      <trkpt lat="50.58922" lon="3.22902">
        <ele>49.9</ele>
      </trkpt>
      <trkpt lat="50.5891" lon="3.22898">
        <ele>50.0</ele>
      </trkpt>
      <trkpt lat="50.58922" lon="3.22902">
        <ele>49.9</ele>
      </trkpt>
      <trkpt lat="50.5897" lon="3.22904">
        <ele>49.4</ele>
      </trkpt>
      <trkpt lat="50.59055" lon="3.22891">
        <ele>49.0</ele>
      </trkpt>
      <trkpt lat="50.59068" lon="3.22871">
        <ele>49.0</ele>
      </trkpt>
      <trkpt lat="50.59068" lon="3.22865">
        <ele>49.0</ele>
      </trkpt>
      <trkpt lat="50.59069" lon="3.22863">
        <ele>49.0</ele>
      </trkpt>
      <trkpt lat="50.59098" lon="3.22819">
        <ele>48.8</ele>
      </trkpt>
      <trkpt lat="50.59127" lon="3.22793">
        <ele>48.2</ele>
      </trkpt>
      <trkpt lat="50.59135" lon="3.2278">
        <ele>48.0</ele>
      </trkpt>
      <trkpt lat="50.59139" lon="3.22763">
        <ele>47.8</ele>
      </trkpt>
      <trkpt lat="50.59155" lon="3.22664">
        <ele>47.3</ele>
      </trkpt>
      <trkpt lat="50.59172" lon="3.22565">
        <ele>47.9</ele>
      </trkpt>
      <trkpt lat="50.59189" lon="3.22444">
        <ele>47.9</ele>
      </trkpt>
      <trkpt lat="50.59205" lon="3.22307">
        <ele>47.9</ele>
      </trkpt>
      <trkpt lat="50.59221" lon="3.2217">
        <ele>47.3</ele>
      </trkpt>
      <trkpt lat="50.59237" lon="3.22032">
        <ele>46.2</ele>
      </trkpt>
      <trkpt lat="50.59249" lon="3.21912">
        <ele>45.0</ele>
      </trkpt>
      <trkpt lat="50.5926" lon="3.21792">
        <ele>45.0</ele>
      </trkpt>
      <trkpt lat="50.59272" lon="3.21671">
        <ele>45.0</ele>
      </trkpt>
      <trkpt lat="50.59289" lon="3.2155">
        <ele>45.3</ele>
      </trkpt>
      <trkpt lat="50.59306" lon="3.21429">
        <ele>45.8</ele>
      </trkpt>
      <trkpt lat="50.59308" lon="3.2141">
        <ele>46.0</ele>
      </trkpt>
      <trkpt lat="50.59312" lon="3.2141">
        <ele>45.8</ele>
      </trkpt>
      <trkpt lat="50.59321" lon="3.21402">
        <ele>45.6</ele>
      </trkpt>
      <trkpt lat="50.59376" lon="3.2135">
        <ele>45.9</ele>
      </trkpt>
      <trkpt lat="50.59432" lon="3.21298">
        <ele>45.0</ele>
      </trkpt>
      <trkpt lat="50.59478" lon="3.21247">
        <ele>44.7</ele>
      </trkpt>
      <trkpt lat="50.59523" lon="3.21195">
        <ele>44.7</ele>
      </trkpt>
      <trkpt lat="50.59582" lon="3.21112">
        <ele>44.7</ele>
      </trkpt>
      <trkpt lat="50.59585" lon="3.21099">
        <ele>44.8</ele>
      </trkpt>
      <trkpt lat="50.596" lon="3.21003">
        <ele>46.0</ele>
      </trkpt>
      <trkpt lat="50.59616" lon="3.20907">
        <ele>46.2</ele>
      </trkpt>
      <trkpt lat="50.59635" lon="3.20795">
        <ele>44.7</ele>
      </trkpt>
      <trkpt lat="50.59655" lon="3.20684">
        <ele>41.6</ele>
      </trkpt>
      <trkpt lat="50.59657" lon="3.20614">
        <ele>40.4</ele>
      </trkpt>
      <trkpt lat="50.59656" lon="3.20567">
        <ele>40.0</ele>
      </trkpt>
      <trkpt lat="50.59657" lon="3.20532">
        <ele>39.9</ele>
      </trkpt>
      <trkpt lat="50.59663" lon="3.20483">
        <ele>39.3</ele>
      </trkpt>
      <trkpt lat="50.59682" lon="3.20477">
        <ele>39.0</ele>
      </trkpt>
      <trkpt lat="50.59698" lon="3.20475">
        <ele>38.7</ele>
      </trkpt>
      <trkpt lat="50.59731" lon="3.20477">
        <ele>38.4</ele>
      </trkpt>
      <trkpt lat="50.59778" lon="3.20486">
        <ele>37.8</ele>
      </trkpt>
      <trkpt lat="50.59825" lon="3.20495">
        <ele>37.0</ele>
      </trkpt>
      <trkpt lat="50.59897" lon="3.20513">
        <ele>34.9</ele>
      </trkpt>
      <trkpt lat="50.59951" lon="3.20532">
        <ele>32.5</ele>
      </trkpt>
      <trkpt lat="50.60006" lon="3.20551">
        <ele>30.2</ele>
      </trkpt>
      <trkpt lat="50.60047" lon="3.20574">
        <ele>30.7</ele>
      </trkpt>
      <trkpt lat="50.60074" lon="3.20594">
        <ele>31.4</ele>
      </trkpt>
      <trkpt lat="50.60119" lon="3.20635">
        <ele>32.9</ele>
      </trkpt>
      <trkpt lat="50.60137" lon="3.20645">
        <ele>33.2</ele>
      </trkpt>
      <trkpt lat="50.60181" lon="3.20657">
        <ele>33.5</ele>
      </trkpt>
      <trkpt lat="50.60242" lon="3.20666">
        <ele>33.1</ele>
      </trkpt>
      <trkpt lat="50.60316" lon="3.20677">
        <ele>33.1</ele>
      </trkpt>
      <trkpt lat="50.60389" lon="3.20688">
        <ele>31.9</ele>
      </trkpt>
      <trkpt lat="50.60449" lon="3.207">
        <ele>32.2</ele>
      </trkpt>
      <trkpt lat="50.6051" lon="3.20712">
        <ele>33.8</ele>
      </trkpt>
      <trkpt lat="50.60521" lon="3.20709">
        <ele>34.1</ele>
      </trkpt>
      <trkpt lat="50.60528" lon="3.207">
        <ele>34.3</ele>
      </trkpt>
      <trkpt lat="50.60543" lon="3.20675">
        <ele>34.6</ele>
      </trkpt>
      <trkpt lat="50.60555" lon="3.20643">
        <ele>34.1</ele>
      </trkpt>
      <trkpt lat="50.60559" lon="3.20621">
        <ele>33.5</ele>
      </trkpt>
      <trkpt lat="50.60566" lon="3.20568">
        <ele>32.0</ele>
      </trkpt>
      <trkpt lat="50.6057" lon="3.20556">
        <ele>31.9</ele>
      </trkpt>
      <trkpt lat="50.60576" lon="3.20548">
        <ele>31.9</ele>
      </trkpt>
      <trkpt lat="50.60625" lon="3.20496">
        <ele>31.9</ele>
      </trkpt>
      <trkpt lat="50.60665" lon="3.20459">
        <ele>32.0</ele>
      </trkpt>
      <trkpt lat="50.60672" lon="3.20449">
        <ele>31.8</ele>
      </trkpt>
      <trkpt lat="50.60679" lon="3.20435">
        <ele>31.6</ele>
      </trkpt>
      <trkpt lat="50.60689" lon="3.20399">
        <ele>30.9</ele>
      </trkpt>
      <trkpt lat="50.60707" lon="3.2034">
        <ele>30.1</ele>
      </trkpt>
      <trkpt lat="50.60731" lon="3.2029">
        <ele>29.6</ele>
      </trkpt>
      <trkpt lat="50.60758" lon="3.20223">
        <ele>28.8</ele>
      </trkpt>
      <trkpt lat="50.60777" lon="3.20189">
        <ele>29.1</ele>
      </trkpt>
      <trkpt lat="50.60806" lon="3.2015">
        <ele>30.2</ele>
      </trkpt>
      <trkpt lat="50.60862" lon="3.2008">
        <ele>31.0</ele>
      </trkpt>
      <trkpt lat="50.60888" lon="3.20031">
        <ele>30.7</ele>
      </trkpt>
      <trkpt lat="50.609" lon="3.20012">
        <ele>30.7</ele>
      </trkpt>
      <trkpt lat="50.60975" lon="3.19936">
        <ele>32.3</ele>
      </trkpt>
      <trkpt lat="50.61049" lon="3.1986">
        <ele>32.3</ele>
      </trkpt>
      <trkpt lat="50.61061" lon="3.19851">
        <ele>32.2</ele>
      </trkpt>
      <trkpt lat="50.61091" lon="3.1984">
        <ele>31.9</ele>
      </trkpt>
      <trkpt lat="50.61139" lon="3.19837">
        <ele>30.7</ele>
      </trkpt>
      <trkpt lat="50.61139" lon="3.19837">
        <ele>30.7</ele>
      </trkpt>
      <trkpt lat="50.61139" lon="3.19837">
        <ele>30.7</ele>
      </trkpt>
      <trkpt lat="50.61134" lon="3.19837">
        <ele>30.9</ele>
      </trkpt>
      <trkpt lat="50.61126" lon="3.1993">
        <ele>32.7</ele>
      </trkpt>
      <trkpt lat="50.61118" lon="3.20023">
        <ele>33.9</ele>
      </trkpt>
      <trkpt lat="50.61117" lon="3.20131">
        <ele>33.1</ele>
      </trkpt>
      <trkpt lat="50.61116" lon="3.2024">
        <ele>32.8</ele>
      </trkpt>
      <trkpt lat="50.61111" lon="3.20279">
        <ele>33.4</ele>
      </trkpt>
      <trkpt lat="50.61106" lon="3.20299">
        <ele>33.8</ele>
      </trkpt>
      <trkpt lat="50.61064" lon="3.20416">
        <ele>35.2</ele>
      </trkpt>
      <trkpt lat="50.61052" lon="3.20458">
        <ele>35.3</ele>
      </trkpt>
      <trkpt lat="50.61047" lon="3.20487">
        <ele>35.3</ele>
      </trkpt>
      <trkpt lat="50.61045" lon="3.20524">
        <ele>35.4</ele>
      </trkpt>
      <trkpt lat="50.61051" lon="3.20659">
        <ele>35.4</ele>
      </trkpt>
      <trkpt lat="50.61052" lon="3.20701">
        <ele>35.5</ele>
      </trkpt>
      <trkpt lat="50.61048" lon="3.20766">
        <ele>35.8</ele>
      </trkpt>
      <trkpt lat="50.61044" lon="3.20868">
        <ele>35.9</ele>
      </trkpt>
      <trkpt lat="50.61047" lon="3.20868">
        <ele>35.7</ele>
      </trkpt>
      <trkpt lat="50.61049" lon="3.20909">
        <ele>35.6</ele>
      </trkpt>
      <trkpt lat="50.6105" lon="3.20913">
        <ele>35.6</ele>
      </trkpt>
      <trkpt lat="50.61054" lon="3.20912">
        <ele>35.4</ele>
      </trkpt>
      <trkpt lat="50.61112" lon="3.20871">
        <ele>33.0</ele>
      </trkpt>
      <trkpt lat="50.61169" lon="3.2083">
        <ele>31.0</ele>
      </trkpt>
      <trkpt lat="50.61174" lon="3.20843">
        <ele>30.7</ele>
      </trkpt>
      <trkpt lat="50.61237" lon="3.20776">
        <ele>29.2</ele>
      </trkpt>
      <trkpt lat="50.61245" lon="3.20772">
        <ele>28.9</ele>
      </trkpt>
      <trkpt lat="50.61255" lon="3.20781">
        <ele>28.6</ele>
      </trkpt>
      <trkpt lat="50.61267" lon="3.20796">
        <ele>28.4</ele>
      </trkpt>
      <trkpt lat="50.61283" lon="3.20824">
        <ele>28.1</ele>
      </trkpt>
      <trkpt lat="50.61327" lon="3.20911">
        <ele>28.0</ele>
      </trkpt>
      <trkpt lat="50.61334" lon="3.20918">
        <ele>28.0</ele>
      </trkpt>
      <trkpt lat="50.61342" lon="3.20922">
        <ele>27.7</ele>
      </trkpt>
      <trkpt lat="50.61368" lon="3.20923">
        <ele>26.8</ele>
      </trkpt>
      <trkpt lat="50.61378" lon="3.20926">
        <ele>26.5</ele>
      </trkpt>
      <trkpt lat="50.61383" lon="3.20934">
        <ele>26.5</ele>
      </trkpt>
      <trkpt lat="50.61404" lon="3.20981">
        <ele>26.8</ele>
      </trkpt>
      <trkpt lat="50.61412" lon="3.20992">
        <ele>26.9</ele>
      </trkpt>
      <trkpt lat="50.61424" lon="3.21001">
        <ele>26.9</ele>
      </trkpt>
      <trkpt lat="50.61458" lon="3.21024">
        <ele>26.5</ele>
      </trkpt>
      <trkpt lat="50.61473" lon="3.2103">
        <ele>26.3</ele>
      </trkpt>
      <trkpt lat="50.61488" lon="3.21029">
        <ele>26.1</ele>
      </trkpt>
      <trkpt lat="50.61542" lon="3.21016">
        <ele>26.0</ele>
      </trkpt>
      <trkpt lat="50.61567" lon="3.21016">
        <ele>26.0</ele>
      </trkpt>
      <trkpt lat="50.61575" lon="3.21018">
        <ele>26.0</ele>
      </trkpt>
      <trkpt lat="50.61587" lon="3.21028">
        <ele>26.0</ele>
      </trkpt>
      <trkpt lat="50.61643" lon="3.21101">
        <ele>26.2</ele>
      </trkpt>
      <trkpt lat="50.617" lon="3.21149">
        <ele>26.5</ele>
      </trkpt>
      <trkpt lat="50.61713" lon="3.21156">
        <ele>26.4</ele>
      </trkpt>
      <trkpt lat="50.61723" lon="3.21159">
        <ele>26.3</ele>
      </trkpt>
      <trkpt lat="50.6173" lon="3.21158">
        <ele>26.2</ele>
      </trkpt>
      <trkpt lat="50.61752" lon="3.21146">
        <ele>26.0</ele>
      </trkpt>
      <trkpt lat="50.61758" lon="3.21154">
        <ele>25.8</ele>
      </trkpt>
      <trkpt lat="50.61798" lon="3.212">
        <ele>24.7</ele>
      </trkpt>
      <trkpt lat="50.61839" lon="3.21246">
        <ele>23.9</ele>
      </trkpt>
      <trkpt lat="50.61843" lon="3.21256">
        <ele>24.0</ele>
      </trkpt>
      <trkpt lat="50.61874" lon="3.21354">
        <ele>24.5</ele>
      </trkpt>
      <trkpt lat="50.61882" lon="3.21365">
        <ele>24.4</ele>
      </trkpt>
      <trkpt lat="50.61941" lon="3.21399">
        <ele>23.7</ele>
      </trkpt>
      <trkpt lat="50.62012" lon="3.21437">
        <ele>23.0</ele>
      </trkpt>
      <trkpt lat="50.62084" lon="3.21475">
        <ele>22.3</ele>
      </trkpt>
      <trkpt lat="50.62155" lon="3.21513">
        <ele>22.9</ele>
      </trkpt>
      <trkpt lat="50.62227" lon="3.21552">
        <ele>24.6</ele>
      </trkpt>
      <trkpt lat="50.62264" lon="3.21576">
        <ele>25.3</ele>
      </trkpt>
      <trkpt lat="50.62321" lon="3.21608">
        <ele>23.8</ele>
      </trkpt>
      <trkpt lat="50.62397" lon="3.21649">
        <ele>23.0</ele>
      </trkpt>
      <trkpt lat="50.62472" lon="3.21691">
        <ele>24.2</ele>
      </trkpt>
      <trkpt lat="50.62548" lon="3.21732">
        <ele>23.8</ele>
      </trkpt>
      <trkpt lat="50.62623" lon="3.21773">
        <ele>22.8</ele>
      </trkpt>
      <trkpt lat="50.62699" lon="3.21815">
        <ele>22.5</ele>
      </trkpt>
      <trkpt lat="50.62705" lon="3.21822">
        <ele>22.5</ele>
      </trkpt>
      <trkpt lat="50.6274" lon="3.21889">
        <ele>22.9</ele>
      </trkpt>
      <trkpt lat="50.62775" lon="3.21957">
        <ele>23.8</ele>
      </trkpt>
      <trkpt lat="50.62827" lon="3.22068">
        <ele>24.0</ele>
      </trkpt>
      <trkpt lat="50.62833" lon="3.22058">
        <ele>24.0</ele>
      </trkpt>
      <trkpt lat="50.6286" lon="3.22029">
        <ele>25.0</ele>
      </trkpt>
      <trkpt lat="50.629" lon="3.21994">
        <ele>26.3</ele>
      </trkpt>
      <trkpt lat="50.62939" lon="3.2196">
        <ele>26.5</ele>
      </trkpt>
      <trkpt lat="50.62953" lon="3.21944">
        <ele>26.3</ele>
      </trkpt>
      <trkpt lat="50.62981" lon="3.21895">
        <ele>25.7</ele>
      </trkpt>
      <trkpt lat="50.62988" lon="3.21886">
        <ele>25.6</ele>
      </trkpt>
      <trkpt lat="50.63005" lon="3.21871">
        <ele>25.5</ele>
      </trkpt>
      <trkpt lat="50.63022" lon="3.21864">
        <ele>25.8</ele>
      </trkpt>
      <trkpt lat="50.63093" lon="3.21846">
        <ele>27.0</ele>
      </trkpt>
      <trkpt lat="50.63129" lon="3.21828">
        <ele>26.9</ele>
      </trkpt>
      <trkpt lat="50.63156" lon="3.21809">
        <ele>26.7</ele>
      </trkpt>
      <trkpt lat="50.63181" lon="3.2178">
        <ele>26.5</ele>
      </trkpt>
      <trkpt lat="50.63193" lon="3.21769">
        <ele>26.5</ele>
      </trkpt>
      <trkpt lat="50.63266" lon="3.21719">
        <ele>27.0</ele>
      </trkpt>
      <trkpt lat="50.63338" lon="3.2167">
        <ele>26.9</ele>
      </trkpt>
      <trkpt lat="50.63411" lon="3.2162">
        <ele>25.5</ele>
      </trkpt>
      <trkpt lat="50.63483" lon="3.21571">
        <ele>26.6</ele>
      </trkpt>
      <trkpt lat="50.63496" lon="3.21562">
        <ele>26.9</ele>
      </trkpt>
      <trkpt lat="50.63539" lon="3.21519">
        <ele>27.0</ele>
      </trkpt>
      <trkpt lat="50.6356" lon="3.21491">
        <ele>26.9</ele>
      </trkpt>
      <trkpt lat="50.63623" lon="3.21402">
        <ele>26.4</ele>
      </trkpt>
      <trkpt lat="50.6367" lon="3.21329">
        <ele>26.9</ele>
      </trkpt>
      <trkpt lat="50.63717" lon="3.21256">
        <ele>25.7</ele>
      </trkpt>
      <trkpt lat="50.63724" lon="3.21249">
        <ele>25.7</ele>
      </trkpt>
      <trkpt lat="50.63729" lon="3.21247">
        <ele>25.7</ele>
      </trkpt>
      <trkpt lat="50.63737" lon="3.21249">
        <ele>25.8</ele>
      </trkpt>
      <trkpt lat="50.63766" lon="3.21287">
        <ele>26.4</ele>
      </trkpt>
      <trkpt lat="50.63774" lon="3.2129">
        <ele>26.3</ele>
      </trkpt>
      <trkpt lat="50.63783" lon="3.21283">
        <ele>26.2</ele>
      </trkpt>
      <trkpt lat="50.63784" lon="3.21279">
        <ele>26.2</ele>
      </trkpt>
      <trkpt lat="50.63799" lon="3.21235">
        <ele>25.9</ele>
      </trkpt>
      <trkpt lat="50.63831" lon="3.21158">
        <ele>26.1</ele>
      </trkpt>
      <trkpt lat="50.63838" lon="3.21138">
        <ele>26.4</ele>
      </trkpt>
      <trkpt lat="50.63841" lon="3.21117">
        <ele>26.7</ele>
      </trkpt>
      <trkpt lat="50.63838" lon="3.21085">
        <ele>27.0</ele>
      </trkpt>
      <trkpt lat="50.63838" lon="3.21073">
        <ele>27.1</ele>
      </trkpt>
      <trkpt lat="50.6384" lon="3.21062">
        <ele>27.1</ele>
      </trkpt>
      <trkpt lat="50.63845" lon="3.21047">
        <ele>27.1</ele>
      </trkpt>
      <trkpt lat="50.63874" lon="3.20992">
        <ele>27.4</ele>
      </trkpt>
      <trkpt lat="50.63934" lon="3.20897">
        <ele>27.4</ele>
      </trkpt>
      <trkpt lat="50.63954" lon="3.20873">
        <ele>27.9</ele>
      </trkpt>
      <trkpt lat="50.63959" lon="3.20865">
        <ele>28.0</ele>
      </trkpt>
      <trkpt lat="50.63962" lon="3.20853">
        <ele>28.1</ele>
      </trkpt>
      <trkpt lat="50.63964" lon="3.20833">
        <ele>28.1</ele>
      </trkpt>
      <trkpt lat="50.63961" lon="3.20755">
        <ele>27.6</ele>
      </trkpt>
      <trkpt lat="50.63963" lon="3.20743">
        <ele>27.5</ele>
      </trkpt>
      <trkpt lat="50.63979" lon="3.20685">
        <ele>27.2</ele>
      </trkpt>
      <trkpt lat="50.63992" lon="3.20666">
        <ele>27.0</ele>
      </trkpt>
      <trkpt lat="50.64011" lon="3.20629">
        <ele>26.5</ele>
      </trkpt>
      <trkpt lat="50.6402" lon="3.20618">
        <ele>26.4</ele>
      </trkpt>
      <trkpt lat="50.64032" lon="3.20616">
        <ele>26.4</ele>
      </trkpt>
      <trkpt lat="50.6406" lon="3.20627">
        <ele>26.5</ele>
      </trkpt>
      <trkpt lat="50.64074" lon="3.20625">
        <ele>26.5</ele>
      </trkpt>
      <trkpt lat="50.64122" lon="3.20598">
        <ele>26.2</ele>
      </trkpt>
      <trkpt lat="50.64143" lon="3.20583">
        <ele>26.0</ele>
      </trkpt>
      <trkpt lat="50.64166" lon="3.20558">
        <ele>26.0</ele>
      </trkpt>
      <trkpt lat="50.64182" lon="3.20535">
        <ele>26.6</ele>
      </trkpt>
      <trkpt lat="50.64218" lon="3.20458">
        <ele>27.2</ele>
      </trkpt>
      <trkpt lat="50.64233" lon="3.20434">
        <ele>27.1</ele>
      </trkpt>
      <trkpt lat="50.64241" lon="3.20427">
        <ele>27.1</ele>
      </trkpt>
      <trkpt lat="50.6425" lon="3.20428">
        <ele>27.3</ele>
      </trkpt>
      <trkpt lat="50.64256" lon="3.20434">
        <ele>27.6</ele>
      </trkpt>
      <trkpt lat="50.64294" lon="3.20489">
        <ele>29.8</ele>
      </trkpt>
      <trkpt lat="50.64331" lon="3.20544">
        <ele>31.0</ele>
      </trkpt>
      <trkpt lat="50.64342" lon="3.20554">
        <ele>31.0</ele>
      </trkpt>
      <trkpt lat="50.64377" lon="3.20499">
        <ele>30.5</ele>
      </trkpt>
      <trkpt lat="50.6439" lon="3.20473">
        <ele>29.9</ele>
      </trkpt>
      <trkpt lat="50.64431" lon="3.20351">
        <ele>28.0</ele>
      </trkpt>
      <trkpt lat="50.64443" lon="3.20327">
        <ele>27.6</ele>
      </trkpt>
      <trkpt lat="50.64456" lon="3.20305">
        <ele>27.3</ele>
      </trkpt>
      <trkpt lat="50.6448" lon="3.20279">
        <ele>27.4</ele>
      </trkpt>
      <trkpt lat="50.64543" lon="3.20231">
        <ele>28.6</ele>
      </trkpt>
      <trkpt lat="50.64552" lon="3.20215">
        <ele>28.8</ele>
      </trkpt>
      <trkpt lat="50.64557" lon="3.20194">
        <ele>28.9</ele>
      </trkpt>
      <trkpt lat="50.64558" lon="3.20153">
        <ele>29.0</ele>
      </trkpt>
      <trkpt lat="50.64553" lon="3.20066">
        <ele>28.6</ele>
      </trkpt>
      <trkpt lat="50.64555" lon="3.19975">
        <ele>28.3</ele>
      </trkpt>
      <trkpt lat="50.64563" lon="3.19907">
        <ele>27.4</ele>
      </trkpt>
      <trkpt lat="50.64569" lon="3.19868">
        <ele>27.1</ele>
      </trkpt>
      <trkpt lat="50.64583" lon="3.1979">
        <ele>26.5</ele>
      </trkpt>
      <trkpt lat="50.64601" lon="3.19704">
        <ele>26.5</ele>
      </trkpt>
      <trkpt lat="50.64604" lon="3.19678">
        <ele>26.5</ele>
      </trkpt>
      <trkpt lat="50.64604" lon="3.19655">
        <ele>26.4</ele>
      </trkpt>
      <trkpt lat="50.64598" lon="3.19624">
        <ele>25.9</ele>
      </trkpt>
      <trkpt lat="50.64581" lon="3.19572">
        <ele>25.0</ele>
      </trkpt>
      <trkpt lat="50.64574" lon="3.19549">
        <ele>25.0</ele>
      </trkpt>
      <trkpt lat="50.64573" lon="3.1954">
        <ele>24.9</ele>
      </trkpt>
      <trkpt lat="50.64575" lon="3.1952">
        <ele>24.9</ele>
      </trkpt>
      <trkpt lat="50.64574" lon="3.19507">
        <ele>24.9</ele>
      </trkpt>
      <trkpt lat="50.64567" lon="3.19495">
        <ele>24.8</ele>
      </trkpt>
      <trkpt lat="50.64539" lon="3.19486">
        <ele>24.5</ele>
      </trkpt>
      <trkpt lat="50.64515" lon="3.19467">
        <ele>24.4</ele>
      </trkpt>
      <trkpt lat="50.64495" lon="3.19439">
        <ele>24.8</ele>
      </trkpt>
      <trkpt lat="50.64481" lon="3.19411">
        <ele>25.0</ele>
      </trkpt>
      <trkpt lat="50.64547" lon="3.19376">
        <ele>24.6</ele>
      </trkpt>
      <trkpt lat="50.64612" lon="3.19341">
        <ele>24.1</ele>
      </trkpt>
      <trkpt lat="50.64677" lon="3.19306">
        <ele>24.4</ele>
      </trkpt>
      <trkpt lat="50.64679" lon="3.19287">
        <ele>24.4</ele>
      </trkpt>
      <trkpt lat="50.6469" lon="3.19212">
        <ele>24.8</ele>
      </trkpt>
      <trkpt lat="50.64702" lon="3.19137">
        <ele>24.8</ele>
      </trkpt>
      <trkpt lat="50.64715" lon="3.19034">
        <ele>23.8</ele>
      </trkpt>
      <trkpt lat="50.64714" lon="3.19026">
        <ele>23.7</ele>
      </trkpt>
      <trkpt lat="50.64718" lon="3.19009">
        <ele>23.7</ele>
      </trkpt>
      <trkpt lat="50.64733" lon="3.19013">
        <ele>23.9</ele>
      </trkpt>
      <trkpt lat="50.64747" lon="3.19016">
        <ele>24.1</ele>
      </trkpt>
      <trkpt lat="50.64757" lon="3.19019">
        <ele>24.4</ele>
      </trkpt>
      <trkpt lat="50.64755" lon="3.19041">
        <ele>24.6</ele>
      </trkpt>
      <trkpt lat="50.64758" lon="3.19042">
        <ele>24.7</ele>
      </trkpt>
      <trkpt lat="50.6476" lon="3.19015">
        <ele>24.4</ele>
      </trkpt>
      <trkpt lat="50.64764" lon="3.19016">
        <ele>24.6</ele>
      </trkpt>
      <trkpt lat="50.64762" lon="3.19044">
        <ele>24.9</ele>
      </trkpt>
      <trkpt lat="50.64765" lon="3.19051">
        <ele>25.1</ele>
      </trkpt>
      <trkpt lat="50.64801" lon="3.19071">
        <ele>26.6</ele>
      </trkpt>
      <trkpt lat="50.64868" lon="3.19112">
        <ele>29.5</ele>
      </trkpt>
      <trkpt lat="50.64935" lon="3.19153">
        <ele>32.1</ele>
      </trkpt>
      <trkpt lat="50.64943" lon="3.19164">
        <ele>32.6</ele>
      </trkpt>
      <trkpt lat="50.64944" lon="3.19177">
        <ele>32.6</ele>
      </trkpt>
      <trkpt lat="50.64921" lon="3.19291">
        <ele>31.6</ele>
      </trkpt>
      <trkpt lat="50.64899" lon="3.19405">
        <ele>29.9</ele>
      </trkpt>
      <trkpt lat="50.64894" lon="3.19445">
        <ele>29.5</ele>
      </trkpt>
      <trkpt lat="50.64872" lon="3.19558">
        <ele>29.0</ele>
      </trkpt>
      <trkpt lat="50.6485" lon="3.19671">
        <ele>28.8</ele>
      </trkpt>
      <trkpt lat="50.64915" lon="3.19718">
        <ele>28.6</ele>
      </trkpt>
      <trkpt lat="50.64928" lon="3.19732">
        <ele>29.2</ele>
      </trkpt>
      <trkpt lat="50.64932" lon="3.19742">
        <ele>29.4</ele>
      </trkpt>
      <trkpt lat="50.64937" lon="3.19752">
        <ele>29.8</ele>
      </trkpt>
      <trkpt lat="50.64942" lon="3.19754">
        <ele>30.0</ele>
      </trkpt>
      <trkpt lat="50.64956" lon="3.19753">
        <ele>30.5</ele>
      </trkpt>
      <trkpt lat="50.64971" lon="3.1976">
        <ele>31.2</ele>
      </trkpt>
      <trkpt lat="50.64956" lon="3.19741">
        <ele>30.3</ele>
      </trkpt>
      <trkpt lat="50.64952" lon="3.19734">
        <ele>30.0</ele>
      </trkpt>
      <trkpt lat="50.64952" lon="3.19732">
        <ele>30.0</ele>
      </trkpt>
      <trkpt lat="50.64952" lon="3.19717">
        <ele>29.7</ele>
      </trkpt>
      <trkpt lat="50.64957" lon="3.19691">
        <ele>29.4</ele>
      </trkpt>
      <trkpt lat="50.64972" lon="3.19646">
        <ele>29.4</ele>
      </trkpt>
      <trkpt lat="50.64986" lon="3.19609">
        <ele>29.8</ele>
      </trkpt>
      <trkpt lat="50.65036" lon="3.19513">
        <ele>32.6</ele>
      </trkpt>
      <trkpt lat="50.65086" lon="3.19418">
        <ele>34.1</ele>
      </trkpt>
      <trkpt lat="50.65136" lon="3.19323">
        <ele>35.4</ele>
      </trkpt>
      <trkpt lat="50.65182" lon="3.1924">
        <ele>35.3</ele>
      </trkpt>
      <trkpt lat="50.65227" lon="3.19157">
        <ele>35.0</ele>
      </trkpt>
      <trkpt lat="50.65247" lon="3.19127">
        <ele>35.0</ele>
      </trkpt>
      <trkpt lat="50.6526" lon="3.19113">
        <ele>34.9</ele>
      </trkpt>
      <trkpt lat="50.65293" lon="3.19085">
        <ele>35.1</ele>
      </trkpt>
      <trkpt lat="50.65348" lon="3.19064">
        <ele>35.9</ele>
      </trkpt>
      <trkpt lat="50.65364" lon="3.19054">
        <ele>36.0</ele>
      </trkpt>
      <trkpt lat="50.65378" lon="3.1904">
        <ele>36.0</ele>
      </trkpt>
      <trkpt lat="50.65392" lon="3.19023">
        <ele>36.0</ele>
      </trkpt>
      <trkpt lat="50.65404" lon="3.19004">
        <ele>35.9</ele>
      </trkpt>
      <trkpt lat="50.65415" lon="3.1898">
        <ele>35.7</ele>
      </trkpt>
      <trkpt lat="50.65433" lon="3.18918">
        <ele>35.8</ele>
      </trkpt>
      <trkpt lat="50.65438" lon="3.1892">
        <ele>36.1</ele>
      </trkpt>
      <trkpt lat="50.65445" lon="3.18902">
        <ele>36.4</ele>
      </trkpt>
      <trkpt lat="50.65466" lon="3.18883">
        <ele>37.4</ele>
      </trkpt>
      <trkpt lat="50.65523" lon="3.18838">
        <ele>39.8</ele>
      </trkpt>
      <trkpt lat="50.65604" lon="3.18778">
        <ele>42.8</ele>
      </trkpt>
      <trkpt lat="50.65686" lon="3.18718">
        <ele>45.7</ele>
      </trkpt>
      <trkpt lat="50.65767" lon="3.18658">
        <ele>48.4</ele>
      </trkpt>
      <trkpt lat="50.65848" lon="3.18597">
        <ele>49.3</ele>
      </trkpt>
      <trkpt lat="50.65929" lon="3.18537">
        <ele>49.7</ele>
      </trkpt>
      <trkpt lat="50.66011" lon="3.18477">
        <ele>50.8</ele>
      </trkpt>
      <trkpt lat="50.66092" lon="3.18417">
        <ele>50.1</ele>
      </trkpt>
      <trkpt lat="50.6613" lon="3.18392">
        <ele>50.4</ele>
      </trkpt>
      <trkpt lat="50.66171" lon="3.18361">
        <ele>50.9</ele>
      </trkpt>
      <trkpt lat="50.66213" lon="3.1833">
        <ele>50.5</ele>
      </trkpt>
      <trkpt lat="50.6625" lon="3.183">
        <ele>50.0</ele>
      </trkpt>
      <trkpt lat="50.663" lon="3.18263">
        <ele>49.7</ele>
      </trkpt>
      <trkpt lat="50.66351" lon="3.18226">
        <ele>48.7</ele>
      </trkpt>
      <trkpt lat="50.66391" lon="3.18198">
        <ele>48.9</ele>
      </trkpt>
      <trkpt lat="50.66418" lon="3.18193">
        <ele>49.3</ele>
      </trkpt>
      <trkpt lat="50.66427" lon="3.18195">
        <ele>49.1</ele>
      </trkpt>
      <trkpt lat="50.66439" lon="3.18206">
        <ele>49.1</ele>
      </trkpt>
      <trkpt lat="50.66442" lon="3.18207">
        <ele>49.0</ele>
      </trkpt>
      <trkpt lat="50.66452" lon="3.18201">
        <ele>48.7</ele>
      </trkpt>
      <trkpt lat="50.66495" lon="3.18243">
        <ele>48.9</ele>
      </trkpt>
      <trkpt lat="50.66494" lon="3.18246">
        <ele>49.0</ele>
      </trkpt>
      <trkpt lat="50.66559" lon="3.18306">
        <ele>48.9</ele>
      </trkpt>
      <trkpt lat="50.66624" lon="3.18365">
        <ele>47.7</ele>
      </trkpt>
      <trkpt lat="50.66688" lon="3.18425">
        <ele>44.9</ele>
      </trkpt>
      <trkpt lat="50.66753" lon="3.18485">
        <ele>42.7</ele>
      </trkpt>
      <trkpt lat="50.66818" lon="3.18545">
        <ele>40.6</ele>
      </trkpt>
      <trkpt lat="50.66883" lon="3.18602">
        <ele>39.4</ele>
      </trkpt>
      <trkpt lat="50.66947" lon="3.1866">
        <ele>39.9</ele>
      </trkpt>
      <trkpt lat="50.66961" lon="3.18677">
        <ele>40.0</ele>
      </trkpt>
      <trkpt lat="50.66977" lon="3.18702">
        <ele>40.0</ele>
      </trkpt>
      <trkpt lat="50.66983" lon="3.18713">
        <ele>40.0</ele>
      </trkpt>
      <trkpt lat="50.66989" lon="3.18716">
        <ele>40.0</ele>
      </trkpt>
      <trkpt lat="50.67001" lon="3.18732">
        <ele>40.0</ele>
      </trkpt>
      <trkpt lat="50.67063" lon="3.18833">
        <ele>39.0</ele>
      </trkpt>
      <trkpt lat="50.67125" lon="3.18932">
        <ele>38.8</ele>
      </trkpt>
      <trkpt lat="50.67187" lon="3.1903">
        <ele>39.4</ele>
      </trkpt>
      <trkpt lat="50.6725" lon="3.19129">
        <ele>39.5</ele>
      </trkpt>
      <trkpt lat="50.67312" lon="3.19227">
        <ele>38.3</ele>
      </trkpt>
      <trkpt lat="50.67374" lon="3.19326">
        <ele>37.1</ele>
      </trkpt>
      <trkpt lat="50.67432" lon="3.19419">
        <ele>36.0</ele>
      </trkpt>
      <trkpt lat="50.6749" lon="3.19511">
        <ele>35.2</ele>
      </trkpt>
      <trkpt lat="50.67548" lon="3.19604">
        <ele>35.2</ele>
      </trkpt>
      <trkpt lat="50.67606" lon="3.19697">
        <ele>35.5</ele>
      </trkpt>
      <trkpt lat="50.67664" lon="3.1979">
        <ele>34.5</ele>
      </trkpt>
      <trkpt lat="50.67705" lon="3.19852">
        <ele>35.2</ele>
      </trkpt>
      <trkpt lat="50.67745" lon="3.19915">
        <ele>36.0</ele>
      </trkpt>
      <trkpt lat="50.67808" lon="3.20015">
        <ele>34.2</ele>
      </trkpt>
      <trkpt lat="50.6787" lon="3.20115">
        <ele>33.0</ele>
      </trkpt>
      <trkpt lat="50.67933" lon="3.20216">
        <ele>31.6</ele>
      </trkpt>
      <trkpt lat="50.67922" lon="3.2023">
        <ele>31.9</ele>
      </trkpt>
      <trkpt lat="50.67892" lon="3.20254">
        <ele>32.2</ele>
      </trkpt>
      <trkpt lat="50.67859" lon="3.20274">
        <ele>32.2</ele>
      </trkpt>
      <trkpt lat="50.67839" lon="3.20295">
        <ele>31.9</ele>
      </trkpt>
      <trkpt lat="50.67832" lon="3.20308">
        <ele>31.6</ele>
      </trkpt>
      <trkpt lat="50.67826" lon="3.20326">
        <ele>31.3</ele>
      </trkpt>
      <trkpt lat="50.67823" lon="3.20346">
        <ele>31.1</ele>
      </trkpt>
      <trkpt lat="50.67823" lon="3.2037">
        <ele>31.1</ele>
      </trkpt>
      <trkpt lat="50.6783" lon="3.20396">
        <ele>31.0</ele>
      </trkpt>
      <trkpt lat="50.67857" lon="3.20445">
        <ele>31.3</ele>
      </trkpt>
      <trkpt lat="50.67835" lon="3.20479">
        <ele>31.7</ele>
      </trkpt>
      <trkpt lat="50.67858" lon="3.20512">
        <ele>32.0</ele>
      </trkpt>
      <trkpt lat="50.67861" lon="3.20525">
        <ele>32.1</ele>
      </trkpt>
      <trkpt lat="50.67873" lon="3.2055">
        <ele>32.3</ele>
      </trkpt>
      <trkpt lat="50.67878" lon="3.20563">
        <ele>32.4</ele>
      </trkpt>
      <trkpt lat="50.67882" lon="3.2059">
        <ele>32.6</ele>
      </trkpt>
      <trkpt lat="50.67881" lon="3.20612">
        <ele>32.6</ele>
      </trkpt>
      <trkpt lat="50.67877" lon="3.2063">
        <ele>32.6</ele>
      </trkpt>
      <trkpt lat="50.67871" lon="3.20643">
        <ele>32.4</ele>
      </trkpt>
      <trkpt lat="50.67865" lon="3.20651">
        <ele>32.2</ele>
      </trkpt>
      <trkpt lat="50.67856" lon="3.20658">
        <ele>31.9</ele>
      </trkpt>
      <trkpt lat="50.67841" lon="3.20664">
        <ele>31.3</ele>
      </trkpt>
      <trkpt lat="50.67819" lon="3.2066">
        <ele>31.2</ele>
      </trkpt>
      <trkpt lat="50.67808" lon="3.2065">
        <ele>31.4</ele>
      </trkpt>
      <trkpt lat="50.67801" lon="3.20639">
        <ele>31.5</ele>
      </trkpt>
      <trkpt lat="50.67796" lon="3.20647">
        <ele>31.5</ele>
      </trkpt>
      <trkpt lat="50.67794" lon="3.20643">
        <ele>31.5</ele>
      </trkpt>
      <trkpt lat="50.67797" lon="3.20638">
        <ele>31.5</ele>
      </trkpt>
      <trkpt lat="50.67796" lon="3.20635">
        <ele>31.5</ele>
      </trkpt>
    </trkseg>
  </trk>
</gpx>
