<?xml version="1.0" encoding="UTF-8"?>
<gpx xmlns:gpxdata="http://www.cluetrust.com/XML/GPXDATA/1/0" xmlns:xsi="http://www.w3.org/2001/XMLSchema-instance" xmlns="http://www.topografix.com/GPX/1/1" version="1.1" creator="http://ridewithgps.com/" xsi:schemaLocation="http://www.topografix.com/GPX/1/1 http://www.topografix.com/GPX/1/1/gpx.xsd http://www.cluetrust.com/XML/GPXDATA/1/0 http://www.cluetrust.com/Schemas/gpxdata10.xsd">
  <metadata>
    <name>Tourmalet</name>
    <link href="https://ridewithgps.com/routes/7458866">
      <text>Tourmalet</text>
    </link>
    <time>2015-04-11T11:52:06Z</time>
  </metadata>
  <trk>
    <name>Tourmalet</name>
    <trkseg>
      <trkpt lat="42.950764" lon="-0.067627">
        <ele>477.2</ele>
      </trkpt>
      <trkpt lat="42.950718" lon="-0.067566">
        <ele>476.8</ele>
      </trkpt>
      <trkpt lat="42.950676" lon="-0.067505">
        <ele>476.8</ele>
      </trkpt>
      <trkpt lat="42.950603" lon="-0.067352">
        <ele>476.8</ele>
      </trkpt>
      <trkpt lat="42.950531" lon="-0.067207">
        <ele>488.3</ele>
      </trkpt>
      <trkpt lat="42.950497" lon="-0.067139">
        <ele>476.8</ele>
      </trkpt>
      <trkpt lat="42.950401" lon="-0.066803">
        <ele>476.8</ele>
      </trkpt>
      <trkpt lat="42.950279" lon="-0.066193">
        <ele>476.8</ele>
      </trkpt>
      <trkpt lat="42.950153" lon="-0.065552">
        <ele>476.8</ele>
      </trkpt>
      <trkpt lat="42.950104" lon="-0.065308">
        <ele>477.2</ele>
      </trkpt>
      <trkpt lat="42.950089" lon="-0.065215">
        <ele>477.6</ele>
      </trkpt>
      <trkpt lat="42.950073" lon="-0.065125">
        <ele>478.0</ele>
      </trkpt>
      <trkpt lat="42.950054" lon="-0.065032">
        <ele>478.4</ele>
      </trkpt>
      <trkpt lat="42.950043" lon="-0.064941">
        <ele>478.8</ele>
      </trkpt>
      <trkpt lat="42.949959" lon="-0.064514">
        <ele>478.8</ele>
      </trkpt>
      <trkpt lat="42.94994" lon="-0.064453">
        <ele>478.8</ele>
      </trkpt>
      <trkpt lat="42.949863" lon="-0.064209">
        <ele>478.8</ele>
      </trkpt>
      <trkpt lat="42.949741" lon="-0.063904">
        <ele>478.8</ele>
      </trkpt>
      <trkpt lat="42.949627" lon="-0.063599">
        <ele>479.2</ele>
      </trkpt>
      <trkpt lat="42.949599" lon="-0.063506">
        <ele>479.6</ele>
      </trkpt>
      <trkpt lat="42.94957" lon="-0.063446">
        <ele>480.0</ele>
      </trkpt>
      <trkpt lat="42.949539" lon="-0.063385">
        <ele>480.4</ele>
      </trkpt>
      <trkpt lat="42.949512" lon="-0.063293">
        <ele>480.8</ele>
      </trkpt>
      <trkpt lat="42.949337" lon="-0.062958">
        <ele>480.8</ele>
      </trkpt>
      <trkpt lat="42.949139" lon="-0.062622">
        <ele>481.2</ele>
      </trkpt>
      <trkpt lat="42.949097" lon="-0.062561">
        <ele>481.6</ele>
      </trkpt>
      <trkpt lat="42.949055" lon="-0.0625">
        <ele>482.0</ele>
      </trkpt>
      <trkpt lat="42.949017" lon="-0.062439">
        <ele>482.6</ele>
      </trkpt>
      <trkpt lat="42.948977" lon="-0.062347">
        <ele>483.0</ele>
      </trkpt>
      <trkpt lat="42.94894" lon="-0.062286">
        <ele>483.0</ele>
      </trkpt>
      <trkpt lat="42.948704" lon="-0.061798">
        <ele>483.0</ele>
      </trkpt>
      <trkpt lat="42.948502" lon="-0.06134">
        <ele>483.0</ele>
      </trkpt>
      <trkpt lat="42.948231" lon="-0.060913">
        <ele>483.0</ele>
      </trkpt>
      <trkpt lat="42.948196" lon="-0.060822">
        <ele>483.4</ele>
      </trkpt>
      <trkpt lat="42.948162" lon="-0.06076">
        <ele>483.8</ele>
      </trkpt>
      <trkpt lat="42.948127" lon="-0.060699">
        <ele>484.2</ele>
      </trkpt>
      <trkpt lat="42.948093" lon="-0.060608">
        <ele>484.6</ele>
      </trkpt>
      <trkpt lat="42.948059" lon="-0.060547">
        <ele>485.0</ele>
      </trkpt>
      <trkpt lat="42.947987" lon="-0.060425">
        <ele>485.0</ele>
      </trkpt>
      <trkpt lat="42.947945" lon="-0.060333">
        <ele>485.0</ele>
      </trkpt>
      <trkpt lat="42.947612" lon="-0.059845">
        <ele>485.0</ele>
      </trkpt>
      <trkpt lat="42.947575" lon="-0.059784">
        <ele>485.0</ele>
      </trkpt>
      <trkpt lat="42.947475" lon="-0.05957">
        <ele>485.0</ele>
      </trkpt>
      <trkpt lat="42.947387" lon="-0.059326">
        <ele>485.0</ele>
      </trkpt>
      <trkpt lat="42.947304" lon="-0.059113">
        <ele>485.4</ele>
      </trkpt>
      <trkpt lat="42.94728" lon="-0.059021">
        <ele>486.0</ele>
      </trkpt>
      <trkpt lat="42.947254" lon="-0.05896">
        <ele>486.4</ele>
      </trkpt>
      <trkpt lat="42.947227" lon="-0.058868">
        <ele>487.0</ele>
      </trkpt>
      <trkpt lat="42.947201" lon="-0.058807">
        <ele>487.4</ele>
      </trkpt>
      <trkpt lat="42.947178" lon="-0.058716">
        <ele>487.4</ele>
      </trkpt>
      <trkpt lat="42.947102" lon="-0.058411">
        <ele>487.4</ele>
      </trkpt>
      <trkpt lat="42.947041" lon="-0.058044">
        <ele>487.4</ele>
      </trkpt>
      <trkpt lat="42.947024" lon="-0.057983">
        <ele>487.8</ele>
      </trkpt>
      <trkpt lat="42.94701" lon="-0.057892">
        <ele>488.2</ele>
      </trkpt>
      <trkpt lat="42.946999" lon="-0.0578">
        <ele>488.6</ele>
      </trkpt>
      <trkpt lat="42.946983" lon="-0.057709">
        <ele>489.0</ele>
      </trkpt>
      <trkpt lat="42.946964" lon="-0.057648">
        <ele>489.4</ele>
      </trkpt>
      <trkpt lat="42.946907" lon="-0.057373">
        <ele>489.4</ele>
      </trkpt>
      <trkpt lat="42.946823" lon="-0.057129">
        <ele>489.4</ele>
      </trkpt>
      <trkpt lat="42.946751" lon="-0.056976">
        <ele>489.4</ele>
      </trkpt>
      <trkpt lat="42.946423" lon="-0.056549">
        <ele>490.0</ele>
      </trkpt>
      <trkpt lat="42.946373" lon="-0.056488">
        <ele>490.4</ele>
      </trkpt>
      <trkpt lat="42.946323" lon="-0.056458">
        <ele>490.8</ele>
      </trkpt>
      <trkpt lat="42.946274" lon="-0.056396">
        <ele>491.2</ele>
      </trkpt>
      <trkpt lat="42.946224" lon="-0.056335">
        <ele>491.6</ele>
      </trkpt>
      <trkpt lat="42.946075" lon="-0.056152">
        <ele>491.6</ele>
      </trkpt>
      <trkpt lat="42.945724" lon="-0.055786">
        <ele>491.6</ele>
      </trkpt>
      <trkpt lat="42.945343" lon="-0.055328">
        <ele>492.0</ele>
      </trkpt>
      <trkpt lat="42.945296" lon="-0.055267">
        <ele>492.4</ele>
      </trkpt>
      <trkpt lat="42.945248" lon="-0.055206">
        <ele>492.8</ele>
      </trkpt>
      <trkpt lat="42.945202" lon="-0.055145">
        <ele>493.2</ele>
      </trkpt>
      <trkpt lat="42.945156" lon="-0.055084">
        <ele>493.6</ele>
      </trkpt>
      <trkpt lat="42.945061" lon="-0.054962">
        <ele>493.6</ele>
      </trkpt>
      <trkpt lat="42.944614" lon="-0.054443">
        <ele>493.6</ele>
      </trkpt>
      <trkpt lat="42.944466" lon="-0.05426">
        <ele>493.6</ele>
      </trkpt>
      <trkpt lat="42.944415" lon="-0.054199">
        <ele>494.0</ele>
      </trkpt>
      <trkpt lat="42.944363" lon="-0.054138">
        <ele>494.4</ele>
      </trkpt>
      <trkpt lat="42.944313" lon="-0.054108">
        <ele>495.0</ele>
      </trkpt>
      <trkpt lat="42.944263" lon="-0.054047">
        <ele>495.4</ele>
      </trkpt>
      <trkpt lat="42.94421" lon="-0.053986">
        <ele>495.8</ele>
      </trkpt>
      <trkpt lat="42.943844" lon="-0.053619">
        <ele>495.8</ele>
      </trkpt>
      <trkpt lat="42.943302" lon="-0.053284">
        <ele>495.8</ele>
      </trkpt>
      <trkpt lat="42.942763" lon="-0.052948">
        <ele>495.8</ele>
      </trkpt>
      <trkpt lat="42.942656" lon="-0.052856">
        <ele>495.8</ele>
      </trkpt>
      <trkpt lat="42.942368" lon="-0.052521">
        <ele>496.2</ele>
      </trkpt>
      <trkpt lat="42.942322" lon="-0.05246">
        <ele>496.6</ele>
      </trkpt>
      <trkpt lat="42.942276" lon="-0.052429">
        <ele>497.0</ele>
      </trkpt>
      <trkpt lat="42.942226" lon="-0.052368">
        <ele>497.4</ele>
      </trkpt>
      <trkpt lat="42.942181" lon="-0.052307">
        <ele>497.8</ele>
      </trkpt>
      <trkpt lat="42.942081" lon="-0.052216">
        <ele>497.8</ele>
      </trkpt>
      <trkpt lat="42.941967" lon="-0.052155">
        <ele>497.8</ele>
      </trkpt>
      <trkpt lat="42.941692" lon="-0.052123">
        <ele>497.8</ele>
      </trkpt>
      <trkpt lat="42.941418" lon="-0.052246">
        <ele>497.8</ele>
      </trkpt>
      <trkpt lat="42.941353" lon="-0.052307">
        <ele>497.8</ele>
      </trkpt>
      <trkpt lat="42.941078" lon="-0.052612">
        <ele>497.8</ele>
      </trkpt>
      <trkpt lat="42.940784" lon="-0.052979">
        <ele>497.8</ele>
      </trkpt>
      <trkpt lat="42.940651" lon="-0.053131">
        <ele>497.8</ele>
      </trkpt>
      <trkpt lat="42.940525" lon="-0.053253">
        <ele>497.8</ele>
      </trkpt>
      <trkpt lat="42.940434" lon="-0.053314">
        <ele>497.8</ele>
      </trkpt>
      <trkpt lat="42.940384" lon="-0.053345">
        <ele>498.2</ele>
      </trkpt>
      <trkpt lat="42.940334" lon="-0.053345">
        <ele>498.6</ele>
      </trkpt>
      <trkpt lat="42.940281" lon="-0.053375">
        <ele>499.0</ele>
      </trkpt>
      <trkpt lat="42.940231" lon="-0.053375">
        <ele>499.6</ele>
      </trkpt>
      <trkpt lat="42.940182" lon="-0.053375">
        <ele>500.0</ele>
      </trkpt>
      <trkpt lat="42.940132" lon="-0.053345">
        <ele>500.0</ele>
      </trkpt>
      <trkpt lat="42.939957" lon="-0.053253">
        <ele>500.0</ele>
      </trkpt>
      <trkpt lat="42.939877" lon="-0.053162">
        <ele>500.4</ele>
      </trkpt>
      <trkpt lat="42.939846" lon="-0.053101">
        <ele>500.8</ele>
      </trkpt>
      <trkpt lat="42.939816" lon="-0.05304">
        <ele>501.2</ele>
      </trkpt>
      <trkpt lat="42.939789" lon="-0.052979">
        <ele>501.6</ele>
      </trkpt>
      <trkpt lat="42.939762" lon="-0.052917">
        <ele>502.0</ele>
      </trkpt>
      <trkpt lat="42.939613" lon="-0.05249">
        <ele>502.0</ele>
      </trkpt>
      <trkpt lat="42.939521" lon="-0.052185">
        <ele>502.6</ele>
      </trkpt>
      <trkpt lat="42.939507" lon="-0.052123">
        <ele>503.0</ele>
      </trkpt>
      <trkpt lat="42.939495" lon="-0.052063">
        <ele>503.4</ele>
      </trkpt>
      <trkpt lat="42.939487" lon="-0.052002">
        <ele>504.0</ele>
      </trkpt>
      <trkpt lat="42.939472" lon="-0.051941">
        <ele>504.4</ele>
      </trkpt>
      <trkpt lat="42.939419" lon="-0.051575">
        <ele>504.8</ele>
      </trkpt>
      <trkpt lat="42.939411" lon="-0.051514">
        <ele>505.2</ele>
      </trkpt>
      <trkpt lat="42.939404" lon="-0.051453">
        <ele>505.6</ele>
      </trkpt>
      <trkpt lat="42.939392" lon="-0.05136">
        <ele>506.0</ele>
      </trkpt>
      <trkpt lat="42.939377" lon="-0.0513">
        <ele>506.4</ele>
      </trkpt>
      <trkpt lat="42.939346" lon="-0.051178">
        <ele>506.4</ele>
      </trkpt>
      <trkpt lat="42.939205" lon="-0.050842">
        <ele>507.2</ele>
      </trkpt>
      <trkpt lat="42.939175" lon="-0.050812">
        <ele>507.8</ele>
      </trkpt>
      <trkpt lat="42.93914" lon="-0.050751">
        <ele>508.2</ele>
      </trkpt>
      <trkpt lat="42.939106" lon="-0.05072">
        <ele>508.6</ele>
      </trkpt>
      <trkpt lat="42.938889" lon="-0.050415">
        <ele>508.6</ele>
      </trkpt>
      <trkpt lat="42.938847" lon="-0.050385">
        <ele>508.6</ele>
      </trkpt>
      <trkpt lat="42.938667" lon="-0.050262">
        <ele>508.6</ele>
      </trkpt>
      <trkpt lat="42.938255" lon="-0.050049">
        <ele>509.0</ele>
      </trkpt>
      <trkpt lat="42.93821" lon="-0.050018">
        <ele>509.4</ele>
      </trkpt>
      <trkpt lat="42.938164" lon="-0.049988">
        <ele>509.8</ele>
      </trkpt>
      <trkpt lat="42.938122" lon="-0.049957">
        <ele>510.2</ele>
      </trkpt>
      <trkpt lat="42.938034" lon="-0.049896">
        <ele>510.6</ele>
      </trkpt>
      <trkpt lat="42.937653" lon="-0.049713">
        <ele>510.6</ele>
      </trkpt>
      <trkpt lat="42.937428" lon="-0.049591">
        <ele>511.0</ele>
      </trkpt>
      <trkpt lat="42.937382" lon="-0.049561">
        <ele>511.6</ele>
      </trkpt>
      <trkpt lat="42.93734" lon="-0.04953">
        <ele>512.0</ele>
      </trkpt>
      <trkpt lat="42.937298" lon="-0.0495">
        <ele>512.4</ele>
      </trkpt>
      <trkpt lat="42.937214" lon="-0.049469">
        <ele>513.0</ele>
      </trkpt>
      <trkpt lat="42.937031" lon="-0.049286">
        <ele>513.0</ele>
      </trkpt>
      <trkpt lat="42.936924" lon="-0.049103">
        <ele>513.4</ele>
      </trkpt>
      <trkpt lat="42.936901" lon="-0.049042">
        <ele>513.8</ele>
      </trkpt>
      <trkpt lat="42.936886" lon="-0.04898">
        <ele>514.2</ele>
      </trkpt>
      <trkpt lat="42.936878" lon="-0.04895">
        <ele>514.8</ele>
      </trkpt>
      <trkpt lat="42.936867" lon="-0.04892">
        <ele>515.2</ele>
      </trkpt>
      <trkpt lat="42.936729" lon="-0.048706">
        <ele>515.2</ele>
      </trkpt>
      <trkpt lat="42.936687" lon="-0.048645">
        <ele>515.2</ele>
      </trkpt>
      <trkpt lat="42.936504" lon="-0.048522">
        <ele>515.2</ele>
      </trkpt>
      <trkpt lat="42.936413" lon="-0.048522">
        <ele>515.6</ele>
      </trkpt>
      <trkpt lat="42.936363" lon="-0.048492">
        <ele>516.2</ele>
      </trkpt>
      <trkpt lat="42.936317" lon="-0.048492">
        <ele>516.6</ele>
      </trkpt>
      <trkpt lat="42.936268" lon="-0.048492">
        <ele>517.2</ele>
      </trkpt>
      <trkpt lat="42.936222" lon="-0.048492">
        <ele>517.6</ele>
      </trkpt>
      <trkpt lat="42.93618" lon="-0.048492">
        <ele>517.6</ele>
      </trkpt>
      <trkpt lat="42.936039" lon="-0.048492">
        <ele>518.0</ele>
      </trkpt>
      <trkpt lat="42.935993" lon="-0.048492">
        <ele>518.4</ele>
      </trkpt>
      <trkpt lat="42.935947" lon="-0.048492">
        <ele>519.0</ele>
      </trkpt>
      <trkpt lat="42.935902" lon="-0.048522">
        <ele>519.4</ele>
      </trkpt>
      <trkpt lat="42.935851" lon="-0.048522">
        <ele>519.8</ele>
      </trkpt>
      <trkpt lat="42.935764" lon="-0.048553">
        <ele>519.8</ele>
      </trkpt>
      <trkpt lat="42.935581" lon="-0.048584">
        <ele>520.2</ele>
      </trkpt>
      <trkpt lat="42.935532" lon="-0.048615">
        <ele>520.6</ele>
      </trkpt>
      <trkpt lat="42.93549" lon="-0.048615">
        <ele>521.0</ele>
      </trkpt>
      <trkpt lat="42.93544" lon="-0.048615">
        <ele>521.6</ele>
      </trkpt>
      <trkpt lat="42.935398" lon="-0.048645">
        <ele>522.0</ele>
      </trkpt>
      <trkpt lat="42.935127" lon="-0.048706">
        <ele>522.4</ele>
      </trkpt>
      <trkpt lat="42.935085" lon="-0.048737">
        <ele>522.8</ele>
      </trkpt>
      <trkpt lat="42.93504" lon="-0.048767">
        <ele>523.2</ele>
      </trkpt>
      <trkpt lat="42.934998" lon="-0.048767">
        <ele>523.6</ele>
      </trkpt>
      <trkpt lat="42.934952" lon="-0.048767">
        <ele>524.2</ele>
      </trkpt>
      <trkpt lat="42.934906" lon="-0.048767">
        <ele>524.2</ele>
      </trkpt>
      <trkpt lat="42.934776" lon="-0.048737">
        <ele>524.5</ele>
      </trkpt>
      <trkpt lat="42.934731" lon="-0.048706">
        <ele>525.0</ele>
      </trkpt>
      <trkpt lat="42.934696" lon="-0.048675">
        <ele>525.4</ele>
      </trkpt>
      <trkpt lat="42.934658" lon="-0.048615">
        <ele>525.8</ele>
      </trkpt>
      <trkpt lat="42.934627" lon="-0.048584">
        <ele>526.2</ele>
      </trkpt>
      <trkpt lat="42.934551" lon="-0.048401">
        <ele>526.2</ele>
      </trkpt>
      <trkpt lat="42.934528" lon="-0.04834">
        <ele>526.2</ele>
      </trkpt>
      <trkpt lat="42.934464" lon="-0.048126">
        <ele>526.5</ele>
      </trkpt>
      <trkpt lat="42.934448" lon="-0.048064">
        <ele>527.2</ele>
      </trkpt>
      <trkpt lat="42.934433" lon="-0.048004">
        <ele>527.5</ele>
      </trkpt>
      <trkpt lat="42.934413" lon="-0.047943">
        <ele>528.0</ele>
      </trkpt>
      <trkpt lat="42.934387" lon="-0.047882">
        <ele>528.4</ele>
      </trkpt>
      <trkpt lat="42.934357" lon="-0.047852">
        <ele>528.4</ele>
      </trkpt>
      <trkpt lat="42.934181" lon="-0.047606">
        <ele>528.4</ele>
      </trkpt>
      <trkpt lat="42.934143" lon="-0.047577">
        <ele>528.8</ele>
      </trkpt>
      <trkpt lat="42.934105" lon="-0.047546">
        <ele>529.2</ele>
      </trkpt>
      <trkpt lat="42.934059" lon="-0.047516">
        <ele>529.5</ele>
      </trkpt>
      <trkpt lat="42.934017" lon="-0.047485">
        <ele>530.0</ele>
      </trkpt>
      <trkpt lat="42.933971" lon="-0.047455">
        <ele>530.4</ele>
      </trkpt>
      <trkpt lat="42.9338" lon="-0.047333">
        <ele>530.4</ele>
      </trkpt>
      <trkpt lat="42.933639" lon="-0.047211">
        <ele>530.8</ele>
      </trkpt>
      <trkpt lat="42.933601" lon="-0.04718">
        <ele>531.2</ele>
      </trkpt>
      <trkpt lat="42.933556" lon="-0.04715">
        <ele>531.5</ele>
      </trkpt>
      <trkpt lat="42.933514" lon="-0.047119">
        <ele>532.0</ele>
      </trkpt>
      <trkpt lat="42.933468" lon="-0.047119">
        <ele>532.4</ele>
      </trkpt>
      <trkpt lat="42.933266" lon="-0.046936">
        <ele>533.0</ele>
      </trkpt>
      <trkpt lat="42.933224" lon="-0.046906">
        <ele>533.4</ele>
      </trkpt>
      <trkpt lat="42.933182" lon="-0.046875">
        <ele>533.8</ele>
      </trkpt>
      <trkpt lat="42.93314" lon="-0.046843">
        <ele>534.4</ele>
      </trkpt>
      <trkpt lat="42.933102" lon="-0.046783">
        <ele>534.8</ele>
      </trkpt>
      <trkpt lat="42.932868" lon="-0.046661">
        <ele>534.8</ele>
      </trkpt>
      <trkpt lat="42.93272" lon="-0.0466">
        <ele>535.2</ele>
      </trkpt>
      <trkpt lat="42.932671" lon="-0.04657">
        <ele>535.5</ele>
      </trkpt>
      <trkpt lat="42.932621" lon="-0.046538">
        <ele>536.0</ele>
      </trkpt>
      <trkpt lat="42.932571" lon="-0.046509">
        <ele>536.4</ele>
      </trkpt>
      <trkpt lat="42.932526" lon="-0.046478">
        <ele>536.8</ele>
      </trkpt>
      <trkpt lat="42.932476" lon="-0.046448">
        <ele>536.8</ele>
      </trkpt>
      <trkpt lat="42.932148" lon="-0.046265">
        <ele>537.2</ele>
      </trkpt>
      <trkpt lat="42.932098" lon="-0.046234">
        <ele>537.8</ele>
      </trkpt>
      <trkpt lat="42.932049" lon="-0.046204">
        <ele>538.2</ele>
      </trkpt>
      <trkpt lat="42.931999" lon="-0.046204">
        <ele>538.5</ele>
      </trkpt>
      <trkpt lat="42.931946" lon="-0.046173">
        <ele>539.0</ele>
      </trkpt>
      <trkpt lat="42.931641" lon="-0.046112">
        <ele>539.0</ele>
      </trkpt>
      <trkpt lat="42.931583" lon="-0.046112">
        <ele>539.0</ele>
      </trkpt>
      <trkpt lat="42.931332" lon="-0.046173">
        <ele>539.4</ele>
      </trkpt>
      <trkpt lat="42.931282" lon="-0.046204">
        <ele>539.8</ele>
      </trkpt>
      <trkpt lat="42.931232" lon="-0.046204">
        <ele>540.2</ele>
      </trkpt>
      <trkpt lat="42.931187" lon="-0.046204">
        <ele>540.5</ele>
      </trkpt>
      <trkpt lat="42.931137" lon="-0.046204">
        <ele>541.0</ele>
      </trkpt>
      <trkpt lat="42.931042" lon="-0.046173">
        <ele>541.0</ele>
      </trkpt>
      <trkpt lat="42.930992" lon="-0.046173">
        <ele>541.0</ele>
      </trkpt>
      <trkpt lat="42.93085" lon="-0.046112">
        <ele>541.0</ele>
      </trkpt>
      <trkpt lat="42.930725" lon="-0.04599">
        <ele>541.0</ele>
      </trkpt>
      <trkpt lat="42.930649" lon="-0.045898">
        <ele>541.4</ele>
      </trkpt>
      <trkpt lat="42.930614" lon="-0.045837">
        <ele>541.8</ele>
      </trkpt>
      <trkpt lat="42.93058" lon="-0.045776">
        <ele>542.2</ele>
      </trkpt>
      <trkpt lat="42.930546" lon="-0.045746">
        <ele>542.5</ele>
      </trkpt>
      <trkpt lat="42.930511" lon="-0.045685">
        <ele>543.0</ele>
      </trkpt>
      <trkpt lat="42.930477" lon="-0.045624">
        <ele>543.0</ele>
      </trkpt>
      <trkpt lat="42.930439" lon="-0.045593">
        <ele>543.0</ele>
      </trkpt>
      <trkpt lat="42.93037" lon="-0.045502">
        <ele>543.4</ele>
      </trkpt>
      <trkpt lat="42.930335" lon="-0.045441">
        <ele>544.0</ele>
      </trkpt>
      <trkpt lat="42.930302" lon="-0.04541">
        <ele>544.4</ele>
      </trkpt>
      <trkpt lat="42.930271" lon="-0.045349">
        <ele>544.8</ele>
      </trkpt>
      <trkpt lat="42.930241" lon="-0.045319">
        <ele>545.2</ele>
      </trkpt>
      <trkpt lat="42.930214" lon="-0.045258">
        <ele>545.2</ele>
      </trkpt>
      <trkpt lat="42.930186" lon="-0.045227">
        <ele>545.5</ele>
      </trkpt>
      <trkpt lat="42.930164" lon="-0.045166">
        <ele>546.0</ele>
      </trkpt>
      <trkpt lat="42.930141" lon="-0.045105">
        <ele>546.4</ele>
      </trkpt>
      <trkpt lat="42.930119" lon="-0.045044">
        <ele>546.8</ele>
      </trkpt>
      <trkpt lat="42.930092" lon="-0.044983">
        <ele>547.4</ele>
      </trkpt>
      <trkpt lat="42.93005" lon="-0.044891">
        <ele>547.8</ele>
      </trkpt>
      <trkpt lat="42.930027" lon="-0.04483">
        <ele>548.2</ele>
      </trkpt>
      <trkpt lat="42.930008" lon="-0.044769">
        <ele>548.5</ele>
      </trkpt>
      <trkpt lat="42.929981" lon="-0.044739">
        <ele>549.0</ele>
      </trkpt>
      <trkpt lat="42.929958" lon="-0.044678">
        <ele>549.4</ele>
      </trkpt>
      <trkpt lat="42.92992" lon="-0.044556">
        <ele>549.4</ele>
      </trkpt>
      <trkpt lat="42.929901" lon="-0.044495">
        <ele>549.4</ele>
      </trkpt>
      <trkpt lat="42.929863" lon="-0.044403">
        <ele>549.8</ele>
      </trkpt>
      <trkpt lat="42.929844" lon="-0.044342">
        <ele>550.2</ele>
      </trkpt>
      <trkpt lat="42.929825" lon="-0.044281">
        <ele>550.5</ele>
      </trkpt>
      <trkpt lat="42.929806" lon="-0.04425">
        <ele>551.0</ele>
      </trkpt>
      <trkpt lat="42.929789" lon="-0.044189">
        <ele>551.5</ele>
      </trkpt>
      <trkpt lat="42.929779" lon="-0.044128">
        <ele>551.5</ele>
      </trkpt>
      <trkpt lat="42.92976" lon="-0.044037">
        <ele>552.0</ele>
      </trkpt>
      <trkpt lat="42.929752" lon="-0.043976">
        <ele>552.4</ele>
      </trkpt>
      <trkpt lat="42.929744" lon="-0.043945">
        <ele>552.8</ele>
      </trkpt>
      <trkpt lat="42.929737" lon="-0.043884">
        <ele>553.2</ele>
      </trkpt>
      <trkpt lat="42.929722" lon="-0.043823">
        <ele>553.5</ele>
      </trkpt>
      <trkpt lat="42.929595" lon="-0.04361">
        <ele>554.0</ele>
      </trkpt>
      <trkpt lat="42.929562" lon="-0.043579">
        <ele>554.4</ele>
      </trkpt>
      <trkpt lat="42.929531" lon="-0.043549">
        <ele>554.8</ele>
      </trkpt>
      <trkpt lat="42.929501" lon="-0.043518">
        <ele>555.2</ele>
      </trkpt>
      <trkpt lat="42.929474" lon="-0.043488">
        <ele>555.5</ele>
      </trkpt>
      <trkpt lat="42.929394" lon="-0.043365">
        <ele>555.5</ele>
      </trkpt>
      <trkpt lat="42.92934" lon="-0.043274">
        <ele>556.2</ele>
      </trkpt>
      <trkpt lat="42.929317" lon="-0.043242">
        <ele>556.5</ele>
      </trkpt>
      <trkpt lat="42.929291" lon="-0.043213">
        <ele>557.0</ele>
      </trkpt>
      <trkpt lat="42.929264" lon="-0.043152">
        <ele>557.4</ele>
      </trkpt>
      <trkpt lat="42.929237" lon="-0.043121">
        <ele>558.0</ele>
      </trkpt>
      <trkpt lat="42.929156" lon="-0.04303">
        <ele>558.0</ele>
      </trkpt>
      <trkpt lat="42.929127" lon="-0.042999">
        <ele>558.0</ele>
      </trkpt>
      <trkpt lat="42.929096" lon="-0.042969">
        <ele>558.4</ele>
      </trkpt>
      <trkpt lat="42.929062" lon="-0.042908">
        <ele>558.8</ele>
      </trkpt>
      <trkpt lat="42.929028" lon="-0.042877">
        <ele>559.2</ele>
      </trkpt>
      <trkpt lat="42.928997" lon="-0.042847">
        <ele>559.8</ele>
      </trkpt>
      <trkpt lat="42.928973" lon="-0.042816">
        <ele>560.2</ele>
      </trkpt>
      <trkpt lat="42.928894" lon="-0.042725">
        <ele>560.5</ele>
      </trkpt>
      <trkpt lat="42.92886" lon="-0.042725">
        <ele>561.0</ele>
      </trkpt>
      <trkpt lat="42.928825" lon="-0.042694">
        <ele>561.5</ele>
      </trkpt>
      <trkpt lat="42.928802" lon="-0.042664">
        <ele>562.0</ele>
      </trkpt>
      <trkpt lat="42.928768" lon="-0.042664">
        <ele>562.4</ele>
      </trkpt>
      <trkpt lat="42.928703" lon="-0.042603">
        <ele>562.4</ele>
      </trkpt>
      <trkpt lat="42.928589" lon="-0.042542">
        <ele>562.8</ele>
      </trkpt>
      <trkpt lat="42.928547" lon="-0.042511">
        <ele>563.2</ele>
      </trkpt>
      <trkpt lat="42.928501" lon="-0.042511">
        <ele>563.8</ele>
      </trkpt>
      <trkpt lat="42.928455" lon="-0.042479">
        <ele>564.2</ele>
      </trkpt>
      <trkpt lat="42.928421" lon="-0.04245">
        <ele>564.5</ele>
      </trkpt>
      <trkpt lat="42.928299" lon="-0.042297">
        <ele>565.0</ele>
      </trkpt>
      <trkpt lat="42.928265" lon="-0.042267">
        <ele>565.4</ele>
      </trkpt>
      <trkpt lat="42.92823" lon="-0.042236">
        <ele>566.0</ele>
      </trkpt>
      <trkpt lat="42.928196" lon="-0.042206">
        <ele>566.4</ele>
      </trkpt>
      <trkpt lat="42.928158" lon="-0.042175">
        <ele>566.8</ele>
      </trkpt>
      <trkpt lat="42.928005" lon="-0.042114">
        <ele>567.2</ele>
      </trkpt>
      <trkpt lat="42.927967" lon="-0.042084">
        <ele>567.5</ele>
      </trkpt>
      <trkpt lat="42.927933" lon="-0.042053">
        <ele>568.0</ele>
      </trkpt>
      <trkpt lat="42.927898" lon="-0.042023">
        <ele>568.4</ele>
      </trkpt>
      <trkpt lat="42.927867" lon="-0.041992">
        <ele>568.8</ele>
      </trkpt>
      <trkpt lat="42.927731" lon="-0.041931">
        <ele>569.4</ele>
      </trkpt>
      <trkpt lat="42.927696" lon="-0.041901">
        <ele>569.8</ele>
      </trkpt>
      <trkpt lat="42.927662" lon="-0.041901">
        <ele>570.2</ele>
      </trkpt>
      <trkpt lat="42.927628" lon="-0.04187">
        <ele>570.5</ele>
      </trkpt>
      <trkpt lat="42.927593" lon="-0.04187">
        <ele>571.0</ele>
      </trkpt>
      <trkpt lat="42.927555" lon="-0.04187">
        <ele>571.0</ele>
      </trkpt>
      <trkpt lat="42.927345" lon="-0.041778">
        <ele>571.4</ele>
      </trkpt>
      <trkpt lat="42.927307" lon="-0.041778">
        <ele>571.8</ele>
      </trkpt>
      <trkpt lat="42.927269" lon="-0.041778">
        <ele>572.2</ele>
      </trkpt>
      <trkpt lat="42.927235" lon="-0.041748">
        <ele>572.5</ele>
      </trkpt>
      <trkpt lat="42.9272" lon="-0.041748">
        <ele>573.0</ele>
      </trkpt>
      <trkpt lat="42.927052" lon="-0.041687">
        <ele>573.4</ele>
      </trkpt>
      <trkpt lat="42.92701" lon="-0.041687">
        <ele>574.0</ele>
      </trkpt>
      <trkpt lat="42.926968" lon="-0.041656">
        <ele>574.4</ele>
      </trkpt>
      <trkpt lat="42.926926" lon="-0.041656">
        <ele>574.8</ele>
      </trkpt>
      <trkpt lat="42.926888" lon="-0.041656">
        <ele>575.2</ele>
      </trkpt>
      <trkpt lat="42.926761" lon="-0.041656">
        <ele>575.2</ele>
      </trkpt>
      <trkpt lat="42.92672" lon="-0.041656">
        <ele>575.8</ele>
      </trkpt>
      <trkpt lat="42.926682" lon="-0.041656">
        <ele>576.2</ele>
      </trkpt>
      <trkpt lat="42.926643" lon="-0.041656">
        <ele>576.5</ele>
      </trkpt>
      <trkpt lat="42.926609" lon="-0.041626">
        <ele>577.0</ele>
      </trkpt>
      <trkpt lat="42.926575" lon="-0.041626">
        <ele>577.5</ele>
      </trkpt>
      <trkpt lat="42.926537" lon="-0.041626">
        <ele>577.5</ele>
      </trkpt>
      <trkpt lat="42.92638" lon="-0.041595">
        <ele>578.0</ele>
      </trkpt>
      <trkpt lat="42.926338" lon="-0.041595">
        <ele>578.4</ele>
      </trkpt>
      <trkpt lat="42.926296" lon="-0.041595">
        <ele>578.8</ele>
      </trkpt>
      <trkpt lat="42.926258" lon="-0.041626">
        <ele>579.2</ele>
      </trkpt>
      <trkpt lat="42.926215" lon="-0.041626">
        <ele>579.5</ele>
      </trkpt>
      <trkpt lat="42.926144" lon="-0.041656">
        <ele>579.5</ele>
      </trkpt>
      <trkpt lat="42.926108" lon="-0.041687">
        <ele>579.5</ele>
      </trkpt>
      <trkpt lat="42.926075" lon="-0.041748">
        <ele>580.0</ele>
      </trkpt>
      <trkpt lat="42.926048" lon="-0.041778">
        <ele>580.4</ele>
      </trkpt>
      <trkpt lat="42.926018" lon="-0.041809">
        <ele>580.8</ele>
      </trkpt>
      <trkpt lat="42.925991" lon="-0.04187">
        <ele>581.2</ele>
      </trkpt>
      <trkpt lat="42.925964" lon="-0.041901">
        <ele>581.5</ele>
      </trkpt>
      <trkpt lat="42.925849" lon="-0.042053">
        <ele>582.2</ele>
      </trkpt>
      <trkpt lat="42.925819" lon="-0.042084">
        <ele>582.5</ele>
      </trkpt>
      <trkpt lat="42.925793" lon="-0.042114">
        <ele>583.2</ele>
      </trkpt>
      <trkpt lat="42.925758" lon="-0.042145">
        <ele>583.8</ele>
      </trkpt>
      <trkpt lat="42.925724" lon="-0.042175">
        <ele>584.2</ele>
      </trkpt>
      <trkpt lat="42.925648" lon="-0.042175">
        <ele>584.5</ele>
      </trkpt>
      <trkpt lat="42.92561" lon="-0.042175">
        <ele>585.0</ele>
      </trkpt>
      <trkpt lat="42.925568" lon="-0.042175">
        <ele>585.4</ele>
      </trkpt>
      <trkpt lat="42.925526" lon="-0.042175">
        <ele>585.8</ele>
      </trkpt>
      <trkpt lat="42.92548" lon="-0.042175">
        <ele>586.2</ele>
      </trkpt>
      <trkpt lat="42.925396" lon="-0.042114">
        <ele>586.2</ele>
      </trkpt>
      <trkpt lat="42.92527" lon="-0.042053">
        <ele>586.2</ele>
      </trkpt>
      <trkpt lat="42.925148" lon="-0.041962">
        <ele>586.8</ele>
      </trkpt>
      <trkpt lat="42.925109" lon="-0.041931">
        <ele>587.2</ele>
      </trkpt>
      <trkpt lat="42.925072" lon="-0.041901">
        <ele>587.5</ele>
      </trkpt>
      <trkpt lat="42.92503" lon="-0.04187">
        <ele>588.0</ele>
      </trkpt>
      <trkpt lat="42.924992" lon="-0.04184">
        <ele>588.4</ele>
      </trkpt>
      <trkpt lat="42.924835" lon="-0.041718">
        <ele>588.4</ele>
      </trkpt>
      <trkpt lat="42.924652" lon="-0.041534">
        <ele>588.8</ele>
      </trkpt>
      <trkpt lat="42.924618" lon="-0.041504">
        <ele>589.2</ele>
      </trkpt>
      <trkpt lat="42.924583" lon="-0.041473">
        <ele>589.5</ele>
      </trkpt>
      <trkpt lat="42.924545" lon="-0.041443">
        <ele>590.0</ele>
      </trkpt>
      <trkpt lat="42.924511" lon="-0.041412">
        <ele>590.4</ele>
      </trkpt>
      <trkpt lat="42.924477" lon="-0.041382">
        <ele>590.4</ele>
      </trkpt>
      <trkpt lat="42.924304" lon="-0.041199">
        <ele>590.4</ele>
      </trkpt>
      <trkpt lat="42.924244" lon="-0.041107">
        <ele>590.8</ele>
      </trkpt>
      <trkpt lat="42.924213" lon="-0.041046">
        <ele>591.2</ele>
      </trkpt>
      <trkpt lat="42.924179" lon="-0.041015">
        <ele>591.5</ele>
      </trkpt>
      <trkpt lat="42.924149" lon="-0.040985">
        <ele>592.2</ele>
      </trkpt>
      <trkpt lat="42.924114" lon="-0.040924">
        <ele>592.5</ele>
      </trkpt>
      <trkpt lat="42.924076" lon="-0.040894">
        <ele>592.5</ele>
      </trkpt>
      <trkpt lat="42.924038" lon="-0.040862">
        <ele>592.5</ele>
      </trkpt>
      <trkpt lat="42.923904" lon="-0.040833">
        <ele>592.5</ele>
      </trkpt>
      <trkpt lat="42.923813" lon="-0.040833">
        <ele>592.5</ele>
      </trkpt>
      <trkpt lat="42.923725" lon="-0.040894">
        <ele>593.0</ele>
      </trkpt>
      <trkpt lat="42.923682" lon="-0.040894">
        <ele>593.4</ele>
      </trkpt>
      <trkpt lat="42.923637" lon="-0.040924">
        <ele>594.0</ele>
      </trkpt>
      <trkpt lat="42.923595" lon="-0.040924">
        <ele>594.4</ele>
      </trkpt>
      <trkpt lat="42.923553" lon="-0.040924">
        <ele>594.8</ele>
      </trkpt>
      <trkpt lat="42.92342" lon="-0.040894">
        <ele>594.8</ele>
      </trkpt>
      <trkpt lat="42.923328" lon="-0.040862">
        <ele>595.2</ele>
      </trkpt>
      <trkpt lat="42.923279" lon="-0.040862">
        <ele>595.5</ele>
      </trkpt>
      <trkpt lat="42.923233" lon="-0.040833">
        <ele>596.0</ele>
      </trkpt>
      <trkpt lat="42.923187" lon="-0.040833">
        <ele>596.4</ele>
      </trkpt>
      <trkpt lat="42.923141" lon="-0.040802">
        <ele>596.8</ele>
      </trkpt>
      <trkpt lat="42.923004" lon="-0.040771">
        <ele>596.8</ele>
      </trkpt>
      <trkpt lat="42.922916" lon="-0.04071">
        <ele>596.8</ele>
      </trkpt>
      <trkpt lat="42.922871" lon="-0.04071">
        <ele>596.8</ele>
      </trkpt>
      <trkpt lat="42.922825" lon="-0.04071">
        <ele>597.4</ele>
      </trkpt>
      <trkpt lat="42.922783" lon="-0.04071">
        <ele>597.8</ele>
      </trkpt>
      <trkpt lat="42.922737" lon="-0.040741">
        <ele>598.2</ele>
      </trkpt>
      <trkpt lat="42.922691" lon="-0.040771">
        <ele>598.5</ele>
      </trkpt>
      <trkpt lat="42.922646" lon="-0.040771">
        <ele>599.2</ele>
      </trkpt>
      <trkpt lat="42.922379" lon="-0.040833">
        <ele>599.5</ele>
      </trkpt>
      <trkpt lat="42.922333" lon="-0.040833">
        <ele>600.2</ele>
      </trkpt>
      <trkpt lat="42.922287" lon="-0.040833">
        <ele>600.5</ele>
      </trkpt>
      <trkpt lat="42.922241" lon="-0.040833">
        <ele>601.2</ele>
      </trkpt>
      <trkpt lat="42.922199" lon="-0.040833">
        <ele>601.8</ele>
      </trkpt>
      <trkpt lat="42.922112" lon="-0.040833">
        <ele>601.8</ele>
      </trkpt>
      <trkpt lat="42.921978" lon="-0.040894">
        <ele>601.8</ele>
      </trkpt>
      <trkpt lat="42.921852" lon="-0.040955">
        <ele>602.2</ele>
      </trkpt>
      <trkpt lat="42.92181" lon="-0.040985">
        <ele>602.5</ele>
      </trkpt>
      <trkpt lat="42.921768" lon="-0.041015">
        <ele>603.0</ele>
      </trkpt>
      <trkpt lat="42.921726" lon="-0.041015">
        <ele>603.5</ele>
      </trkpt>
      <trkpt lat="42.921688" lon="-0.041046">
        <ele>604.0</ele>
      </trkpt>
      <trkpt lat="42.921627" lon="-0.041077">
        <ele>604.0</ele>
      </trkpt>
      <trkpt lat="42.9216" lon="-0.041077">
        <ele>604.0</ele>
      </trkpt>
      <trkpt lat="42.921429" lon="-0.041046">
        <ele>604.0</ele>
      </trkpt>
      <trkpt lat="42.921322" lon="-0.041046">
        <ele>604.4</ele>
      </trkpt>
      <trkpt lat="42.921268" lon="-0.041015">
        <ele>604.8</ele>
      </trkpt>
      <trkpt lat="42.921219" lon="-0.041015">
        <ele>605.2</ele>
      </trkpt>
      <trkpt lat="42.921173" lon="-0.041015">
        <ele>605.5</ele>
      </trkpt>
      <trkpt lat="42.921124" lon="-0.041015">
        <ele>606.0</ele>
      </trkpt>
      <trkpt lat="42.920967" lon="-0.040955">
        <ele>606.0</ele>
      </trkpt>
      <trkpt lat="42.920856" lon="-0.040924">
        <ele>606.0</ele>
      </trkpt>
      <trkpt lat="42.920689" lon="-0.040862">
        <ele>606.0</ele>
      </trkpt>
      <trkpt lat="42.92057" lon="-0.040802">
        <ele>606.0</ele>
      </trkpt>
      <trkpt lat="42.92046" lon="-0.040741">
        <ele>606.0</ele>
      </trkpt>
      <trkpt lat="42.920403" lon="-0.040741">
        <ele>605.5</ele>
      </trkpt>
      <trkpt lat="42.920357" lon="-0.04068">
        <ele>605.2</ele>
      </trkpt>
      <trkpt lat="42.920302" lon="-0.040619">
        <ele>604.8</ele>
      </trkpt>
      <trkpt lat="42.920257" lon="-0.040527">
        <ele>604.4</ele>
      </trkpt>
      <trkpt lat="42.920208" lon="-0.040466">
        <ele>604.0</ele>
      </trkpt>
      <trkpt lat="42.920147" lon="-0.040405">
        <ele>604.0</ele>
      </trkpt>
      <trkpt lat="42.919933" lon="-0.040314">
        <ele>604.0</ele>
      </trkpt>
      <trkpt lat="42.919857" lon="-0.040344">
        <ele>604.0</ele>
      </trkpt>
      <trkpt lat="42.919643" lon="-0.040375">
        <ele>604.0</ele>
      </trkpt>
      <trkpt lat="42.91951" lon="-0.040344">
        <ele>604.0</ele>
      </trkpt>
      <trkpt lat="42.919266" lon="-0.040253">
        <ele>604.0</ele>
      </trkpt>
      <trkpt lat="42.919151" lon="-0.040253">
        <ele>604.0</ele>
      </trkpt>
      <trkpt lat="42.919041" lon="-0.040314">
        <ele>604.0</ele>
      </trkpt>
      <trkpt lat="42.918774" lon="-0.040466">
        <ele>604.0</ele>
      </trkpt>
      <trkpt lat="42.91872" lon="-0.040497">
        <ele>604.0</ele>
      </trkpt>
      <trkpt lat="42.91861" lon="-0.040497">
        <ele>604.4</ele>
      </trkpt>
      <trkpt lat="42.918556" lon="-0.040466">
        <ele>604.8</ele>
      </trkpt>
      <trkpt lat="42.918507" lon="-0.040436">
        <ele>605.2</ele>
      </trkpt>
      <trkpt lat="42.918456" lon="-0.040375">
        <ele>605.5</ele>
      </trkpt>
      <trkpt lat="42.918415" lon="-0.040344">
        <ele>606.0</ele>
      </trkpt>
      <trkpt lat="42.918373" lon="-0.040283">
        <ele>606.0</ele>
      </trkpt>
      <trkpt lat="42.918156" lon="-0.040009">
        <ele>606.0</ele>
      </trkpt>
      <trkpt lat="42.918106" lon="-0.039978">
        <ele>606.0</ele>
      </trkpt>
      <trkpt lat="42.918056" lon="-0.039948">
        <ele>606.5</ele>
      </trkpt>
      <trkpt lat="42.917999" lon="-0.039948">
        <ele>607.0</ele>
      </trkpt>
      <trkpt lat="42.917946" lon="-0.039917">
        <ele>607.4</ele>
      </trkpt>
      <trkpt lat="42.917889" lon="-0.039917">
        <ele>607.8</ele>
      </trkpt>
      <trkpt lat="42.917834" lon="-0.039917">
        <ele>608.2</ele>
      </trkpt>
      <trkpt lat="42.917572" lon="-0.039917">
        <ele>608.5</ele>
      </trkpt>
      <trkpt lat="42.917519" lon="-0.039917">
        <ele>609.0</ele>
      </trkpt>
      <trkpt lat="42.917468" lon="-0.039886">
        <ele>609.4</ele>
      </trkpt>
      <trkpt lat="42.917423" lon="-0.039856">
        <ele>609.8</ele>
      </trkpt>
      <trkpt lat="42.917377" lon="-0.039825">
        <ele>610.2</ele>
      </trkpt>
      <trkpt lat="42.917297" lon="-0.039734">
        <ele>610.2</ele>
      </trkpt>
      <trkpt lat="42.917259" lon="-0.039673">
        <ele>610.2</ele>
      </trkpt>
      <trkpt lat="42.917" lon="-0.039246">
        <ele>610.2</ele>
      </trkpt>
      <trkpt lat="42.916965" lon="-0.039154">
        <ele>610.2</ele>
      </trkpt>
      <trkpt lat="42.916634" lon="-0.038605">
        <ele>610.2</ele>
      </trkpt>
      <trkpt lat="42.916454" lon="-0.03833">
        <ele>610.2</ele>
      </trkpt>
      <trkpt lat="42.916336" lon="-0.038208">
        <ele>610.2</ele>
      </trkpt>
      <trkpt lat="42.916122" lon="-0.038086">
        <ele>610.2</ele>
      </trkpt>
      <trkpt lat="42.915974" lon="-0.037994">
        <ele>610.2</ele>
      </trkpt>
      <trkpt lat="42.915653" lon="-0.037842">
        <ele>609.8</ele>
      </trkpt>
      <trkpt lat="42.915565" lon="-0.037811">
        <ele>609.4</ele>
      </trkpt>
      <trkpt lat="42.915482" lon="-0.03775">
        <ele>608.8</ele>
      </trkpt>
      <trkpt lat="42.915394" lon="-0.037719">
        <ele>608.4</ele>
      </trkpt>
      <trkpt lat="42.915306" lon="-0.037659">
        <ele>608.0</ele>
      </trkpt>
      <trkpt lat="42.914864" lon="-0.037414">
        <ele>607.5</ele>
      </trkpt>
      <trkpt lat="42.914772" lon="-0.037354">
        <ele>607.0</ele>
      </trkpt>
      <trkpt lat="42.91468" lon="-0.037323">
        <ele>606.5</ele>
      </trkpt>
      <trkpt lat="42.914589" lon="-0.037262">
        <ele>606.2</ele>
      </trkpt>
      <trkpt lat="42.914501" lon="-0.037201">
        <ele>605.8</ele>
      </trkpt>
      <trkpt lat="42.913939" lon="-0.036956">
        <ele>605.8</ele>
      </trkpt>
      <trkpt lat="42.91367" lon="-0.036987">
        <ele>605.8</ele>
      </trkpt>
      <trkpt lat="42.913502" lon="-0.037109">
        <ele>605.8</ele>
      </trkpt>
      <trkpt lat="42.913342" lon="-0.03717">
        <ele>605.8</ele>
      </trkpt>
      <trkpt lat="42.913261" lon="-0.037201">
        <ele>605.8</ele>
      </trkpt>
      <trkpt lat="42.913021" lon="-0.037201">
        <ele>606.2</ele>
      </trkpt>
      <trkpt lat="42.912945" lon="-0.037231">
        <ele>606.5</ele>
      </trkpt>
      <trkpt lat="42.912876" lon="-0.037231">
        <ele>607.0</ele>
      </trkpt>
      <trkpt lat="42.912804" lon="-0.037262">
        <ele>607.4</ele>
      </trkpt>
      <trkpt lat="42.912739" lon="-0.037292">
        <ele>608.0</ele>
      </trkpt>
      <trkpt lat="42.912674" lon="-0.037354">
        <ele>608.4</ele>
      </trkpt>
      <trkpt lat="42.912613" lon="-0.037384">
        <ele>609.0</ele>
      </trkpt>
      <trkpt lat="42.912548" lon="-0.037414">
        <ele>609.4</ele>
      </trkpt>
      <trkpt lat="42.912491" lon="-0.037414">
        <ele>610.0</ele>
      </trkpt>
      <trkpt lat="42.912426" lon="-0.037414">
        <ele>610.0</ele>
      </trkpt>
      <trkpt lat="42.912361" lon="-0.037414">
        <ele>610.4</ele>
      </trkpt>
      <trkpt lat="42.912296" lon="-0.037414">
        <ele>610.8</ele>
      </trkpt>
      <trkpt lat="42.912235" lon="-0.037414">
        <ele>611.2</ele>
      </trkpt>
      <trkpt lat="42.912174" lon="-0.037384">
        <ele>611.5</ele>
      </trkpt>
      <trkpt lat="42.912113" lon="-0.037354">
        <ele>612.0</ele>
      </trkpt>
      <trkpt lat="42.911991" lon="-0.037323">
        <ele>612.5</ele>
      </trkpt>
      <trkpt lat="42.91193" lon="-0.037292">
        <ele>613.0</ele>
      </trkpt>
      <trkpt lat="42.911873" lon="-0.037262">
        <ele>613.4</ele>
      </trkpt>
      <trkpt lat="42.911816" lon="-0.037231">
        <ele>613.8</ele>
      </trkpt>
      <trkpt lat="42.911758" lon="-0.037201">
        <ele>614.2</ele>
      </trkpt>
      <trkpt lat="42.91153" lon="-0.03714">
        <ele>614.2</ele>
      </trkpt>
      <trkpt lat="42.911423" lon="-0.037079">
        <ele>614.2</ele>
      </trkpt>
      <trkpt lat="42.911259" lon="-0.036987">
        <ele>614.8</ele>
      </trkpt>
      <trkpt lat="42.911201" lon="-0.036926">
        <ele>615.2</ele>
      </trkpt>
      <trkpt lat="42.911144" lon="-0.036896">
        <ele>615.5</ele>
      </trkpt>
      <trkpt lat="42.911083" lon="-0.036865">
        <ele>616.0</ele>
      </trkpt>
      <trkpt lat="42.911026" lon="-0.036835">
        <ele>616.5</ele>
      </trkpt>
      <trkpt lat="42.910908" lon="-0.036804">
        <ele>616.5</ele>
      </trkpt>
      <trkpt lat="42.910846" lon="-0.036774">
        <ele>616.5</ele>
      </trkpt>
      <trkpt lat="42.910255" lon="-0.036713">
        <ele>616.5</ele>
      </trkpt>
      <trkpt lat="42.909668" lon="-0.036651">
        <ele>616.5</ele>
      </trkpt>
      <trkpt lat="42.909592" lon="-0.036651">
        <ele>616.5</ele>
      </trkpt>
      <trkpt lat="42.909424" lon="-0.036621">
        <ele>616.2</ele>
      </trkpt>
      <trkpt lat="42.909344" lon="-0.036621">
        <ele>615.8</ele>
      </trkpt>
      <trkpt lat="42.909256" lon="-0.036591">
        <ele>615.4</ele>
      </trkpt>
      <trkpt lat="42.909168" lon="-0.03653">
        <ele>615.0</ele>
      </trkpt>
      <trkpt lat="42.909081" lon="-0.036498">
        <ele>614.4</ele>
      </trkpt>
      <trkpt lat="42.908985" lon="-0.036469">
        <ele>613.8</ele>
      </trkpt>
      <trkpt lat="42.908893" lon="-0.036407">
        <ele>613.2</ele>
      </trkpt>
      <trkpt lat="42.908802" lon="-0.036346">
        <ele>612.5</ele>
      </trkpt>
      <trkpt lat="42.90871" lon="-0.036285">
        <ele>612.0</ele>
      </trkpt>
      <trkpt lat="42.908619" lon="-0.036224">
        <ele>611.4</ele>
      </trkpt>
      <trkpt lat="42.908535" lon="-0.036163">
        <ele>610.8</ele>
      </trkpt>
      <trkpt lat="42.908451" lon="-0.036072">
        <ele>610.2</ele>
      </trkpt>
      <trkpt lat="42.908371" lon="-0.03598">
        <ele>609.4</ele>
      </trkpt>
      <trkpt lat="42.908211" lon="-0.035797">
        <ele>609.0</ele>
      </trkpt>
      <trkpt lat="42.908131" lon="-0.035735">
        <ele>608.5</ele>
      </trkpt>
      <trkpt lat="42.908047" lon="-0.035675">
        <ele>608.2</ele>
      </trkpt>
      <trkpt lat="42.907963" lon="-0.035614">
        <ele>607.8</ele>
      </trkpt>
      <trkpt lat="42.907879" lon="-0.035553">
        <ele>607.4</ele>
      </trkpt>
      <trkpt lat="42.907719" lon="-0.035431">
        <ele>607.4</ele>
      </trkpt>
      <trkpt lat="42.907421" lon="-0.035156">
        <ele>607.4</ele>
      </trkpt>
      <trkpt lat="42.907192" lon="-0.035004">
        <ele>607.4</ele>
      </trkpt>
      <trkpt lat="42.907024" lon="-0.034943">
        <ele>607.4</ele>
      </trkpt>
      <trkpt lat="42.906849" lon="-0.034851">
        <ele>607.0</ele>
      </trkpt>
      <trkpt lat="42.906765" lon="-0.034821">
        <ele>606.5</ele>
      </trkpt>
      <trkpt lat="42.906677" lon="-0.03476">
        <ele>606.2</ele>
      </trkpt>
      <trkpt lat="42.906597" lon="-0.034698">
        <ele>605.5</ele>
      </trkpt>
      <trkpt lat="42.906512" lon="-0.034637">
        <ele>605.2</ele>
      </trkpt>
      <trkpt lat="42.906429" lon="-0.034576">
        <ele>604.8</ele>
      </trkpt>
      <trkpt lat="42.906334" lon="-0.034514">
        <ele>604.4</ele>
      </trkpt>
      <trkpt lat="42.906239" lon="-0.034514">
        <ele>603.8</ele>
      </trkpt>
      <trkpt lat="42.906147" lon="-0.034546">
        <ele>603.4</ele>
      </trkpt>
      <trkpt lat="42.906052" lon="-0.034576">
        <ele>602.8</ele>
      </trkpt>
      <trkpt lat="42.905956" lon="-0.034607">
        <ele>602.8</ele>
      </trkpt>
      <trkpt lat="42.9058" lon="-0.034546">
        <ele>602.8</ele>
      </trkpt>
      <trkpt lat="42.905665" lon="-0.03421">
        <ele>602.8</ele>
      </trkpt>
      <trkpt lat="42.905468" lon="-0.03363">
        <ele>602.8</ele>
      </trkpt>
      <trkpt lat="42.905388" lon="-0.033508">
        <ele>602.8</ele>
      </trkpt>
      <trkpt lat="42.905281" lon="-0.033325">
        <ele>602.8</ele>
      </trkpt>
      <trkpt lat="42.905167" lon="-0.033142">
        <ele>603.4</ele>
      </trkpt>
      <trkpt lat="42.905144" lon="-0.033112">
        <ele>603.8</ele>
      </trkpt>
      <trkpt lat="42.905117" lon="-0.033081">
        <ele>604.2</ele>
      </trkpt>
      <trkpt lat="42.90509" lon="-0.03302">
        <ele>604.5</ele>
      </trkpt>
      <trkpt lat="42.905074" lon="-0.03299">
        <ele>605.0</ele>
      </trkpt>
      <trkpt lat="42.90501" lon="-0.032837">
        <ele>605.0</ele>
      </trkpt>
      <trkpt lat="42.904907" lon="-0.032623">
        <ele>605.0</ele>
      </trkpt>
      <trkpt lat="42.904839" lon="-0.032471">
        <ele>605.4</ele>
      </trkpt>
      <trkpt lat="42.9048" lon="-0.03241">
        <ele>605.8</ele>
      </trkpt>
      <trkpt lat="42.904766" lon="-0.032349">
        <ele>606.2</ele>
      </trkpt>
      <trkpt lat="42.904739" lon="-0.032257">
        <ele>606.5</ele>
      </trkpt>
      <trkpt lat="42.904713" lon="-0.032196">
        <ele>607.2</ele>
      </trkpt>
      <trkpt lat="42.904526" lon="-0.03186">
        <ele>607.2</ele>
      </trkpt>
      <trkpt lat="42.904209" lon="-0.031555">
        <ele>607.2</ele>
      </trkpt>
      <trkpt lat="42.904076" lon="-0.031433">
        <ele>607.2</ele>
      </trkpt>
      <trkpt lat="42.903946" lon="-0.031403">
        <ele>607.2</ele>
      </trkpt>
      <trkpt lat="42.903767" lon="-0.031371">
        <ele>607.2</ele>
      </trkpt>
      <trkpt lat="42.903709" lon="-0.031371">
        <ele>607.5</ele>
      </trkpt>
      <trkpt lat="42.903587" lon="-0.031403">
        <ele>608.4</ele>
      </trkpt>
      <trkpt lat="42.903522" lon="-0.031433">
        <ele>608.8</ele>
      </trkpt>
      <trkpt lat="42.903461" lon="-0.031464">
        <ele>609.4</ele>
      </trkpt>
      <trkpt lat="42.9034" lon="-0.031464">
        <ele>609.4</ele>
      </trkpt>
      <trkpt lat="42.903275" lon="-0.031464">
        <ele>609.4</ele>
      </trkpt>
      <trkpt lat="42.903038" lon="-0.031342">
        <ele>609.4</ele>
      </trkpt>
      <trkpt lat="42.90298" lon="-0.031281">
        <ele>609.4</ele>
      </trkpt>
      <trkpt lat="42.902679" lon="-0.031219">
        <ele>609.4</ele>
      </trkpt>
      <trkpt lat="42.902271" lon="-0.030914">
        <ele>609.4</ele>
      </trkpt>
      <trkpt lat="42.902039" lon="-0.030762">
        <ele>609.8</ele>
      </trkpt>
      <trkpt lat="42.901981" lon="-0.030701">
        <ele>610.2</ele>
      </trkpt>
      <trkpt lat="42.901928" lon="-0.03067">
        <ele>610.5</ele>
      </trkpt>
      <trkpt lat="42.901874" lon="-0.030609">
        <ele>611.2</ele>
      </trkpt>
      <trkpt lat="42.901817" lon="-0.030579">
        <ele>611.5</ele>
      </trkpt>
      <trkpt lat="42.901539" lon="-0.030365">
        <ele>611.5</ele>
      </trkpt>
      <trkpt lat="42.901287" lon="-0.030182">
        <ele>612.0</ele>
      </trkpt>
      <trkpt lat="42.901237" lon="-0.030151">
        <ele>612.4</ele>
      </trkpt>
      <trkpt lat="42.901188" lon="-0.030121">
        <ele>612.8</ele>
      </trkpt>
      <trkpt lat="42.901138" lon="-0.03006">
        <ele>613.2</ele>
      </trkpt>
      <trkpt lat="42.901089" lon="-0.030029">
        <ele>613.5</ele>
      </trkpt>
      <trkpt lat="42.90094" lon="-0.029907">
        <ele>614.0</ele>
      </trkpt>
      <trkpt lat="42.900889" lon="-0.029877">
        <ele>614.4</ele>
      </trkpt>
      <trkpt lat="42.900841" lon="-0.029846">
        <ele>614.8</ele>
      </trkpt>
      <trkpt lat="42.900795" lon="-0.029816">
        <ele>615.2</ele>
      </trkpt>
      <trkpt lat="42.900749" lon="-0.029755">
        <ele>615.5</ele>
      </trkpt>
      <trkpt lat="42.900608" lon="-0.029663">
        <ele>615.5</ele>
      </trkpt>
      <trkpt lat="42.900383" lon="-0.02948">
        <ele>616.0</ele>
      </trkpt>
      <trkpt lat="42.900341" lon="-0.029449">
        <ele>616.4</ele>
      </trkpt>
      <trkpt lat="42.900298" lon="-0.029419">
        <ele>616.8</ele>
      </trkpt>
      <trkpt lat="42.900257" lon="-0.029388">
        <ele>617.4</ele>
      </trkpt>
      <trkpt lat="42.900215" lon="-0.029358">
        <ele>617.8</ele>
      </trkpt>
      <trkpt lat="42.899899" lon="-0.029144">
        <ele>618.2</ele>
      </trkpt>
      <trkpt lat="42.899857" lon="-0.029114">
        <ele>618.5</ele>
      </trkpt>
      <trkpt lat="42.899814" lon="-0.029083">
        <ele>619.0</ele>
      </trkpt>
      <trkpt lat="42.899776" lon="-0.029053">
        <ele>619.4</ele>
      </trkpt>
      <trkpt lat="42.899734" lon="-0.029022">
        <ele>619.8</ele>
      </trkpt>
      <trkpt lat="42.899391" lon="-0.028778">
        <ele>619.8</ele>
      </trkpt>
      <trkpt lat="42.89909" lon="-0.028503">
        <ele>619.8</ele>
      </trkpt>
      <trkpt lat="42.89864" lon="-0.028229">
        <ele>619.8</ele>
      </trkpt>
      <trkpt lat="42.898243" lon="-0.028015">
        <ele>619.8</ele>
      </trkpt>
      <trkpt lat="42.897865" lon="-0.027802">
        <ele>619.8</ele>
      </trkpt>
      <trkpt lat="42.89735" lon="-0.027466">
        <ele>619.8</ele>
      </trkpt>
      <trkpt lat="42.896847" lon="-0.027161">
        <ele>619.8</ele>
      </trkpt>
      <trkpt lat="42.896675" lon="-0.027069">
        <ele>619.8</ele>
      </trkpt>
      <trkpt lat="42.896332" lon="-0.026855">
        <ele>619.8</ele>
      </trkpt>
      <trkpt lat="42.896221" lon="-0.026794">
        <ele>620.2</ele>
      </trkpt>
      <trkpt lat="42.896164" lon="-0.026764">
        <ele>620.5</ele>
      </trkpt>
      <trkpt lat="42.896111" lon="-0.026703">
        <ele>621.0</ele>
      </trkpt>
      <trkpt lat="42.896057" lon="-0.026672">
        <ele>621.4</ele>
      </trkpt>
      <trkpt lat="42.896004" lon="-0.026642">
        <ele>621.8</ele>
      </trkpt>
      <trkpt lat="42.895786" lon="-0.02652">
        <ele>621.8</ele>
      </trkpt>
      <trkpt lat="42.895287" lon="-0.026215">
        <ele>621.8</ele>
      </trkpt>
      <trkpt lat="42.895123" lon="-0.026123">
        <ele>622.2</ele>
      </trkpt>
      <trkpt lat="42.895069" lon="-0.026061">
        <ele>622.8</ele>
      </trkpt>
      <trkpt lat="42.895016" lon="-0.026031">
        <ele>623.2</ele>
      </trkpt>
      <trkpt lat="42.894962" lon="-0.026001">
        <ele>623.5</ele>
      </trkpt>
      <trkpt lat="42.894905" lon="-0.02597">
        <ele>624.0</ele>
      </trkpt>
      <trkpt lat="42.894405" lon="-0.025665">
        <ele>624.0</ele>
      </trkpt>
      <trkpt lat="42.894291" lon="-0.025603">
        <ele>624.0</ele>
      </trkpt>
      <trkpt lat="42.89378" lon="-0.025299">
        <ele>624.4</ele>
      </trkpt>
      <trkpt lat="42.893723" lon="-0.025269">
        <ele>624.8</ele>
      </trkpt>
      <trkpt lat="42.893669" lon="-0.025238">
        <ele>625.2</ele>
      </trkpt>
      <trkpt lat="42.893616" lon="-0.025177">
        <ele>625.5</ele>
      </trkpt>
      <trkpt lat="42.893562" lon="-0.025146">
        <ele>626.0</ele>
      </trkpt>
      <trkpt lat="42.893288" lon="-0.024994">
        <ele>626.0</ele>
      </trkpt>
      <trkpt lat="42.892807" lon="-0.024689">
        <ele>626.4</ele>
      </trkpt>
      <trkpt lat="42.892753" lon="-0.024658">
        <ele>626.8</ele>
      </trkpt>
      <trkpt lat="42.8927" lon="-0.024628">
        <ele>627.2</ele>
      </trkpt>
      <trkpt lat="42.892643" lon="-0.024597">
        <ele>627.5</ele>
      </trkpt>
      <trkpt lat="42.89259" lon="-0.024567">
        <ele>628.0</ele>
      </trkpt>
      <trkpt lat="42.892426" lon="-0.024445">
        <ele>628.0</ele>
      </trkpt>
      <trkpt lat="42.891937" lon="-0.024139">
        <ele>628.0</ele>
      </trkpt>
      <trkpt lat="42.891666" lon="-0.023987">
        <ele>628.4</ele>
      </trkpt>
      <trkpt lat="42.891613" lon="-0.023956">
        <ele>629.0</ele>
      </trkpt>
      <trkpt lat="42.891556" lon="-0.023926">
        <ele>629.4</ele>
      </trkpt>
      <trkpt lat="42.891502" lon="-0.023865">
        <ele>629.8</ele>
      </trkpt>
      <trkpt lat="42.891449" lon="-0.023834">
        <ele>630.2</ele>
      </trkpt>
      <trkpt lat="42.891094" lon="-0.023529">
        <ele>630.2</ele>
      </trkpt>
      <trkpt lat="42.89085" lon="-0.023192">
        <ele>630.5</ele>
      </trkpt>
      <trkpt lat="42.890816" lon="-0.023102">
        <ele>631.0</ele>
      </trkpt>
      <trkpt lat="42.89078" lon="-0.023041">
        <ele>631.4</ele>
      </trkpt>
      <trkpt lat="42.890751" lon="-0.02298">
        <ele>631.8</ele>
      </trkpt>
      <trkpt lat="42.890717" lon="-0.022918">
        <ele>632.2</ele>
      </trkpt>
      <trkpt lat="42.890656" lon="-0.022766">
        <ele>632.2</ele>
      </trkpt>
      <trkpt lat="42.890457" lon="-0.022339">
        <ele>632.2</ele>
      </trkpt>
      <trkpt lat="42.890202" lon="-0.02182">
        <ele>632.2</ele>
      </trkpt>
      <trkpt lat="42.890015" lon="-0.021484">
        <ele>632.2</ele>
      </trkpt>
      <trkpt lat="42.889893" lon="-0.021301">
        <ele>632.2</ele>
      </trkpt>
      <trkpt lat="42.889809" lon="-0.021179">
        <ele>632.2</ele>
      </trkpt>
      <trkpt lat="42.889606" lon="-0.020965">
        <ele>632.2</ele>
      </trkpt>
      <trkpt lat="42.889313" lon="-0.02066">
        <ele>632.2</ele>
      </trkpt>
      <trkpt lat="42.889252" lon="-0.02063">
        <ele>632.2</ele>
      </trkpt>
      <trkpt lat="42.889137" lon="-0.020538">
        <ele>632.5</ele>
      </trkpt>
      <trkpt lat="42.889083" lon="-0.020477">
        <ele>633.2</ele>
      </trkpt>
      <trkpt lat="42.889034" lon="-0.020416">
        <ele>633.5</ele>
      </trkpt>
      <trkpt lat="42.888992" lon="-0.020355">
        <ele>634.2</ele>
      </trkpt>
      <trkpt lat="42.888954" lon="-0.020294">
        <ele>634.5</ele>
      </trkpt>
      <trkpt lat="42.888878" lon="-0.020172">
        <ele>634.5</ele>
      </trkpt>
      <trkpt lat="42.88884" lon="-0.020142">
        <ele>634.5</ele>
      </trkpt>
      <trkpt lat="42.888805" lon="-0.020081">
        <ele>634.5</ele>
      </trkpt>
      <trkpt lat="42.888618" lon="-0.019745">
        <ele>634.5</ele>
      </trkpt>
      <trkpt lat="42.888393" lon="-0.019317">
        <ele>634.5</ele>
      </trkpt>
      <trkpt lat="42.888275" lon="-0.018982">
        <ele>634.5</ele>
      </trkpt>
      <trkpt lat="42.887959" lon="-0.018677">
        <ele>634.5</ele>
      </trkpt>
      <trkpt lat="42.887695" lon="-0.018433">
        <ele>635.2</ele>
      </trkpt>
      <trkpt lat="42.887642" lon="-0.018402">
        <ele>635.5</ele>
      </trkpt>
      <trkpt lat="42.887592" lon="-0.018341">
        <ele>636.0</ele>
      </trkpt>
      <trkpt lat="42.887538" lon="-0.018311">
        <ele>636.4</ele>
      </trkpt>
      <trkpt lat="42.887486" lon="-0.01825">
        <ele>636.8</ele>
      </trkpt>
      <trkpt lat="42.887379" lon="-0.018188">
        <ele>636.8</ele>
      </trkpt>
      <trkpt lat="42.887173" lon="-0.018005">
        <ele>636.8</ele>
      </trkpt>
      <trkpt lat="42.887123" lon="-0.017944">
        <ele>637.2</ele>
      </trkpt>
      <trkpt lat="42.887074" lon="-0.017914">
        <ele>637.5</ele>
      </trkpt>
      <trkpt lat="42.887023" lon="-0.017883">
        <ele>638.2</ele>
      </trkpt>
      <trkpt lat="42.886974" lon="-0.017822">
        <ele>638.5</ele>
      </trkpt>
      <trkpt lat="42.886929" lon="-0.017792">
        <ele>639.0</ele>
      </trkpt>
      <trkpt lat="42.886691" lon="-0.017578">
        <ele>639.0</ele>
      </trkpt>
      <trkpt lat="42.886414" lon="-0.017334">
        <ele>639.4</ele>
      </trkpt>
      <trkpt lat="42.886368" lon="-0.017273">
        <ele>639.8</ele>
      </trkpt>
      <trkpt lat="42.886325" lon="-0.017242">
        <ele>640.2</ele>
      </trkpt>
      <trkpt lat="42.886284" lon="-0.017212">
        <ele>640.8</ele>
      </trkpt>
      <trkpt lat="42.886246" lon="-0.01718">
        <ele>641.2</ele>
      </trkpt>
      <trkpt lat="42.886204" lon="-0.017151">
        <ele>641.2</ele>
      </trkpt>
      <trkpt lat="42.886078" lon="-0.017059">
        <ele>641.2</ele>
      </trkpt>
      <trkpt lat="42.886032" lon="-0.016998">
        <ele>641.5</ele>
      </trkpt>
      <trkpt lat="42.88599" lon="-0.016968">
        <ele>642.0</ele>
      </trkpt>
      <trkpt lat="42.885948" lon="-0.016937">
        <ele>642.5</ele>
      </trkpt>
      <trkpt lat="42.885906" lon="-0.016876">
        <ele>643.0</ele>
      </trkpt>
      <trkpt lat="42.885868" lon="-0.016846">
        <ele>643.4</ele>
      </trkpt>
      <trkpt lat="42.885826" lon="-0.016785">
        <ele>643.4</ele>
      </trkpt>
      <trkpt lat="42.885643" lon="-0.016605">
        <ele>655.1</ele>
      </trkpt>
      <trkpt lat="42.885609" lon="-0.016571">
        <ele>643.4</ele>
      </trkpt>
      <trkpt lat="42.885478" lon="-0.016388">
        <ele>643.4</ele>
      </trkpt>
      <trkpt lat="42.885371" lon="-0.016112">
        <ele>643.4</ele>
      </trkpt>
      <trkpt lat="42.885365" lon="-0.016022">
        <ele>643.4</ele>
      </trkpt>
      <trkpt lat="42.885345" lon="-0.015747">
        <ele>643.4</ele>
      </trkpt>
      <trkpt lat="42.885307" lon="-0.015594">
        <ele>643.4</ele>
      </trkpt>
      <trkpt lat="42.885136" lon="-0.01535">
        <ele>643.4</ele>
      </trkpt>
      <trkpt lat="42.885017" lon="-0.015259">
        <ele>643.4</ele>
      </trkpt>
      <trkpt lat="42.884712" lon="-0.015045">
        <ele>643.4</ele>
      </trkpt>
      <trkpt lat="42.884396" lon="-0.014832">
        <ele>643.8</ele>
      </trkpt>
      <trkpt lat="42.884346" lon="-0.014771">
        <ele>644.2</ele>
      </trkpt>
      <trkpt lat="42.884293" lon="-0.01474">
        <ele>644.5</ele>
      </trkpt>
      <trkpt lat="42.884243" lon="-0.014709">
        <ele>645.0</ele>
      </trkpt>
      <trkpt lat="42.884197" lon="-0.014679">
        <ele>645.4</ele>
      </trkpt>
      <trkpt lat="42.883816" lon="-0.014404">
        <ele>645.4</ele>
      </trkpt>
      <trkpt lat="42.883643" lon="-0.014252">
        <ele>646.0</ele>
      </trkpt>
      <trkpt lat="42.883598" lon="-0.014221">
        <ele>646.4</ele>
      </trkpt>
      <trkpt lat="42.88356" lon="-0.014191">
        <ele>646.8</ele>
      </trkpt>
      <trkpt lat="42.883518" lon="-0.01416">
        <ele>647.2</ele>
      </trkpt>
      <trkpt lat="42.88348" lon="-0.01413">
        <ele>647.5</ele>
      </trkpt>
      <trkpt lat="42.883293" lon="-0.013977">
        <ele>648.0</ele>
      </trkpt>
      <trkpt lat="42.883259" lon="-0.013947">
        <ele>648.4</ele>
      </trkpt>
      <trkpt lat="42.883224" lon="-0.013916">
        <ele>648.8</ele>
      </trkpt>
      <trkpt lat="42.88319" lon="-0.013885">
        <ele>649.4</ele>
      </trkpt>
      <trkpt lat="42.883156" lon="-0.013885">
        <ele>649.8</ele>
      </trkpt>
      <trkpt lat="42.883057" lon="-0.013794">
        <ele>649.8</ele>
      </trkpt>
      <trkpt lat="42.88295" lon="-0.013702">
        <ele>650.2</ele>
      </trkpt>
      <trkpt lat="42.882919" lon="-0.013702">
        <ele>650.5</ele>
      </trkpt>
      <trkpt lat="42.882889" lon="-0.013702">
        <ele>651.0</ele>
      </trkpt>
      <trkpt lat="42.882854" lon="-0.013672">
        <ele>651.4</ele>
      </trkpt>
      <trkpt lat="42.882816" lon="-0.013641">
        <ele>651.8</ele>
      </trkpt>
      <trkpt lat="42.882664" lon="-0.01355">
        <ele>651.8</ele>
      </trkpt>
      <trkpt lat="42.882591" lon="-0.013489">
        <ele>652.2</ele>
      </trkpt>
      <trkpt lat="42.882553" lon="-0.013458">
        <ele>652.5</ele>
      </trkpt>
      <trkpt lat="42.882515" lon="-0.013428">
        <ele>653.0</ele>
      </trkpt>
      <trkpt lat="42.882473" lon="-0.013397">
        <ele>653.4</ele>
      </trkpt>
      <trkpt lat="42.882435" lon="-0.013367">
        <ele>653.8</ele>
      </trkpt>
      <trkpt lat="42.88229" lon="-0.013275">
        <ele>653.8</ele>
      </trkpt>
      <trkpt lat="42.882153" lon="-0.013153">
        <ele>653.8</ele>
      </trkpt>
      <trkpt lat="42.882038" lon="-0.013062">
        <ele>654.4</ele>
      </trkpt>
      <trkpt lat="42.882" lon="-0.01303">
        <ele>654.8</ele>
      </trkpt>
      <trkpt lat="42.881962" lon="-0.01303">
        <ele>655.2</ele>
      </trkpt>
      <trkpt lat="42.88192" lon="-0.013">
        <ele>655.5</ele>
      </trkpt>
      <trkpt lat="42.881886" lon="-0.01297">
        <ele>656.2</ele>
      </trkpt>
      <trkpt lat="42.881659" lon="-0.012787">
        <ele>656.2</ele>
      </trkpt>
      <trkpt lat="42.881583" lon="-0.012726">
        <ele>656.5</ele>
      </trkpt>
      <trkpt lat="42.88155" lon="-0.012695">
        <ele>657.0</ele>
      </trkpt>
      <trkpt lat="42.881507" lon="-0.012664">
        <ele>657.4</ele>
      </trkpt>
      <trkpt lat="42.881474" lon="-0.012634">
        <ele>657.8</ele>
      </trkpt>
      <trkpt lat="42.881435" lon="-0.012604">
        <ele>658.2</ele>
      </trkpt>
      <trkpt lat="42.881329" lon="-0.012512">
        <ele>658.2</ele>
      </trkpt>
      <trkpt lat="42.881226" lon="-0.012451">
        <ele>658.5</ele>
      </trkpt>
      <trkpt lat="42.881191" lon="-0.012421">
        <ele>659.0</ele>
      </trkpt>
      <trkpt lat="42.881153" lon="-0.01239">
        <ele>659.4</ele>
      </trkpt>
      <trkpt lat="42.881111" lon="-0.01236">
        <ele>659.8</ele>
      </trkpt>
      <trkpt lat="42.881077" lon="-0.012329">
        <ele>660.2</ele>
      </trkpt>
      <trkpt lat="42.880852" lon="-0.012177">
        <ele>660.2</ele>
      </trkpt>
      <trkpt lat="42.880821" lon="-0.012146">
        <ele>660.5</ele>
      </trkpt>
      <trkpt lat="42.880787" lon="-0.012115">
        <ele>661.0</ele>
      </trkpt>
      <trkpt lat="42.880749" lon="-0.012085">
        <ele>661.5</ele>
      </trkpt>
      <trkpt lat="42.880711" lon="-0.012054">
        <ele>662.0</ele>
      </trkpt>
      <trkpt lat="42.880671" lon="-0.012024">
        <ele>662.4</ele>
      </trkpt>
      <trkpt lat="42.880394" lon="-0.01181">
        <ele>662.8</ele>
      </trkpt>
      <trkpt lat="42.880356" lon="-0.01178">
        <ele>663.2</ele>
      </trkpt>
      <trkpt lat="42.880318" lon="-0.011749">
        <ele>663.5</ele>
      </trkpt>
      <trkpt lat="42.880238" lon="-0.011688">
        <ele>664.4</ele>
      </trkpt>
      <trkpt lat="42.88007" lon="-0.011475">
        <ele>665.2</ele>
      </trkpt>
      <trkpt lat="42.880038" lon="-0.011414">
        <ele>665.5</ele>
      </trkpt>
      <trkpt lat="42.880009" lon="-0.011383">
        <ele>666.2</ele>
      </trkpt>
      <trkpt lat="42.879978" lon="-0.011322">
        <ele>666.5</ele>
      </trkpt>
      <trkpt lat="42.879822" lon="-0.011108">
        <ele>666.5</ele>
      </trkpt>
      <trkpt lat="42.879665" lon="-0.010895">
        <ele>667.0</ele>
      </trkpt>
      <trkpt lat="42.87965" lon="-0.010864">
        <ele>667.4</ele>
      </trkpt>
      <trkpt lat="42.879635" lon="-0.010834">
        <ele>667.8</ele>
      </trkpt>
      <trkpt lat="42.879623" lon="-0.010834">
        <ele>668.2</ele>
      </trkpt>
      <trkpt lat="42.879612" lon="-0.010803">
        <ele>668.5</ele>
      </trkpt>
      <trkpt lat="42.879585" lon="-0.010773">
        <ele>668.5</ele>
      </trkpt>
      <trkpt lat="42.879555" lon="-0.010712">
        <ele>668.5</ele>
      </trkpt>
      <trkpt lat="42.879547" lon="-0.010712">
        <ele>668.5</ele>
      </trkpt>
      <trkpt lat="42.879551" lon="-0.010712">
        <ele>668.5</ele>
      </trkpt>
      <trkpt lat="42.879543" lon="-0.010712">
        <ele>670.5</ele>
      </trkpt>
      <trkpt lat="42.879532" lon="-0.010681">
        <ele>670.5</ele>
      </trkpt>
      <trkpt lat="42.879517" lon="-0.010651">
        <ele>670.5</ele>
      </trkpt>
      <trkpt lat="42.879345" lon="-0.010406">
        <ele>670.5</ele>
      </trkpt>
      <trkpt lat="42.879124" lon="-0.010101">
        <ele>670.5</ele>
      </trkpt>
      <trkpt lat="42.879028" lon="-0.009949">
        <ele>671.0</ele>
      </trkpt>
      <trkpt lat="42.878998" lon="-0.009918">
        <ele>671.4</ele>
      </trkpt>
      <trkpt lat="42.878963" lon="-0.009857">
        <ele>671.8</ele>
      </trkpt>
      <trkpt lat="42.878933" lon="-0.009827">
        <ele>672.2</ele>
      </trkpt>
      <trkpt lat="42.878901" lon="-0.009766">
        <ele>672.5</ele>
      </trkpt>
      <trkpt lat="42.878749" lon="-0.009552">
        <ele>672.5</ele>
      </trkpt>
      <trkpt lat="42.878723" lon="-0.009521">
        <ele>672.5</ele>
      </trkpt>
      <trkpt lat="42.878639" lon="-0.009399">
        <ele>673.0</ele>
      </trkpt>
      <trkpt lat="42.878605" lon="-0.009338">
        <ele>673.4</ele>
      </trkpt>
      <trkpt lat="42.878574" lon="-0.009308">
        <ele>674.0</ele>
      </trkpt>
      <trkpt lat="42.878544" lon="-0.009277">
        <ele>674.4</ele>
      </trkpt>
      <trkpt lat="42.878513" lon="-0.009216">
        <ele>674.8</ele>
      </trkpt>
      <trkpt lat="42.878181" lon="-0.008728">
        <ele>674.8</ele>
      </trkpt>
      <trkpt lat="42.878155" lon="-0.008697">
        <ele>675.2</ele>
      </trkpt>
      <trkpt lat="42.878124" lon="-0.008636">
        <ele>675.8</ele>
      </trkpt>
      <trkpt lat="42.878071" lon="-0.008545">
        <ele>676.5</ele>
      </trkpt>
      <trkpt lat="42.87804" lon="-0.008514">
        <ele>677.0</ele>
      </trkpt>
      <trkpt lat="42.877922" lon="-0.008362">
        <ele>677.0</ele>
      </trkpt>
      <trkpt lat="42.877861" lon="-0.00827">
        <ele>677.4</ele>
      </trkpt>
      <trkpt lat="42.877831" lon="-0.008209">
        <ele>677.8</ele>
      </trkpt>
      <trkpt lat="42.877804" lon="-0.008179">
        <ele>678.2</ele>
      </trkpt>
      <trkpt lat="42.877773" lon="-0.008118">
        <ele>678.5</ele>
      </trkpt>
      <trkpt lat="42.877743" lon="-0.008087">
        <ele>679.0</ele>
      </trkpt>
      <trkpt lat="42.87756" lon="-0.007812">
        <ele>679.0</ele>
      </trkpt>
      <trkpt lat="42.87738" lon="-0.007568">
        <ele>679.4</ele>
      </trkpt>
      <trkpt lat="42.87735" lon="-0.007507">
        <ele>679.8</ele>
      </trkpt>
      <trkpt lat="42.877319" lon="-0.007477">
        <ele>680.2</ele>
      </trkpt>
      <trkpt lat="42.877293" lon="-0.007416">
        <ele>680.5</ele>
      </trkpt>
      <trkpt lat="42.877262" lon="-0.007385">
        <ele>681.0</ele>
      </trkpt>
      <trkpt lat="42.877113" lon="-0.007172">
        <ele>681.4</ele>
      </trkpt>
      <trkpt lat="42.877087" lon="-0.007111">
        <ele>681.8</ele>
      </trkpt>
      <trkpt lat="42.877056" lon="-0.00708">
        <ele>682.2</ele>
      </trkpt>
      <trkpt lat="42.877026" lon="-0.007019">
        <ele>682.5</ele>
      </trkpt>
      <trkpt lat="42.876995" lon="-0.006989">
        <ele>683.2</ele>
      </trkpt>
      <trkpt lat="42.87685" lon="-0.006836">
        <ele>683.2</ele>
      </trkpt>
      <trkpt lat="42.87682" lon="-0.006775">
        <ele>683.2</ele>
      </trkpt>
      <trkpt lat="42.876671" lon="-0.00647">
        <ele>683.2</ele>
      </trkpt>
      <trkpt lat="42.876637" lon="-0.006439">
        <ele>683.5</ele>
      </trkpt>
      <trkpt lat="42.876602" lon="-0.006378">
        <ele>684.0</ele>
      </trkpt>
      <trkpt lat="42.876572" lon="-0.006348">
        <ele>684.4</ele>
      </trkpt>
      <trkpt lat="42.876541" lon="-0.006317">
        <ele>684.8</ele>
      </trkpt>
      <trkpt lat="42.876511" lon="-0.006256">
        <ele>685.2</ele>
      </trkpt>
      <trkpt lat="42.876354" lon="-0.006041">
        <ele>685.5</ele>
      </trkpt>
      <trkpt lat="42.876328" lon="-0.006012">
        <ele>686.0</ele>
      </trkpt>
      <trkpt lat="42.876297" lon="-0.005951">
        <ele>686.4</ele>
      </trkpt>
      <trkpt lat="42.876266" lon="-0.00592">
        <ele>686.8</ele>
      </trkpt>
      <trkpt lat="42.876236" lon="-0.005858">
        <ele>687.4</ele>
      </trkpt>
      <trkpt lat="42.875991" lon="-0.005524">
        <ele>687.8</ele>
      </trkpt>
      <trkpt lat="42.87596" lon="-0.005492">
        <ele>688.2</ele>
      </trkpt>
      <trkpt lat="42.875931" lon="-0.005432">
        <ele>688.5</ele>
      </trkpt>
      <trkpt lat="42.8759" lon="-0.005402">
        <ele>689.0</ele>
      </trkpt>
      <trkpt lat="42.875874" lon="-0.005371">
        <ele>689.4</ele>
      </trkpt>
      <trkpt lat="42.875725" lon="-0.005126">
        <ele>689.8</ele>
      </trkpt>
      <trkpt lat="42.875694" lon="-0.005096">
        <ele>690.2</ele>
      </trkpt>
      <trkpt lat="42.875664" lon="-0.005066">
        <ele>690.8</ele>
      </trkpt>
      <trkpt lat="42.875637" lon="-0.005005">
        <ele>691.2</ele>
      </trkpt>
      <trkpt lat="42.875607" lon="-0.004974">
        <ele>691.5</ele>
      </trkpt>
      <trkpt lat="42.875445" lon="-0.00473">
        <ele>692.0</ele>
      </trkpt>
      <trkpt lat="42.875416" lon="-0.0047">
        <ele>692.4</ele>
      </trkpt>
      <trkpt lat="42.875389" lon="-0.004639">
        <ele>692.8</ele>
      </trkpt>
      <trkpt lat="42.875362" lon="-0.004608">
        <ele>693.4</ele>
      </trkpt>
      <trkpt lat="42.875336" lon="-0.004547">
        <ele>693.8</ele>
      </trkpt>
      <trkpt lat="42.875172" lon="-0.004333">
        <ele>694.2</ele>
      </trkpt>
      <trkpt lat="42.875141" lon="-0.004272">
        <ele>694.5</ele>
      </trkpt>
      <trkpt lat="42.87511" lon="-0.004242">
        <ele>695.0</ele>
      </trkpt>
      <trkpt lat="42.875084" lon="-0.004211">
        <ele>695.5</ele>
      </trkpt>
      <trkpt lat="42.875061" lon="-0.004181">
        <ele>696.0</ele>
      </trkpt>
      <trkpt lat="42.874981" lon="-0.004028">
        <ele>696.0</ele>
      </trkpt>
      <trkpt lat="42.87495" lon="-0.003998">
        <ele>696.4</ele>
      </trkpt>
      <trkpt lat="42.874924" lon="-0.003937">
        <ele>696.8</ele>
      </trkpt>
      <trkpt lat="42.874893" lon="-0.003937">
        <ele>697.4</ele>
      </trkpt>
      <trkpt lat="42.874863" lon="-0.003906">
        <ele>697.8</ele>
      </trkpt>
      <trkpt lat="42.874832" lon="-0.003876">
        <ele>698.2</ele>
      </trkpt>
      <trkpt lat="42.874725" lon="-0.003723">
        <ele>698.5</ele>
      </trkpt>
      <trkpt lat="42.874699" lon="-0.003662">
        <ele>699.0</ele>
      </trkpt>
      <trkpt lat="42.874668" lon="-0.003632">
        <ele>699.4</ele>
      </trkpt>
      <trkpt lat="42.874638" lon="-0.003571">
        <ele>700.0</ele>
      </trkpt>
      <trkpt lat="42.874611" lon="-0.00354">
        <ele>700.4</ele>
      </trkpt>
      <trkpt lat="42.874474" lon="-0.003326">
        <ele>700.8</ele>
      </trkpt>
      <trkpt lat="42.874443" lon="-0.003296">
        <ele>701.2</ele>
      </trkpt>
      <trkpt lat="42.874409" lon="-0.003235">
        <ele>701.5</ele>
      </trkpt>
      <trkpt lat="42.874374" lon="-0.003203">
        <ele>702.0</ele>
      </trkpt>
      <trkpt lat="42.874298" lon="-0.003174">
        <ele>702.5</ele>
      </trkpt>
      <trkpt lat="42.874218" lon="-0.003143">
        <ele>702.5</ele>
      </trkpt>
      <trkpt lat="42.87413" lon="-0.003174">
        <ele>702.5</ele>
      </trkpt>
      <trkpt lat="42.873871" lon="-0.003174">
        <ele>703.0</ele>
      </trkpt>
      <trkpt lat="42.873829" lon="-0.003174">
        <ele>703.4</ele>
      </trkpt>
      <trkpt lat="42.873791" lon="-0.003174">
        <ele>703.8</ele>
      </trkpt>
      <trkpt lat="42.873748" lon="-0.003174">
        <ele>704.2</ele>
      </trkpt>
      <trkpt lat="42.873703" lon="-0.003203">
        <ele>704.5</ele>
      </trkpt>
      <trkpt lat="42.873463" lon="-0.003265">
        <ele>704.5</ele>
      </trkpt>
      <trkpt lat="42.873303" lon="-0.003265">
        <ele>715.2</ele>
      </trkpt>
      <trkpt lat="42.873249" lon="-0.003265">
        <ele>704.5</ele>
      </trkpt>
      <trkpt lat="42.873181" lon="-0.003223">
        <ele>715.9</ele>
      </trkpt>
      <trkpt lat="42.87315" lon="-0.003203">
        <ele>704.5</ele>
      </trkpt>
      <trkpt lat="42.873035" lon="-0.003082">
        <ele>704.5</ele>
      </trkpt>
      <trkpt lat="42.873001" lon="-0.00302">
        <ele>704.5</ele>
      </trkpt>
      <trkpt lat="42.872841" lon="-0.002747">
        <ele>704.5</ele>
      </trkpt>
      <trkpt lat="42.872784" lon="-0.002625">
        <ele>705.2</ele>
      </trkpt>
      <trkpt lat="42.872765" lon="-0.002594">
        <ele>705.5</ele>
      </trkpt>
      <trkpt lat="42.872757" lon="-0.002563">
        <ele>706.0</ele>
      </trkpt>
      <trkpt lat="42.872746" lon="-0.002502">
        <ele>706.5</ele>
      </trkpt>
      <trkpt lat="42.872726" lon="-0.002471">
        <ele>707.0</ele>
      </trkpt>
      <trkpt lat="42.872662" lon="-0.00238">
        <ele>707.5</ele>
      </trkpt>
      <trkpt lat="42.872639" lon="-0.00235">
        <ele>708.0</ele>
      </trkpt>
      <trkpt lat="42.87262" lon="-0.002319">
        <ele>708.4</ele>
      </trkpt>
      <trkpt lat="42.872597" lon="-0.002288">
        <ele>709.0</ele>
      </trkpt>
      <trkpt lat="42.872574" lon="-0.002258">
        <ele>709.4</ele>
      </trkpt>
      <trkpt lat="42.872535" lon="-0.002167">
        <ele>709.8</ele>
      </trkpt>
      <trkpt lat="42.872517" lon="-0.002136">
        <ele>710.4</ele>
      </trkpt>
      <trkpt lat="42.872498" lon="-0.002105">
        <ele>710.8</ele>
      </trkpt>
      <trkpt lat="42.872478" lon="-0.002075">
        <ele>711.2</ele>
      </trkpt>
      <trkpt lat="42.872459" lon="-0.002045">
        <ele>711.5</ele>
      </trkpt>
      <trkpt lat="42.872391" lon="-0.001953">
        <ele>712.0</ele>
      </trkpt>
      <trkpt lat="42.872368" lon="-0.001923">
        <ele>712.4</ele>
      </trkpt>
      <trkpt lat="42.872345" lon="-0.001892">
        <ele>712.8</ele>
      </trkpt>
      <trkpt lat="42.87234" lon="-0.001881">
        <ele>727.0</ele>
      </trkpt>
      <trkpt lat="42.87233" lon="-0.001862">
        <ele>713.4</ele>
      </trkpt>
      <trkpt lat="42.872311" lon="-0.001831">
        <ele>713.8</ele>
      </trkpt>
      <trkpt lat="42.87228" lon="-0.00174">
        <ele>714.2</ele>
      </trkpt>
      <trkpt lat="42.87228" lon="-0.001709">
        <ele>714.5</ele>
      </trkpt>
      <trkpt lat="42.872284" lon="-0.001678">
        <ele>715.0</ele>
      </trkpt>
      <trkpt lat="42.872292" lon="-0.001617">
        <ele>715.4</ele>
      </trkpt>
      <trkpt lat="42.872299" lon="-0.001587">
        <ele>715.8</ele>
      </trkpt>
      <trkpt lat="42.872349" lon="-0.001465">
        <ele>715.8</ele>
      </trkpt>
      <trkpt lat="42.872425" lon="-0.001251">
        <ele>716.2</ele>
      </trkpt>
      <trkpt lat="42.872437" lon="-0.00119">
        <ele>716.5</ele>
      </trkpt>
      <trkpt lat="42.872448" lon="-0.00116">
        <ele>717.2</ele>
      </trkpt>
      <trkpt lat="42.872463" lon="-0.001099">
        <ele>717.5</ele>
      </trkpt>
      <trkpt lat="42.872475" lon="-0.001068">
        <ele>718.0</ele>
      </trkpt>
      <trkpt lat="42.872513" lon="-0.000916">
        <ele>718.0</ele>
      </trkpt>
      <trkpt lat="42.872585" lon="-0.00061">
        <ele>718.4</ele>
      </trkpt>
      <trkpt lat="42.872601" lon="-0.00058">
        <ele>718.8</ele>
      </trkpt>
      <trkpt lat="42.872611" lon="-0.000519">
        <ele>719.2</ele>
      </trkpt>
      <trkpt lat="42.872627" lon="-0.000488">
        <ele>719.5</ele>
      </trkpt>
      <trkpt lat="42.872639" lon="-0.000427">
        <ele>720.0</ele>
      </trkpt>
      <trkpt lat="42.872692" lon="-0.000275">
        <ele>720.0</ele>
      </trkpt>
      <trkpt lat="42.872742" lon="-0.000092">
        <ele>720.4</ele>
      </trkpt>
      <trkpt lat="42.872753" lon="-0.000031">
        <ele>720.8</ele>
      </trkpt>
      <trkpt lat="42.872768" lon="0.000006">
        <ele>721.2</ele>
      </trkpt>
      <trkpt lat="42.87278" lon="0.000051">
        <ele>721.5</ele>
      </trkpt>
      <trkpt lat="42.872787" lon="0.000096">
        <ele>722.0</ele>
      </trkpt>
      <trkpt lat="42.872852" lon="0.000328">
        <ele>722.4</ele>
      </trkpt>
      <trkpt lat="42.872864" lon="0.000377">
        <ele>722.8</ele>
      </trkpt>
      <trkpt lat="42.872879" lon="0.000424">
        <ele>723.2</ele>
      </trkpt>
      <trkpt lat="42.872894" lon="0.000473">
        <ele>723.5</ele>
      </trkpt>
      <trkpt lat="42.872906" lon="0.000522">
        <ele>724.0</ele>
      </trkpt>
      <trkpt lat="42.87305" lon="0.001037">
        <ele>724.0</ele>
      </trkpt>
      <trkpt lat="42.873207" lon="0.001624">
        <ele>724.0</ele>
      </trkpt>
      <trkpt lat="42.873302" lon="0.001981">
        <ele>724.0</ele>
      </trkpt>
      <trkpt lat="42.873394" lon="0.002332">
        <ele>724.0</ele>
      </trkpt>
      <trkpt lat="42.873427" lon="0.002469">
        <ele>724.4</ele>
      </trkpt>
      <trkpt lat="42.873444" lon="0.002533">
        <ele>725.0</ele>
      </trkpt>
      <trkpt lat="42.873463" lon="0.002601">
        <ele>725.4</ele>
      </trkpt>
      <trkpt lat="42.873482" lon="0.002665">
        <ele>725.8</ele>
      </trkpt>
      <trkpt lat="42.873497" lon="0.002728">
        <ele>726.2</ele>
      </trkpt>
      <trkpt lat="42.873623" lon="0.00317">
        <ele>726.2</ele>
      </trkpt>
      <trkpt lat="42.873657" lon="0.003292">
        <ele>726.5</ele>
      </trkpt>
      <trkpt lat="42.873672" lon="0.00335">
        <ele>727.0</ele>
      </trkpt>
      <trkpt lat="42.873692" lon="0.003409">
        <ele>727.5</ele>
      </trkpt>
      <trkpt lat="42.873707" lon="0.003469">
        <ele>728.0</ele>
      </trkpt>
      <trkpt lat="42.873726" lon="0.003528">
        <ele>728.5</ele>
      </trkpt>
      <trkpt lat="42.873783" lon="0.003755">
        <ele>728.5</ele>
      </trkpt>
      <trkpt lat="42.873829" lon="0.003916">
        <ele>729.0</ele>
      </trkpt>
      <trkpt lat="42.87384" lon="0.003968">
        <ele>729.4</ele>
      </trkpt>
      <trkpt lat="42.873856" lon="0.00402">
        <ele>729.8</ele>
      </trkpt>
      <trkpt lat="42.873871" lon="0.004072">
        <ele>730.2</ele>
      </trkpt>
      <trkpt lat="42.873882" lon="0.004122">
        <ele>730.5</ele>
      </trkpt>
      <trkpt lat="42.873909" lon="0.004222">
        <ele>731.0</ele>
      </trkpt>
      <trkpt lat="42.873924" lon="0.00427">
        <ele>731.4</ele>
      </trkpt>
      <trkpt lat="42.873936" lon="0.004319">
        <ele>731.8</ele>
      </trkpt>
      <trkpt lat="42.873947" lon="0.00437">
        <ele>732.2</ele>
      </trkpt>
      <trkpt lat="42.873959" lon="0.00442">
        <ele>732.5</ele>
      </trkpt>
      <trkpt lat="42.874001" lon="0.004573">
        <ele>733.2</ele>
      </trkpt>
      <trkpt lat="42.874016" lon="0.004624">
        <ele>733.5</ele>
      </trkpt>
      <trkpt lat="42.874027" lon="0.004675">
        <ele>734.0</ele>
      </trkpt>
      <trkpt lat="42.874043" lon="0.004728">
        <ele>734.4</ele>
      </trkpt>
      <trkpt lat="42.874058" lon="0.00478">
        <ele>735.0</ele>
      </trkpt>
      <trkpt lat="42.874123" lon="0.00499">
        <ele>735.4</ele>
      </trkpt>
      <trkpt lat="42.874142" lon="0.00504">
        <ele>735.8</ele>
      </trkpt>
      <trkpt lat="42.874161" lon="0.00509">
        <ele>736.2</ele>
      </trkpt>
      <trkpt lat="42.874184" lon="0.005141">
        <ele>736.5</ele>
      </trkpt>
      <trkpt lat="42.874207" lon="0.00519">
        <ele>737.0</ele>
      </trkpt>
      <trkpt lat="42.874275" lon="0.005327">
        <ele>737.0</ele>
      </trkpt>
      <trkpt lat="42.874302" lon="0.00537">
        <ele>737.4</ele>
      </trkpt>
      <trkpt lat="42.874329" lon="0.005411">
        <ele>737.8</ele>
      </trkpt>
      <trkpt lat="42.874355" lon="0.005452">
        <ele>738.2</ele>
      </trkpt>
      <trkpt lat="42.874386" lon="0.005492">
        <ele>738.5</ele>
      </trkpt>
      <trkpt lat="42.874412" lon="0.005535">
        <ele>739.0</ele>
      </trkpt>
      <trkpt lat="42.874664" lon="0.005902">
        <ele>739.4</ele>
      </trkpt>
      <trkpt lat="42.874691" lon="0.005941">
        <ele>739.8</ele>
      </trkpt>
      <trkpt lat="42.874718" lon="0.005978">
        <ele>740.2</ele>
      </trkpt>
      <trkpt lat="42.874741" lon="0.006017">
        <ele>740.5</ele>
      </trkpt>
      <trkpt lat="42.874767" lon="0.006057">
        <ele>741.0</ele>
      </trkpt>
      <trkpt lat="42.874893" lon="0.006293">
        <ele>741.0</ele>
      </trkpt>
      <trkpt lat="42.874943" lon="0.006365">
        <ele>741.5</ele>
      </trkpt>
      <trkpt lat="42.874969" lon="0.006396">
        <ele>742.0</ele>
      </trkpt>
      <trkpt lat="42.874996" lon="0.006426">
        <ele>742.4</ele>
      </trkpt>
      <trkpt lat="42.875019" lon="0.006457">
        <ele>742.8</ele>
      </trkpt>
      <trkpt lat="42.875046" lon="0.006488">
        <ele>743.2</ele>
      </trkpt>
      <trkpt lat="42.875072" lon="0.006522">
        <ele>743.2</ele>
      </trkpt>
      <trkpt lat="42.875172" lon="0.00667">
        <ele>743.5</ele>
      </trkpt>
      <trkpt lat="42.875198" lon="0.006705">
        <ele>744.0</ele>
      </trkpt>
      <trkpt lat="42.875225" lon="0.006736">
        <ele>744.4</ele>
      </trkpt>
      <trkpt lat="42.875252" lon="0.006771">
        <ele>745.0</ele>
      </trkpt>
      <trkpt lat="42.875278" lon="0.006805">
        <ele>745.4</ele>
      </trkpt>
      <trkpt lat="42.875443" lon="0.007058">
        <ele>745.8</ele>
      </trkpt>
      <trkpt lat="42.875465" lon="0.007098">
        <ele>746.2</ele>
      </trkpt>
      <trkpt lat="42.875488" lon="0.007136">
        <ele>746.8</ele>
      </trkpt>
      <trkpt lat="42.875511" lon="0.007171">
        <ele>747.2</ele>
      </trkpt>
      <trkpt lat="42.875538" lon="0.007207">
        <ele>747.5</ele>
      </trkpt>
      <trkpt lat="42.875656" lon="0.007387">
        <ele>748.2</ele>
      </trkpt>
      <trkpt lat="42.875683" lon="0.007424">
        <ele>748.5</ele>
      </trkpt>
      <trkpt lat="42.875706" lon="0.00746">
        <ele>749.0</ele>
      </trkpt>
      <trkpt lat="42.875732" lon="0.007497">
        <ele>749.4</ele>
      </trkpt>
      <trkpt lat="42.875777" lon="0.007568">
        <ele>749.8</ele>
      </trkpt>
      <trkpt lat="42.875851" lon="0.007675">
        <ele>750.2</ele>
      </trkpt>
      <trkpt lat="42.875877" lon="0.007711">
        <ele>750.5</ele>
      </trkpt>
      <trkpt lat="42.8759" lon="0.007745">
        <ele>751.2</ele>
      </trkpt>
      <trkpt lat="42.875923" lon="0.007781">
        <ele>751.5</ele>
      </trkpt>
      <trkpt lat="42.87595" lon="0.007818">
        <ele>752.0</ele>
      </trkpt>
      <trkpt lat="42.876125" lon="0.008073">
        <ele>752.0</ele>
      </trkpt>
      <trkpt lat="42.876202" lon="0.008189">
        <ele>752.4</ele>
      </trkpt>
      <trkpt lat="42.876225" lon="0.008227">
        <ele>752.8</ele>
      </trkpt>
      <trkpt lat="42.876251" lon="0.008265">
        <ele>753.2</ele>
      </trkpt>
      <trkpt lat="42.876274" lon="0.008301">
        <ele>753.8</ele>
      </trkpt>
      <trkpt lat="42.876301" lon="0.008336">
        <ele>754.2</ele>
      </trkpt>
      <trkpt lat="42.876469" lon="0.008584">
        <ele>754.2</ele>
      </trkpt>
      <trkpt lat="42.876495" lon="0.008619">
        <ele>754.5</ele>
      </trkpt>
      <trkpt lat="42.876518" lon="0.008654">
        <ele>755.0</ele>
      </trkpt>
      <trkpt lat="42.876545" lon="0.00869">
        <ele>755.5</ele>
      </trkpt>
      <trkpt lat="42.876595" lon="0.008767">
        <ele>756.4</ele>
      </trkpt>
      <trkpt lat="42.876755" lon="0.009061">
        <ele>756.4</ele>
      </trkpt>
      <trkpt lat="42.876793" lon="0.00915">
        <ele>756.8</ele>
      </trkpt>
      <trkpt lat="42.876807" lon="0.009195">
        <ele>757.5</ele>
      </trkpt>
      <trkpt lat="42.876827" lon="0.00924">
        <ele>758.0</ele>
      </trkpt>
      <trkpt lat="42.876842" lon="0.009286">
        <ele>758.4</ele>
      </trkpt>
      <trkpt lat="42.876888" lon="0.009419">
        <ele>758.4</ele>
      </trkpt>
      <trkpt lat="42.876949" lon="0.009598">
        <ele>759.4</ele>
      </trkpt>
      <trkpt lat="42.876976" lon="0.009683">
        <ele>760.2</ele>
      </trkpt>
      <trkpt lat="42.87699" lon="0.009724">
        <ele>760.5</ele>
      </trkpt>
      <trkpt lat="42.877068" lon="0.009944">
        <ele>761.0</ele>
      </trkpt>
      <trkpt lat="42.877083" lon="0.009988">
        <ele>761.8</ele>
      </trkpt>
      <trkpt lat="42.87711" lon="0.010071">
        <ele>762.5</ele>
      </trkpt>
      <trkpt lat="42.877171" lon="0.010282">
        <ele>763.4</ele>
      </trkpt>
      <trkpt lat="42.877182" lon="0.010325">
        <ele>763.8</ele>
      </trkpt>
      <trkpt lat="42.877209" lon="0.010411">
        <ele>764.5</ele>
      </trkpt>
      <trkpt lat="42.877254" lon="0.010539">
        <ele>764.5</ele>
      </trkpt>
      <trkpt lat="42.877281" lon="0.010627">
        <ele>765.0</ele>
      </trkpt>
      <trkpt lat="42.877308" lon="0.010711">
        <ele>766.0</ele>
      </trkpt>
      <trkpt lat="42.877319" lon="0.010753">
        <ele>766.4</ele>
      </trkpt>
      <trkpt lat="42.877335" lon="0.010792">
        <ele>766.8</ele>
      </trkpt>
      <trkpt lat="42.877398" lon="0.010985">
        <ele>767.2</ele>
      </trkpt>
      <trkpt lat="42.877434" lon="0.011003">
        <ele>767.5</ele>
      </trkpt>
      <trkpt lat="42.877495" lon="0.01103">
        <ele>768.0</ele>
      </trkpt>
      <trkpt lat="42.877518" lon="0.011051">
        <ele>768.4</ele>
      </trkpt>
      <trkpt lat="42.877541" lon="0.011072">
        <ele>768.8</ele>
      </trkpt>
      <trkpt lat="42.877544" lon="0.011109">
        <ele>768.8</ele>
      </trkpt>
      <trkpt lat="42.877548" lon="0.011148">
        <ele>769.2</ele>
      </trkpt>
      <trkpt lat="42.877556" lon="0.011191">
        <ele>769.5</ele>
      </trkpt>
      <trkpt lat="42.877575" lon="0.011231">
        <ele>770.0</ele>
      </trkpt>
      <trkpt lat="42.877594" lon="0.011272">
        <ele>770.4</ele>
      </trkpt>
      <trkpt lat="42.877609" lon="0.01131">
        <ele>770.8</ele>
      </trkpt>
      <trkpt lat="42.877655" lon="0.011436">
        <ele>770.8</ele>
      </trkpt>
      <trkpt lat="42.877674" lon="0.011471">
        <ele>771.2</ele>
      </trkpt>
      <trkpt lat="42.877686" lon="0.011512">
        <ele>771.8</ele>
      </trkpt>
      <trkpt lat="42.877693" lon="0.011559">
        <ele>772.2</ele>
      </trkpt>
      <trkpt lat="42.877697" lon="0.011605">
        <ele>772.8</ele>
      </trkpt>
      <trkpt lat="42.877705" lon="0.011651">
        <ele>773.2</ele>
      </trkpt>
      <trkpt lat="42.877724" lon="0.011747">
        <ele>773.2</ele>
      </trkpt>
      <trkpt lat="42.877754" lon="0.011835">
        <ele>773.5</ele>
      </trkpt>
      <trkpt lat="42.877769" lon="0.011879">
        <ele>774.0</ele>
      </trkpt>
      <trkpt lat="42.877785" lon="0.011922">
        <ele>774.5</ele>
      </trkpt>
      <trkpt lat="42.877795" lon="0.011962">
        <ele>775.0</ele>
      </trkpt>
      <trkpt lat="42.87788" lon="0.012192">
        <ele>775.8</ele>
      </trkpt>
      <trkpt lat="42.877892" lon="0.012229">
        <ele>776.4</ele>
      </trkpt>
      <trkpt lat="42.877907" lon="0.012268">
        <ele>776.8</ele>
      </trkpt>
      <trkpt lat="42.877918" lon="0.012305">
        <ele>777.4</ele>
      </trkpt>
      <trkpt lat="42.877926" lon="0.012342">
        <ele>777.8</ele>
      </trkpt>
      <trkpt lat="42.877964" lon="0.012456">
        <ele>778.2</ele>
      </trkpt>
      <trkpt lat="42.877975" lon="0.012494">
        <ele>778.5</ele>
      </trkpt>
      <trkpt lat="42.877983" lon="0.012533">
        <ele>779.0</ele>
      </trkpt>
      <trkpt lat="42.877991" lon="0.012571">
        <ele>779.4</ele>
      </trkpt>
      <trkpt lat="42.877991" lon="0.012609">
        <ele>779.8</ele>
      </trkpt>
      <trkpt lat="42.87802" lon="0.012725">
        <ele>779.8</ele>
      </trkpt>
      <trkpt lat="42.878033" lon="0.01276">
        <ele>780.4</ele>
      </trkpt>
      <trkpt lat="42.878048" lon="0.012795">
        <ele>780.8</ele>
      </trkpt>
      <trkpt lat="42.878059" lon="0.012829">
        <ele>781.2</ele>
      </trkpt>
      <trkpt lat="42.878067" lon="0.012866">
        <ele>781.5</ele>
      </trkpt>
      <trkpt lat="42.878078" lon="0.0129">
        <ele>782.2</ele>
      </trkpt>
      <trkpt lat="42.878098" lon="0.012978">
        <ele>782.2</ele>
      </trkpt>
      <trkpt lat="42.878105" lon="0.013066">
        <ele>782.5</ele>
      </trkpt>
      <trkpt lat="42.878109" lon="0.013109">
        <ele>783.0</ele>
      </trkpt>
      <trkpt lat="42.878117" lon="0.013151">
        <ele>783.5</ele>
      </trkpt>
      <trkpt lat="42.878124" lon="0.013191">
        <ele>784.0</ele>
      </trkpt>
      <trkpt lat="42.878132" lon="0.013229">
        <ele>784.4</ele>
      </trkpt>
      <trkpt lat="42.878143" lon="0.013311">
        <ele>784.4</ele>
      </trkpt>
      <trkpt lat="42.878162" lon="0.01356">
        <ele>784.8</ele>
      </trkpt>
      <trkpt lat="42.878162" lon="0.013601">
        <ele>785.4</ele>
      </trkpt>
      <trkpt lat="42.878162" lon="0.013639">
        <ele>785.8</ele>
      </trkpt>
      <trkpt lat="42.878162" lon="0.013681">
        <ele>786.2</ele>
      </trkpt>
      <trkpt lat="42.878162" lon="0.013709">
        <ele>786.5</ele>
      </trkpt>
      <trkpt lat="42.878166" lon="0.013795">
        <ele>787.0</ele>
      </trkpt>
      <trkpt lat="42.87817" lon="0.013827">
        <ele>787.4</ele>
      </trkpt>
      <trkpt lat="42.878174" lon="0.013867">
        <ele>788.0</ele>
      </trkpt>
      <trkpt lat="42.878174" lon="0.013906">
        <ele>788.4</ele>
      </trkpt>
      <trkpt lat="42.87817" lon="0.013949">
        <ele>788.8</ele>
      </trkpt>
      <trkpt lat="42.878174" lon="0.014153">
        <ele>789.2</ele>
      </trkpt>
      <trkpt lat="42.878178" lon="0.01419">
        <ele>789.5</ele>
      </trkpt>
      <trkpt lat="42.878178" lon="0.014231">
        <ele>790.0</ele>
      </trkpt>
      <trkpt lat="42.878181" lon="0.01427">
        <ele>790.4</ele>
      </trkpt>
      <trkpt lat="42.878181" lon="0.014311">
        <ele>790.8</ele>
      </trkpt>
      <trkpt lat="42.878181" lon="0.014471">
        <ele>790.8</ele>
      </trkpt>
      <trkpt lat="42.878178" lon="0.01455">
        <ele>791.2</ele>
      </trkpt>
      <trkpt lat="42.878178" lon="0.01459">
        <ele>791.5</ele>
      </trkpt>
      <trkpt lat="42.878178" lon="0.01463">
        <ele>792.0</ele>
      </trkpt>
      <trkpt lat="42.878178" lon="0.01467">
        <ele>792.4</ele>
      </trkpt>
      <trkpt lat="42.878178" lon="0.014708">
        <ele>792.8</ele>
      </trkpt>
      <trkpt lat="42.878185" lon="0.014905">
        <ele>793.2</ele>
      </trkpt>
      <trkpt lat="42.878185" lon="0.014944">
        <ele>793.8</ele>
      </trkpt>
      <trkpt lat="42.878185" lon="0.014983">
        <ele>794.2</ele>
      </trkpt>
      <trkpt lat="42.878189" lon="0.015024">
        <ele>794.5</ele>
      </trkpt>
      <trkpt lat="42.878189" lon="0.015065">
        <ele>795.0</ele>
      </trkpt>
      <trkpt lat="42.878201" lon="0.015356">
        <ele>795.4</ele>
      </trkpt>
      <trkpt lat="42.878203" lon="0.015399">
        <ele>796.0</ele>
      </trkpt>
      <trkpt lat="42.878208" lon="0.015441">
        <ele>796.4</ele>
      </trkpt>
      <trkpt lat="42.878216" lon="0.015483">
        <ele>796.8</ele>
      </trkpt>
      <trkpt lat="42.87822" lon="0.015524">
        <ele>797.2</ele>
      </trkpt>
      <trkpt lat="42.878231" lon="0.015692">
        <ele>797.5</ele>
      </trkpt>
      <trkpt lat="42.878234" lon="0.015734">
        <ele>798.0</ele>
      </trkpt>
      <trkpt lat="42.878239" lon="0.015777">
        <ele>798.5</ele>
      </trkpt>
      <trkpt lat="42.878242" lon="0.015819">
        <ele>799.0</ele>
      </trkpt>
      <trkpt lat="42.878246" lon="0.015861">
        <ele>799.4</ele>
      </trkpt>
      <trkpt lat="42.878265" lon="0.016067">
        <ele>799.8</ele>
      </trkpt>
      <trkpt lat="42.878265" lon="0.016108">
        <ele>800.2</ele>
      </trkpt>
      <trkpt lat="42.878269" lon="0.016148">
        <ele>800.5</ele>
      </trkpt>
      <trkpt lat="42.878269" lon="0.01619">
        <ele>801.0</ele>
      </trkpt>
      <trkpt lat="42.878273" lon="0.016229">
        <ele>801.4</ele>
      </trkpt>
      <trkpt lat="42.878281" lon="0.016348">
        <ele>801.4</ele>
      </trkpt>
      <trkpt lat="42.878284" lon="0.016389">
        <ele>801.8</ele>
      </trkpt>
      <trkpt lat="42.878284" lon="0.016431">
        <ele>802.2</ele>
      </trkpt>
      <trkpt lat="42.878288" lon="0.016471">
        <ele>802.5</ele>
      </trkpt>
      <trkpt lat="42.878292" lon="0.016512">
        <ele>803.0</ele>
      </trkpt>
      <trkpt lat="42.878292" lon="0.016552">
        <ele>803.4</ele>
      </trkpt>
      <trkpt lat="42.878307" lon="0.016752">
        <ele>803.8</ele>
      </trkpt>
      <trkpt lat="42.878307" lon="0.016792">
        <ele>804.4</ele>
      </trkpt>
      <trkpt lat="42.87831" lon="0.016832">
        <ele>804.8</ele>
      </trkpt>
      <trkpt lat="42.878315" lon="0.016871">
        <ele>805.2</ele>
      </trkpt>
      <trkpt lat="42.878319" lon="0.016911">
        <ele>805.5</ele>
      </trkpt>
      <trkpt lat="42.878334" lon="0.017106">
        <ele>806.0</ele>
      </trkpt>
      <trkpt lat="42.878334" lon="0.017144">
        <ele>806.4</ele>
      </trkpt>
      <trkpt lat="42.878338" lon="0.017182">
        <ele>806.8</ele>
      </trkpt>
      <trkpt lat="42.878338" lon="0.017219">
        <ele>807.2</ele>
      </trkpt>
      <trkpt lat="42.878342" lon="0.017257">
        <ele>807.5</ele>
      </trkpt>
      <trkpt lat="42.878345" lon="0.017372">
        <ele>807.5</ele>
      </trkpt>
      <trkpt lat="42.878349" lon="0.017449">
        <ele>808.2</ele>
      </trkpt>
      <trkpt lat="42.878349" lon="0.017487">
        <ele>808.5</ele>
      </trkpt>
      <trkpt lat="42.878353" lon="0.017525">
        <ele>809.0</ele>
      </trkpt>
      <trkpt lat="42.878357" lon="0.017563">
        <ele>809.4</ele>
      </trkpt>
      <trkpt lat="42.878357" lon="0.017601">
        <ele>809.8</ele>
      </trkpt>
      <trkpt lat="42.878368" lon="0.017759">
        <ele>810.2</ele>
      </trkpt>
      <trkpt lat="42.878372" lon="0.0178">
        <ele>810.5</ele>
      </trkpt>
      <trkpt lat="42.878376" lon="0.01784">
        <ele>811.0</ele>
      </trkpt>
      <trkpt lat="42.878376" lon="0.017882">
        <ele>811.4</ele>
      </trkpt>
      <trkpt lat="42.87838" lon="0.017922">
        <ele>811.8</ele>
      </trkpt>
      <trkpt lat="42.878386" lon="0.018124">
        <ele>812.2</ele>
      </trkpt>
      <trkpt lat="42.878391" lon="0.018163">
        <ele>812.5</ele>
      </trkpt>
      <trkpt lat="42.878391" lon="0.018202">
        <ele>813.2</ele>
      </trkpt>
      <trkpt lat="42.878395" lon="0.018241">
        <ele>813.5</ele>
      </trkpt>
      <trkpt lat="42.878395" lon="0.018281">
        <ele>814.0</ele>
      </trkpt>
      <trkpt lat="42.878399" lon="0.018564">
        <ele>814.4</ele>
      </trkpt>
      <trkpt lat="42.878403" lon="0.018605">
        <ele>814.8</ele>
      </trkpt>
      <trkpt lat="42.878403" lon="0.018644">
        <ele>815.4</ele>
      </trkpt>
      <trkpt lat="42.878407" lon="0.018684">
        <ele>815.8</ele>
      </trkpt>
      <trkpt lat="42.878407" lon="0.018722">
        <ele>816.2</ele>
      </trkpt>
      <trkpt lat="42.878414" lon="0.018916">
        <ele>816.5</ele>
      </trkpt>
      <trkpt lat="42.878414" lon="0.018955">
        <ele>817.2</ele>
      </trkpt>
      <trkpt lat="42.878414" lon="0.018995">
        <ele>817.5</ele>
      </trkpt>
      <trkpt lat="42.878414" lon="0.019034">
        <ele>818.0</ele>
      </trkpt>
      <trkpt lat="42.878418" lon="0.019074">
        <ele>818.4</ele>
      </trkpt>
      <trkpt lat="42.878426" lon="0.019237">
        <ele>818.8</ele>
      </trkpt>
      <trkpt lat="42.878428" lon="0.019277">
        <ele>819.2</ele>
      </trkpt>
      <trkpt lat="42.878433" lon="0.019317">
        <ele>819.5</ele>
      </trkpt>
      <trkpt lat="42.878433" lon="0.019357">
        <ele>820.0</ele>
      </trkpt>
      <trkpt lat="42.878437" lon="0.019397">
        <ele>820.5</ele>
      </trkpt>
      <trkpt lat="42.878448" lon="0.019679">
        <ele>821.0</ele>
      </trkpt>
      <trkpt lat="42.878448" lon="0.019718">
        <ele>821.4</ele>
      </trkpt>
      <trkpt lat="42.878452" lon="0.019759">
        <ele>821.8</ele>
      </trkpt>
      <trkpt lat="42.878452" lon="0.0198">
        <ele>822.4</ele>
      </trkpt>
      <trkpt lat="42.878456" lon="0.01984">
        <ele>822.8</ele>
      </trkpt>
      <trkpt lat="42.878456" lon="0.019881">
        <ele>822.8</ele>
      </trkpt>
      <trkpt lat="42.878464" lon="0.020046">
        <ele>823.2</ele>
      </trkpt>
      <trkpt lat="42.878468" lon="0.020087">
        <ele>823.5</ele>
      </trkpt>
      <trkpt lat="42.878468" lon="0.020128">
        <ele>824.0</ele>
      </trkpt>
      <trkpt lat="42.878471" lon="0.020169">
        <ele>824.5</ele>
      </trkpt>
      <trkpt lat="42.878471" lon="0.020208">
        <ele>825.0</ele>
      </trkpt>
      <trkpt lat="42.878483" lon="0.02033">
        <ele>825.0</ele>
      </trkpt>
      <trkpt lat="42.878487" lon="0.02041">
        <ele>825.4</ele>
      </trkpt>
      <trkpt lat="42.87849" lon="0.02045">
        <ele>825.8</ele>
      </trkpt>
      <trkpt lat="42.87849" lon="0.02049">
        <ele>826.2</ele>
      </trkpt>
      <trkpt lat="42.878494" lon="0.020529">
        <ele>826.8</ele>
      </trkpt>
      <trkpt lat="42.878494" lon="0.020566">
        <ele>827.2</ele>
      </trkpt>
      <trkpt lat="42.878502" lon="0.020728">
        <ele>827.2</ele>
      </trkpt>
      <trkpt lat="42.878502" lon="0.02081">
        <ele>827.5</ele>
      </trkpt>
      <trkpt lat="42.878502" lon="0.020852">
        <ele>828.0</ele>
      </trkpt>
      <trkpt lat="42.878502" lon="0.020895">
        <ele>828.4</ele>
      </trkpt>
      <trkpt lat="42.878502" lon="0.020936">
        <ele>829.0</ele>
      </trkpt>
      <trkpt lat="42.878502" lon="0.020977">
        <ele>829.4</ele>
      </trkpt>
      <trkpt lat="42.878502" lon="0.021138">
        <ele>829.4</ele>
      </trkpt>
      <trkpt lat="42.878506" lon="0.021294">
        <ele>829.8</ele>
      </trkpt>
      <trkpt lat="42.878506" lon="0.021334">
        <ele>830.2</ele>
      </trkpt>
      <trkpt lat="42.87851" lon="0.021373">
        <ele>830.5</ele>
      </trkpt>
      <trkpt lat="42.87851" lon="0.021413">
        <ele>831.0</ele>
      </trkpt>
      <trkpt lat="42.87851" lon="0.021453">
        <ele>831.4</ele>
      </trkpt>
      <trkpt lat="42.878517" lon="0.021575">
        <ele>831.4</ele>
      </trkpt>
      <trkpt lat="42.878525" lon="0.02174">
        <ele>832.0</ele>
      </trkpt>
      <trkpt lat="42.878525" lon="0.02178">
        <ele>832.4</ele>
      </trkpt>
      <trkpt lat="42.878529" lon="0.021822">
        <ele>832.8</ele>
      </trkpt>
      <trkpt lat="42.878532" lon="0.021862">
        <ele>833.2</ele>
      </trkpt>
      <trkpt lat="42.878535" lon="0.021943">
        <ele>833.5</ele>
      </trkpt>
      <trkpt lat="42.878544" lon="0.022147">
        <ele>833.5</ele>
      </trkpt>
      <trkpt lat="42.878551" lon="0.022228">
        <ele>834.2</ele>
      </trkpt>
      <trkpt lat="42.878555" lon="0.022267">
        <ele>834.5</ele>
      </trkpt>
      <trkpt lat="42.878555" lon="0.022308">
        <ele>835.0</ele>
      </trkpt>
      <trkpt lat="42.878559" lon="0.022348">
        <ele>835.5</ele>
      </trkpt>
      <trkpt lat="42.878563" lon="0.022386">
        <ele>836.0</ele>
      </trkpt>
      <trkpt lat="42.878582" lon="0.022543">
        <ele>836.0</ele>
      </trkpt>
      <trkpt lat="42.878597" lon="0.022661">
        <ele>836.4</ele>
      </trkpt>
      <trkpt lat="42.878605" lon="0.0227">
        <ele>836.8</ele>
      </trkpt>
      <trkpt lat="42.878609" lon="0.022739">
        <ele>837.2</ele>
      </trkpt>
      <trkpt lat="42.878616" lon="0.022778">
        <ele>837.5</ele>
      </trkpt>
      <trkpt lat="42.878624" lon="0.022817">
        <ele>838.0</ele>
      </trkpt>
      <trkpt lat="42.878651" lon="0.022932">
        <ele>838.0</ele>
      </trkpt>
      <trkpt lat="42.878685" lon="0.023081">
        <ele>838.5</ele>
      </trkpt>
      <trkpt lat="42.878696" lon="0.023119">
        <ele>839.0</ele>
      </trkpt>
      <trkpt lat="42.878704" lon="0.023154">
        <ele>839.5</ele>
      </trkpt>
      <trkpt lat="42.878712" lon="0.023192">
        <ele>840.0</ele>
      </trkpt>
      <trkpt lat="42.878723" lon="0.023228">
        <ele>840.4</ele>
      </trkpt>
      <trkpt lat="42.878731" lon="0.023264">
        <ele>840.4</ele>
      </trkpt>
      <trkpt lat="42.878757" lon="0.023373">
        <ele>840.8</ele>
      </trkpt>
      <trkpt lat="42.878765" lon="0.02341">
        <ele>841.2</ele>
      </trkpt>
      <trkpt lat="42.878773" lon="0.023448">
        <ele>841.5</ele>
      </trkpt>
      <trkpt lat="42.878777" lon="0.023487">
        <ele>842.0</ele>
      </trkpt>
      <trkpt lat="42.878784" lon="0.023525">
        <ele>842.4</ele>
      </trkpt>
      <trkpt lat="42.878796" lon="0.023605">
        <ele>842.4</ele>
      </trkpt>
      <trkpt lat="42.878815" lon="0.023718">
        <ele>842.8</ele>
      </trkpt>
      <trkpt lat="42.878822" lon="0.023756">
        <ele>843.2</ele>
      </trkpt>
      <trkpt lat="42.87883" lon="0.023794">
        <ele>843.5</ele>
      </trkpt>
      <trkpt lat="42.878838" lon="0.023835">
        <ele>844.0</ele>
      </trkpt>
      <trkpt lat="42.878841" lon="0.023874">
        <ele>844.4</ele>
      </trkpt>
      <trkpt lat="42.878906" lon="0.024113">
        <ele>845.0</ele>
      </trkpt>
      <trkpt lat="42.878914" lon="0.024152">
        <ele>845.4</ele>
      </trkpt>
      <trkpt lat="42.878922" lon="0.024189">
        <ele>845.8</ele>
      </trkpt>
      <trkpt lat="42.878929" lon="0.024228">
        <ele>846.2</ele>
      </trkpt>
      <trkpt lat="42.878937" lon="0.024264">
        <ele>846.5</ele>
      </trkpt>
      <trkpt lat="42.878983" lon="0.024493">
        <ele>847.0</ele>
      </trkpt>
      <trkpt lat="42.87899" lon="0.024534">
        <ele>847.4</ele>
      </trkpt>
      <trkpt lat="42.879002" lon="0.024575">
        <ele>847.8</ele>
      </trkpt>
      <trkpt lat="42.879013" lon="0.024617">
        <ele>848.4</ele>
      </trkpt>
      <trkpt lat="42.879025" lon="0.024659">
        <ele>848.8</ele>
      </trkpt>
      <trkpt lat="42.87907" lon="0.024819">
        <ele>849.2</ele>
      </trkpt>
      <trkpt lat="42.879078" lon="0.024858">
        <ele>849.5</ele>
      </trkpt>
      <trkpt lat="42.879086" lon="0.024897">
        <ele>850.0</ele>
      </trkpt>
      <trkpt lat="42.879097" lon="0.024935">
        <ele>850.4</ele>
      </trkpt>
      <trkpt lat="42.879105" lon="0.024973">
        <ele>850.8</ele>
      </trkpt>
      <trkpt lat="42.879147" lon="0.025163">
        <ele>851.2</ele>
      </trkpt>
      <trkpt lat="42.87915" lon="0.025203">
        <ele>851.5</ele>
      </trkpt>
      <trkpt lat="42.879157" lon="0.025243">
        <ele>852.0</ele>
      </trkpt>
      <trkpt lat="42.879166" lon="0.025283">
        <ele>852.4</ele>
      </trkpt>
      <trkpt lat="42.879173" lon="0.025322">
        <ele>852.8</ele>
      </trkpt>
      <trkpt lat="42.879233" lon="0.025587">
        <ele>852.8</ele>
      </trkpt>
      <trkpt lat="42.87925" lon="0.025622">
        <ele>853.2</ele>
      </trkpt>
      <trkpt lat="42.879257" lon="0.025658">
        <ele>853.5</ele>
      </trkpt>
      <trkpt lat="42.879269" lon="0.025694">
        <ele>854.0</ele>
      </trkpt>
      <trkpt lat="42.879276" lon="0.02573">
        <ele>854.4</ele>
      </trkpt>
      <trkpt lat="42.879288" lon="0.025765">
        <ele>854.8</ele>
      </trkpt>
      <trkpt lat="42.879295" lon="0.025802">
        <ele>854.8</ele>
      </trkpt>
      <trkpt lat="42.879318" lon="0.025874">
        <ele>855.2</ele>
      </trkpt>
      <trkpt lat="42.87933" lon="0.02591">
        <ele>855.5</ele>
      </trkpt>
      <trkpt lat="42.879345" lon="0.025945">
        <ele>856.2</ele>
      </trkpt>
      <trkpt lat="42.879356" lon="0.025981">
        <ele>856.5</ele>
      </trkpt>
      <trkpt lat="42.879368" lon="0.026016">
        <ele>857.0</ele>
      </trkpt>
      <trkpt lat="42.879391" lon="0.026088">
        <ele>857.0</ele>
      </trkpt>
      <trkpt lat="42.879459" lon="0.026254">
        <ele>857.4</ele>
      </trkpt>
      <trkpt lat="42.879478" lon="0.026285">
        <ele>858.0</ele>
      </trkpt>
      <trkpt lat="42.879494" lon="0.026316">
        <ele>858.4</ele>
      </trkpt>
      <trkpt lat="42.879509" lon="0.026347">
        <ele>859.0</ele>
      </trkpt>
      <trkpt lat="42.879528" lon="0.026376">
        <ele>859.4</ele>
      </trkpt>
      <trkpt lat="42.879612" lon="0.026483">
        <ele>859.8</ele>
      </trkpt>
      <trkpt lat="42.879635" lon="0.026509">
        <ele>860.2</ele>
      </trkpt>
      <trkpt lat="42.879658" lon="0.026534">
        <ele>860.6</ele>
      </trkpt>
      <trkpt lat="42.879677" lon="0.026558">
        <ele>861.0</ele>
      </trkpt>
      <trkpt lat="42.879696" lon="0.026583">
        <ele>861.4</ele>
      </trkpt>
      <trkpt lat="42.87989" lon="0.02681">
        <ele>861.8</ele>
      </trkpt>
      <trkpt lat="42.879913" lon="0.026837">
        <ele>862.2</ele>
      </trkpt>
      <trkpt lat="42.879931" lon="0.026864">
        <ele>862.6</ele>
      </trkpt>
      <trkpt lat="42.879955" lon="0.026892">
        <ele>863.0</ele>
      </trkpt>
      <trkpt lat="42.879974" lon="0.026918">
        <ele>863.4</ele>
      </trkpt>
      <trkpt lat="42.88008" lon="0.027038">
        <ele>864.0</ele>
      </trkpt>
      <trkpt lat="42.880104" lon="0.027062">
        <ele>864.4</ele>
      </trkpt>
      <trkpt lat="42.880127" lon="0.027085">
        <ele>864.8</ele>
      </trkpt>
      <trkpt lat="42.880146" lon="0.027109">
        <ele>865.2</ele>
      </trkpt>
      <trkpt lat="42.880192" lon="0.027159">
        <ele>865.8</ele>
      </trkpt>
      <trkpt lat="42.88028" lon="0.027256">
        <ele>866.2</ele>
      </trkpt>
      <trkpt lat="42.880299" lon="0.02728">
        <ele>866.6</ele>
      </trkpt>
      <trkpt lat="42.880322" lon="0.027304">
        <ele>867.0</ele>
      </trkpt>
      <trkpt lat="42.880344" lon="0.027328">
        <ele>867.4</ele>
      </trkpt>
      <trkpt lat="42.880367" lon="0.027352">
        <ele>867.8</ele>
      </trkpt>
      <trkpt lat="42.88047" lon="0.027474">
        <ele>868.4</ele>
      </trkpt>
      <trkpt lat="42.880493" lon="0.027499">
        <ele>868.8</ele>
      </trkpt>
      <trkpt lat="42.880512" lon="0.027524">
        <ele>869.2</ele>
      </trkpt>
      <trkpt lat="42.880535" lon="0.027548">
        <ele>869.6</ele>
      </trkpt>
      <trkpt lat="42.880553" lon="0.027574">
        <ele>870.0</ele>
      </trkpt>
      <trkpt lat="42.880684" lon="0.027724">
        <ele>870.0</ele>
      </trkpt>
      <trkpt lat="42.880702" lon="0.027748">
        <ele>870.4</ele>
      </trkpt>
      <trkpt lat="42.880722" lon="0.027772">
        <ele>871.0</ele>
      </trkpt>
      <trkpt lat="42.880764" lon="0.02782">
        <ele>871.4</ele>
      </trkpt>
      <trkpt lat="42.880787" lon="0.027843">
        <ele>871.8</ele>
      </trkpt>
      <trkpt lat="42.880806" lon="0.027865">
        <ele>872.2</ele>
      </trkpt>
      <trkpt lat="42.880894" lon="0.027956">
        <ele>872.6</ele>
      </trkpt>
      <trkpt lat="42.880913" lon="0.02798">
        <ele>873.0</ele>
      </trkpt>
      <trkpt lat="42.880936" lon="0.028002">
        <ele>873.4</ele>
      </trkpt>
      <trkpt lat="42.880955" lon="0.028023">
        <ele>873.8</ele>
      </trkpt>
      <trkpt lat="42.880978" lon="0.028044">
        <ele>874.2</ele>
      </trkpt>
      <trkpt lat="42.881077" lon="0.02816">
        <ele>874.2</ele>
      </trkpt>
      <trkpt lat="42.881165" lon="0.028269">
        <ele>874.6</ele>
      </trkpt>
      <trkpt lat="42.881187" lon="0.028296">
        <ele>875.2</ele>
      </trkpt>
      <trkpt lat="42.88121" lon="0.028323">
        <ele>875.6</ele>
      </trkpt>
      <trkpt lat="42.881233" lon="0.028349">
        <ele>876.0</ele>
      </trkpt>
      <trkpt lat="42.88126" lon="0.028373">
        <ele>876.4</ele>
      </trkpt>
      <trkpt lat="42.881306" lon="0.028423">
        <ele>876.4</ele>
      </trkpt>
      <trkpt lat="42.881371" lon="0.02849">
        <ele>876.8</ele>
      </trkpt>
      <trkpt lat="42.881393" lon="0.028513">
        <ele>877.2</ele>
      </trkpt>
      <trkpt lat="42.881413" lon="0.028536">
        <ele>877.6</ele>
      </trkpt>
      <trkpt lat="42.881435" lon="0.02856">
        <ele>878.0</ele>
      </trkpt>
      <trkpt lat="42.881454" lon="0.028587">
        <ele>878.6</ele>
      </trkpt>
      <trkpt lat="42.881583" lon="0.028749">
        <ele>879.0</ele>
      </trkpt>
      <trkpt lat="42.881607" lon="0.028775">
        <ele>879.4</ele>
      </trkpt>
      <trkpt lat="42.881638" lon="0.0288">
        <ele>879.8</ele>
      </trkpt>
      <trkpt lat="42.881664" lon="0.028825">
        <ele>880.2</ele>
      </trkpt>
      <trkpt lat="42.88169" lon="0.02885">
        <ele>880.6</ele>
      </trkpt>
      <trkpt lat="42.881821" lon="0.029">
        <ele>881.2</ele>
      </trkpt>
      <trkpt lat="42.881839" lon="0.029026">
        <ele>881.6</ele>
      </trkpt>
      <trkpt lat="42.881859" lon="0.029053">
        <ele>882.0</ele>
      </trkpt>
      <trkpt lat="42.881878" lon="0.029079">
        <ele>882.4</ele>
      </trkpt>
      <trkpt lat="42.881897" lon="0.029106">
        <ele>882.8</ele>
      </trkpt>
      <trkpt lat="42.882042" lon="0.029278">
        <ele>883.2</ele>
      </trkpt>
      <trkpt lat="42.882065" lon="0.029301">
        <ele>883.8</ele>
      </trkpt>
      <trkpt lat="42.882084" lon="0.029325">
        <ele>884.2</ele>
      </trkpt>
      <trkpt lat="42.882107" lon="0.029351">
        <ele>884.6</ele>
      </trkpt>
      <trkpt lat="42.882129" lon="0.029376">
        <ele>885.2</ele>
      </trkpt>
      <trkpt lat="42.882191" lon="0.029445">
        <ele>885.6</ele>
      </trkpt>
      <trkpt lat="42.882214" lon="0.029468">
        <ele>886.0</ele>
      </trkpt>
      <trkpt lat="42.882233" lon="0.029488">
        <ele>886.4</ele>
      </trkpt>
      <trkpt lat="42.882252" lon="0.029509">
        <ele>886.8</ele>
      </trkpt>
      <trkpt lat="42.882271" lon="0.029531">
        <ele>887.4</ele>
      </trkpt>
      <trkpt lat="42.882389" lon="0.02964">
        <ele>887.8</ele>
      </trkpt>
      <trkpt lat="42.882412" lon="0.029663">
        <ele>888.2</ele>
      </trkpt>
      <trkpt lat="42.882435" lon="0.029684">
        <ele>888.6</ele>
      </trkpt>
      <trkpt lat="42.882458" lon="0.029705">
        <ele>889.2</ele>
      </trkpt>
      <trkpt lat="42.882481" lon="0.029726">
        <ele>889.6</ele>
      </trkpt>
      <trkpt lat="42.882591" lon="0.029849">
        <ele>890.0</ele>
      </trkpt>
      <trkpt lat="42.88261" lon="0.029878">
        <ele>890.4</ele>
      </trkpt>
      <trkpt lat="42.882633" lon="0.029907">
        <ele>891.0</ele>
      </trkpt>
      <trkpt lat="42.882656" lon="0.029934">
        <ele>891.4</ele>
      </trkpt>
      <trkpt lat="42.882679" lon="0.029961">
        <ele>891.8</ele>
      </trkpt>
      <trkpt lat="42.882816" lon="0.03013">
        <ele>892.2</ele>
      </trkpt>
      <trkpt lat="42.882835" lon="0.030156">
        <ele>892.6</ele>
      </trkpt>
      <trkpt lat="42.882851" lon="0.03018">
        <ele>893.2</ele>
      </trkpt>
      <trkpt lat="42.882869" lon="0.030204">
        <ele>893.6</ele>
      </trkpt>
      <trkpt lat="42.882889" lon="0.030228">
        <ele>894.0</ele>
      </trkpt>
      <trkpt lat="42.882973" lon="0.030318">
        <ele>894.4</ele>
      </trkpt>
      <trkpt lat="42.882992" lon="0.030341">
        <ele>894.8</ele>
      </trkpt>
      <trkpt lat="42.883011" lon="0.030365">
        <ele>895.2</ele>
      </trkpt>
      <trkpt lat="42.883034" lon="0.030389">
        <ele>895.6</ele>
      </trkpt>
      <trkpt lat="42.883052" lon="0.030414">
        <ele>896.2</ele>
      </trkpt>
      <trkpt lat="42.88311" lon="0.030492">
        <ele>896.6</ele>
      </trkpt>
      <trkpt lat="42.883128" lon="0.03052">
        <ele>897.0</ele>
      </trkpt>
      <trkpt lat="42.883148" lon="0.030549">
        <ele>897.4</ele>
      </trkpt>
      <trkpt lat="42.883167" lon="0.030578">
        <ele>897.8</ele>
      </trkpt>
      <trkpt lat="42.883183" lon="0.030608">
        <ele>898.2</ele>
      </trkpt>
      <trkpt lat="42.883224" lon="0.030702">
        <ele>898.2</ele>
      </trkpt>
      <trkpt lat="42.883247" lon="0.030762">
        <ele>898.6</ele>
      </trkpt>
      <trkpt lat="42.883259" lon="0.030791">
        <ele>899.0</ele>
      </trkpt>
      <trkpt lat="42.883266" lon="0.030822">
        <ele>899.4</ele>
      </trkpt>
      <trkpt lat="42.883274" lon="0.030853">
        <ele>899.8</ele>
      </trkpt>
      <trkpt lat="42.883282" lon="0.030886">
        <ele>900.2</ele>
      </trkpt>
      <trkpt lat="42.883286" lon="0.030918">
        <ele>900.2</ele>
      </trkpt>
      <trkpt lat="42.883297" lon="0.031016">
        <ele>900.6</ele>
      </trkpt>
      <trkpt lat="42.883305" lon="0.031048">
        <ele>901.0</ele>
      </trkpt>
      <trkpt lat="42.883308" lon="0.031082">
        <ele>901.6</ele>
      </trkpt>
      <trkpt lat="42.883311" lon="0.031117">
        <ele>902.0</ele>
      </trkpt>
      <trkpt lat="42.883316" lon="0.031151">
        <ele>902.4</ele>
      </trkpt>
      <trkpt lat="42.88332" lon="0.031186">
        <ele>902.4</ele>
      </trkpt>
      <trkpt lat="42.883327" lon="0.031419">
        <ele>902.8</ele>
      </trkpt>
      <trkpt lat="42.883324" lon="0.03146">
        <ele>903.2</ele>
      </trkpt>
      <trkpt lat="42.88332" lon="0.031498">
        <ele>903.8</ele>
      </trkpt>
      <trkpt lat="42.883316" lon="0.031537">
        <ele>904.2</ele>
      </trkpt>
      <trkpt lat="42.883311" lon="0.031577">
        <ele>904.6</ele>
      </trkpt>
      <trkpt lat="42.883301" lon="0.031649">
        <ele>905.0</ele>
      </trkpt>
      <trkpt lat="42.883297" lon="0.031683">
        <ele>905.6</ele>
      </trkpt>
      <trkpt lat="42.883293" lon="0.03172">
        <ele>906.0</ele>
      </trkpt>
      <trkpt lat="42.883286" lon="0.031756">
        <ele>906.4</ele>
      </trkpt>
      <trkpt lat="42.883278" lon="0.031794">
        <ele>906.8</ele>
      </trkpt>
      <trkpt lat="42.883235" lon="0.031963">
        <ele>907.2</ele>
      </trkpt>
      <trkpt lat="42.883224" lon="0.031995">
        <ele>907.6</ele>
      </trkpt>
      <trkpt lat="42.883209" lon="0.032029">
        <ele>908.2</ele>
      </trkpt>
      <trkpt lat="42.883198" lon="0.032062">
        <ele>908.6</ele>
      </trkpt>
      <trkpt lat="42.883186" lon="0.032093">
        <ele>909.0</ele>
      </trkpt>
      <trkpt lat="42.883133" lon="0.032242">
        <ele>909.4</ele>
      </trkpt>
      <trkpt lat="42.883125" lon="0.03227">
        <ele>910.0</ele>
      </trkpt>
      <trkpt lat="42.883118" lon="0.032299">
        <ele>910.4</ele>
      </trkpt>
      <trkpt lat="42.883106" lon="0.032328">
        <ele>910.8</ele>
      </trkpt>
      <trkpt lat="42.883095" lon="0.03236">
        <ele>911.4</ele>
      </trkpt>
      <trkpt lat="42.883072" lon="0.032447">
        <ele>911.4</ele>
      </trkpt>
      <trkpt lat="42.88306" lon="0.032481">
        <ele>911.4</ele>
      </trkpt>
      <trkpt lat="42.883034" lon="0.032613">
        <ele>911.8</ele>
      </trkpt>
      <trkpt lat="42.88303" lon="0.032648">
        <ele>912.2</ele>
      </trkpt>
      <trkpt lat="42.883026" lon="0.032679">
        <ele>912.6</ele>
      </trkpt>
      <trkpt lat="42.883021" lon="0.03271">
        <ele>913.0</ele>
      </trkpt>
      <trkpt lat="42.883018" lon="0.032743">
        <ele>913.6</ele>
      </trkpt>
      <trkpt lat="42.883007" lon="0.032893">
        <ele>914.0</ele>
      </trkpt>
      <trkpt lat="42.883007" lon="0.032922">
        <ele>914.4</ele>
      </trkpt>
      <trkpt lat="42.883007" lon="0.032952">
        <ele>914.8</ele>
      </trkpt>
      <trkpt lat="42.883007" lon="0.032983">
        <ele>915.2</ele>
      </trkpt>
      <trkpt lat="42.883007" lon="0.033014">
        <ele>915.6</ele>
      </trkpt>
      <trkpt lat="42.883015" lon="0.03323">
        <ele>916.2</ele>
      </trkpt>
      <trkpt lat="42.883015" lon="0.033263">
        <ele>916.6</ele>
      </trkpt>
      <trkpt lat="42.883011" lon="0.033296">
        <ele>917.0</ele>
      </trkpt>
      <trkpt lat="42.883011" lon="0.03333">
        <ele>917.4</ele>
      </trkpt>
      <trkpt lat="42.883011" lon="0.033362">
        <ele>917.8</ele>
      </trkpt>
      <trkpt lat="42.883015" lon="0.033538">
        <ele>918.4</ele>
      </trkpt>
      <trkpt lat="42.883015" lon="0.033573">
        <ele>918.8</ele>
      </trkpt>
      <trkpt lat="42.883015" lon="0.033608">
        <ele>919.4</ele>
      </trkpt>
      <trkpt lat="42.883015" lon="0.033643">
        <ele>919.8</ele>
      </trkpt>
      <trkpt lat="42.883015" lon="0.033678">
        <ele>920.2</ele>
      </trkpt>
      <trkpt lat="42.883011" lon="0.033888">
        <ele>920.6</ele>
      </trkpt>
      <trkpt lat="42.883011" lon="0.033924">
        <ele>921.0</ele>
      </trkpt>
      <trkpt lat="42.883015" lon="0.033959">
        <ele>921.4</ele>
      </trkpt>
      <trkpt lat="42.883015" lon="0.033996">
        <ele>921.8</ele>
      </trkpt>
      <trkpt lat="42.883015" lon="0.034032">
        <ele>922.2</ele>
      </trkpt>
      <trkpt lat="42.883011" lon="0.034099">
        <ele>922.2</ele>
      </trkpt>
      <trkpt lat="42.883007" lon="0.034132">
        <ele>922.8</ele>
      </trkpt>
      <trkpt lat="42.883003" lon="0.034166">
        <ele>923.2</ele>
      </trkpt>
      <trkpt lat="42.882999" lon="0.0342">
        <ele>923.6</ele>
      </trkpt>
      <trkpt lat="42.882992" lon="0.034233">
        <ele>924.0</ele>
      </trkpt>
      <trkpt lat="42.882988" lon="0.034267">
        <ele>924.4</ele>
      </trkpt>
      <trkpt lat="42.88298" lon="0.034472">
        <ele>924.8</ele>
      </trkpt>
      <trkpt lat="42.88298" lon="0.034507">
        <ele>925.2</ele>
      </trkpt>
      <trkpt lat="42.882976" lon="0.034541">
        <ele>925.6</ele>
      </trkpt>
      <trkpt lat="42.882969" lon="0.034575">
        <ele>926.0</ele>
      </trkpt>
      <trkpt lat="42.882965" lon="0.034604">
        <ele>926.4</ele>
      </trkpt>
      <trkpt lat="42.882935" lon="0.034735">
        <ele>926.4</ele>
      </trkpt>
      <trkpt lat="42.882927" lon="0.034768">
        <ele>926.8</ele>
      </trkpt>
      <trkpt lat="42.882914" lon="0.034802">
        <ele>927.4</ele>
      </trkpt>
      <trkpt lat="42.882904" lon="0.034833">
        <ele>927.8</ele>
      </trkpt>
      <trkpt lat="42.882893" lon="0.034866">
        <ele>928.2</ele>
      </trkpt>
      <trkpt lat="42.882881" lon="0.034898">
        <ele>928.8</ele>
      </trkpt>
      <trkpt lat="42.882858" lon="0.034958">
        <ele>928.8</ele>
      </trkpt>
      <trkpt lat="42.882843" lon="0.03499">
        <ele>929.2</ele>
      </trkpt>
      <trkpt lat="42.882835" lon="0.035019">
        <ele>929.6</ele>
      </trkpt>
      <trkpt lat="42.882824" lon="0.035046">
        <ele>930.0</ele>
      </trkpt>
      <trkpt lat="42.882816" lon="0.035074">
        <ele>930.4</ele>
      </trkpt>
      <trkpt lat="42.882809" lon="0.035103">
        <ele>930.8</ele>
      </trkpt>
      <trkpt lat="42.882796" lon="0.035129">
        <ele>930.8</ele>
      </trkpt>
      <trkpt lat="42.882729" lon="0.035315">
        <ele>931.2</ele>
      </trkpt>
      <trkpt lat="42.882717" lon="0.035338">
        <ele>931.6</ele>
      </trkpt>
      <trkpt lat="42.88271" lon="0.035365">
        <ele>932.2</ele>
      </trkpt>
      <trkpt lat="42.882689" lon="0.035394">
        <ele>932.6</ele>
      </trkpt>
      <trkpt lat="42.882671" lon="0.035422">
        <ele>933.0</ele>
      </trkpt>
      <trkpt lat="42.882652" lon="0.035458">
        <ele>933.0</ele>
      </trkpt>
      <trkpt lat="42.88258" lon="0.03562">
        <ele>933.4</ele>
      </trkpt>
      <trkpt lat="42.882572" lon="0.035659">
        <ele>933.8</ele>
      </trkpt>
      <trkpt lat="42.882561" lon="0.035696">
        <ele>934.2</ele>
      </trkpt>
      <trkpt lat="42.882553" lon="0.035732">
        <ele>934.6</ele>
      </trkpt>
      <trkpt lat="42.882549" lon="0.035766">
        <ele>935.2</ele>
      </trkpt>
      <trkpt lat="42.882542" lon="0.035996">
        <ele>935.6</ele>
      </trkpt>
      <trkpt lat="42.882542" lon="0.036031">
        <ele>936.0</ele>
      </trkpt>
      <trkpt lat="42.882542" lon="0.036064">
        <ele>936.6</ele>
      </trkpt>
      <trkpt lat="42.882542" lon="0.036101">
        <ele>937.0</ele>
      </trkpt>
      <trkpt lat="42.882537" lon="0.036134">
        <ele>937.6</ele>
      </trkpt>
      <trkpt lat="42.882549" lon="0.036338">
        <ele>938.0</ele>
      </trkpt>
      <trkpt lat="42.882557" lon="0.03637">
        <ele>938.4</ele>
      </trkpt>
      <trkpt lat="42.882561" lon="0.036401">
        <ele>938.8</ele>
      </trkpt>
      <trkpt lat="42.882565" lon="0.036436">
        <ele>939.2</ele>
      </trkpt>
      <trkpt lat="42.882572" lon="0.03647">
        <ele>939.6</ele>
      </trkpt>
      <trkpt lat="42.882603" lon="0.036643">
        <ele>940.0</ele>
      </trkpt>
      <trkpt lat="42.882607" lon="0.036678">
        <ele>940.4</ele>
      </trkpt>
      <trkpt lat="42.882613" lon="0.036713">
        <ele>940.8</ele>
      </trkpt>
      <trkpt lat="42.882618" lon="0.03675">
        <ele>941.2</ele>
      </trkpt>
      <trkpt lat="42.882622" lon="0.036785">
        <ele>941.8</ele>
      </trkpt>
      <trkpt lat="42.882641" lon="0.036922">
        <ele>942.2</ele>
      </trkpt>
      <trkpt lat="42.882644" lon="0.036956">
        <ele>942.6</ele>
      </trkpt>
      <trkpt lat="42.882648" lon="0.03699">
        <ele>943.0</ele>
      </trkpt>
      <trkpt lat="42.882656" lon="0.037024">
        <ele>943.4</ele>
      </trkpt>
      <trkpt lat="42.88266" lon="0.037059">
        <ele>944.0</ele>
      </trkpt>
      <trkpt lat="42.882679" lon="0.037202">
        <ele>944.4</ele>
      </trkpt>
      <trkpt lat="42.882683" lon="0.037236">
        <ele>944.8</ele>
      </trkpt>
      <trkpt lat="42.882687" lon="0.037268">
        <ele>945.2</ele>
      </trkpt>
      <trkpt lat="42.882689" lon="0.037301">
        <ele>945.6</ele>
      </trkpt>
      <trkpt lat="42.882694" lon="0.037334">
        <ele>946.0</ele>
      </trkpt>
      <trkpt lat="42.882736" lon="0.037511">
        <ele>946.0</ele>
      </trkpt>
      <trkpt lat="42.882748" lon="0.037543">
        <ele>946.4</ele>
      </trkpt>
      <trkpt lat="42.882755" lon="0.037579">
        <ele>946.8</ele>
      </trkpt>
      <trkpt lat="42.882767" lon="0.037611">
        <ele>947.2</ele>
      </trkpt>
      <trkpt lat="42.882774" lon="0.037646">
        <ele>947.6</ele>
      </trkpt>
      <trkpt lat="42.882782" lon="0.03768">
        <ele>948.0</ele>
      </trkpt>
      <trkpt lat="42.882805" lon="0.037747">
        <ele>948.0</ele>
      </trkpt>
      <trkpt lat="42.882828" lon="0.037813">
        <ele>948.4</ele>
      </trkpt>
      <trkpt lat="42.882839" lon="0.037844">
        <ele>949.0</ele>
      </trkpt>
      <trkpt lat="42.882851" lon="0.037877">
        <ele>949.4</ele>
      </trkpt>
      <trkpt lat="42.882862" lon="0.03791">
        <ele>949.8</ele>
      </trkpt>
      <trkpt lat="42.882874" lon="0.037941">
        <ele>950.4</ele>
      </trkpt>
      <trkpt lat="42.882935" lon="0.038103">
        <ele>950.4</ele>
      </trkpt>
      <trkpt lat="42.882945" lon="0.038136">
        <ele>950.8</ele>
      </trkpt>
      <trkpt lat="42.882961" lon="0.038163">
        <ele>951.2</ele>
      </trkpt>
      <trkpt lat="42.882976" lon="0.038194">
        <ele>951.6</ele>
      </trkpt>
      <trkpt lat="42.882992" lon="0.038222">
        <ele>952.0</ele>
      </trkpt>
      <trkpt lat="42.883003" lon="0.038249">
        <ele>952.4</ele>
      </trkpt>
      <trkpt lat="42.883038" lon="0.038301">
        <ele>952.4</ele>
      </trkpt>
      <trkpt lat="42.88308" lon="0.038383">
        <ele>952.8</ele>
      </trkpt>
      <trkpt lat="42.883095" lon="0.038413">
        <ele>953.2</ele>
      </trkpt>
      <trkpt lat="42.88311" lon="0.038443">
        <ele>953.6</ele>
      </trkpt>
      <trkpt lat="42.883141" lon="0.038503">
        <ele>954.6</ele>
      </trkpt>
      <trkpt lat="42.883183" lon="0.038593">
        <ele>954.6</ele>
      </trkpt>
      <trkpt lat="42.883251" lon="0.038739">
        <ele>955.0</ele>
      </trkpt>
      <trkpt lat="42.883263" lon="0.038767">
        <ele>955.4</ele>
      </trkpt>
      <trkpt lat="42.883278" lon="0.038797">
        <ele>955.8</ele>
      </trkpt>
      <trkpt lat="42.883289" lon="0.038827">
        <ele>956.2</ele>
      </trkpt>
      <trkpt lat="42.883301" lon="0.038856">
        <ele>956.6</ele>
      </trkpt>
      <trkpt lat="42.883339" lon="0.038949">
        <ele>957.0</ele>
      </trkpt>
      <trkpt lat="42.883354" lon="0.038979">
        <ele>957.4</ele>
      </trkpt>
      <trkpt lat="42.883366" lon="0.03901">
        <ele>957.8</ele>
      </trkpt>
      <trkpt lat="42.883377" lon="0.039042">
        <ele>958.4</ele>
      </trkpt>
      <trkpt lat="42.883389" lon="0.039074">
        <ele>958.8</ele>
      </trkpt>
      <trkpt lat="42.88348" lon="0.039294">
        <ele>959.2</ele>
      </trkpt>
      <trkpt lat="42.883495" lon="0.039325">
        <ele>959.6</ele>
      </trkpt>
      <trkpt lat="42.883507" lon="0.039357">
        <ele>960.0</ele>
      </trkpt>
      <trkpt lat="42.883518" lon="0.03939">
        <ele>960.4</ele>
      </trkpt>
      <trkpt lat="42.88353" lon="0.039422">
        <ele>960.8</ele>
      </trkpt>
      <trkpt lat="42.883567" lon="0.039516">
        <ele>961.2</ele>
      </trkpt>
      <trkpt lat="42.883583" lon="0.039551">
        <ele>961.6</ele>
      </trkpt>
      <trkpt lat="42.883595" lon="0.039583">
        <ele>962.0</ele>
      </trkpt>
      <trkpt lat="42.883606" lon="0.039618">
        <ele>962.4</ele>
      </trkpt>
      <trkpt lat="42.883621" lon="0.039651">
        <ele>962.8</ele>
      </trkpt>
      <trkpt lat="42.883671" lon="0.039785">
        <ele>963.2</ele>
      </trkpt>
      <trkpt lat="42.883682" lon="0.039817">
        <ele>963.6</ele>
      </trkpt>
      <trkpt lat="42.883694" lon="0.039849">
        <ele>964.0</ele>
      </trkpt>
      <trkpt lat="42.883705" lon="0.039884">
        <ele>964.4</ele>
      </trkpt>
      <trkpt lat="42.883717" lon="0.039917">
        <ele>964.8</ele>
      </trkpt>
      <trkpt lat="42.883736" lon="0.039986">
        <ele>964.8</ele>
      </trkpt>
      <trkpt lat="42.88377" lon="0.040181">
        <ele>965.2</ele>
      </trkpt>
      <trkpt lat="42.88377" lon="0.040216">
        <ele>965.6</ele>
      </trkpt>
      <trkpt lat="42.883762" lon="0.040252">
        <ele>966.2</ele>
      </trkpt>
      <trkpt lat="42.883747" lon="0.040284">
        <ele>966.6</ele>
      </trkpt>
      <trkpt lat="42.883728" lon="0.040309">
        <ele>967.0</ele>
      </trkpt>
      <trkpt lat="42.883705" lon="0.040328">
        <ele>967.0</ele>
      </trkpt>
      <trkpt lat="42.883575" lon="0.040323">
        <ele>967.0</ele>
      </trkpt>
      <trkpt lat="42.883469" lon="0.0402">
        <ele>967.4</ele>
      </trkpt>
      <trkpt lat="42.88345" lon="0.040161">
        <ele>967.8</ele>
      </trkpt>
      <trkpt lat="42.883434" lon="0.040122">
        <ele>968.2</ele>
      </trkpt>
      <trkpt lat="42.883419" lon="0.040085">
        <ele>968.6</ele>
      </trkpt>
      <trkpt lat="42.883408" lon="0.04005">
        <ele>969.0</ele>
      </trkpt>
      <trkpt lat="42.883282" lon="0.039837">
        <ele>969.4</ele>
      </trkpt>
      <trkpt lat="42.883263" lon="0.03981">
        <ele>969.8</ele>
      </trkpt>
      <trkpt lat="42.88324" lon="0.039785">
        <ele>970.2</ele>
      </trkpt>
      <trkpt lat="42.883217" lon="0.039761">
        <ele>970.8</ele>
      </trkpt>
      <trkpt lat="42.883194" lon="0.03974">
        <ele>971.2</ele>
      </trkpt>
      <trkpt lat="42.883015" lon="0.039602">
        <ele>971.2</ele>
      </trkpt>
      <trkpt lat="42.882961" lon="0.039565">
        <ele>971.6</ele>
      </trkpt>
      <trkpt lat="42.882938" lon="0.039547">
        <ele>972.0</ele>
      </trkpt>
      <trkpt lat="42.882912" lon="0.039529">
        <ele>972.4</ele>
      </trkpt>
      <trkpt lat="42.882885" lon="0.039511">
        <ele>972.8</ele>
      </trkpt>
      <trkpt lat="42.882858" lon="0.039494">
        <ele>973.2</ele>
      </trkpt>
      <trkpt lat="42.882698" lon="0.039412">
        <ele>973.2</ele>
      </trkpt>
      <trkpt lat="42.882671" lon="0.039415">
        <ele>973.6</ele>
      </trkpt>
      <trkpt lat="42.882644" lon="0.039424">
        <ele>974.0</ele>
      </trkpt>
      <trkpt lat="42.882618" lon="0.03944">
        <ele>974.4</ele>
      </trkpt>
      <trkpt lat="42.882599" lon="0.039465">
        <ele>975.0</ele>
      </trkpt>
      <trkpt lat="42.882537" lon="0.039607">
        <ele>975.4</ele>
      </trkpt>
      <trkpt lat="42.88253" lon="0.039687">
        <ele>975.8</ele>
      </trkpt>
      <trkpt lat="42.882537" lon="0.039728">
        <ele>976.2</ele>
      </trkpt>
      <trkpt lat="42.882549" lon="0.039763">
        <ele>976.6</ele>
      </trkpt>
      <trkpt lat="42.882565" lon="0.039798">
        <ele>977.2</ele>
      </trkpt>
      <trkpt lat="42.882587" lon="0.039827">
        <ele>977.6</ele>
      </trkpt>
      <trkpt lat="42.882713" lon="0.039895">
        <ele>977.6</ele>
      </trkpt>
      <trkpt lat="42.882748" lon="0.039905">
        <ele>977.6</ele>
      </trkpt>
      <trkpt lat="42.882885" lon="0.039937">
        <ele>978.0</ele>
      </trkpt>
      <trkpt lat="42.882914" lon="0.039946">
        <ele>978.4</ele>
      </trkpt>
      <trkpt lat="42.882942" lon="0.039957">
        <ele>978.8</ele>
      </trkpt>
      <trkpt lat="42.882969" lon="0.03997">
        <ele>979.4</ele>
      </trkpt>
      <trkpt lat="42.882996" lon="0.039985">
        <ele>979.8</ele>
      </trkpt>
      <trkpt lat="42.883152" lon="0.040131">
        <ele>980.2</ele>
      </trkpt>
      <trkpt lat="42.883175" lon="0.040161">
        <ele>980.6</ele>
      </trkpt>
      <trkpt lat="42.883198" lon="0.040191">
        <ele>981.2</ele>
      </trkpt>
      <trkpt lat="42.883217" lon="0.040221">
        <ele>981.6</ele>
      </trkpt>
      <trkpt lat="42.88324" lon="0.040252">
        <ele>982.0</ele>
      </trkpt>
      <trkpt lat="42.883343" lon="0.040406">
        <ele>982.4</ele>
      </trkpt>
      <trkpt lat="42.883362" lon="0.040437">
        <ele>982.8</ele>
      </trkpt>
      <trkpt lat="42.883384" lon="0.040466">
        <ele>983.2</ele>
      </trkpt>
      <trkpt lat="42.883404" lon="0.040496">
        <ele>983.6</ele>
      </trkpt>
      <trkpt lat="42.883423" lon="0.040525">
        <ele>984.0</ele>
      </trkpt>
      <trkpt lat="42.883442" lon="0.040555">
        <ele>984.0</ele>
      </trkpt>
      <trkpt lat="42.88348" lon="0.040613">
        <ele>984.4</ele>
      </trkpt>
      <trkpt lat="42.883499" lon="0.040643">
        <ele>984.8</ele>
      </trkpt>
      <trkpt lat="42.883518" lon="0.04067">
        <ele>985.4</ele>
      </trkpt>
      <trkpt lat="42.883541" lon="0.040696">
        <ele>985.8</ele>
      </trkpt>
      <trkpt lat="42.88356" lon="0.040723">
        <ele>986.2</ele>
      </trkpt>
      <trkpt lat="42.883659" lon="0.040842">
        <ele>986.2</ele>
      </trkpt>
      <trkpt lat="42.883698" lon="0.04089">
        <ele>986.6</ele>
      </trkpt>
      <trkpt lat="42.883717" lon="0.040916">
        <ele>987.0</ele>
      </trkpt>
      <trkpt lat="42.883736" lon="0.040941">
        <ele>987.4</ele>
      </trkpt>
      <trkpt lat="42.883755" lon="0.040967">
        <ele>987.8</ele>
      </trkpt>
      <trkpt lat="42.88377" lon="0.040992">
        <ele>988.4</ele>
      </trkpt>
      <trkpt lat="42.883881" lon="0.04114">
        <ele>988.4</ele>
      </trkpt>
      <trkpt lat="42.883915" lon="0.041196">
        <ele>988.8</ele>
      </trkpt>
      <trkpt lat="42.883934" lon="0.041225">
        <ele>989.2</ele>
      </trkpt>
      <trkpt lat="42.883953" lon="0.041254">
        <ele>989.6</ele>
      </trkpt>
      <trkpt lat="42.883972" lon="0.041285">
        <ele>990.0</ele>
      </trkpt>
      <trkpt lat="42.883991" lon="0.041313">
        <ele>990.4</ele>
      </trkpt>
      <trkpt lat="42.884048" lon="0.041398">
        <ele>990.4</ele>
      </trkpt>
      <trkpt lat="42.884068" lon="0.041426">
        <ele>990.8</ele>
      </trkpt>
      <trkpt lat="42.884082" lon="0.041455">
        <ele>991.2</ele>
      </trkpt>
      <trkpt lat="42.884102" lon="0.041484">
        <ele>991.6</ele>
      </trkpt>
      <trkpt lat="42.884121" lon="0.041512">
        <ele>992.0</ele>
      </trkpt>
      <trkpt lat="42.884144" lon="0.041542">
        <ele>992.4</ele>
      </trkpt>
      <trkpt lat="42.884239" lon="0.041674">
        <ele>992.4</ele>
      </trkpt>
      <trkpt lat="42.884274" lon="0.041724">
        <ele>992.8</ele>
      </trkpt>
      <trkpt lat="42.884293" lon="0.041748">
        <ele>993.4</ele>
      </trkpt>
      <trkpt lat="42.884308" lon="0.041771">
        <ele>993.8</ele>
      </trkpt>
      <trkpt lat="42.884327" lon="0.041795">
        <ele>994.2</ele>
      </trkpt>
      <trkpt lat="42.884341" lon="0.041818">
        <ele>994.6</ele>
      </trkpt>
      <trkpt lat="42.88443" lon="0.041936">
        <ele>994.6</ele>
      </trkpt>
      <trkpt lat="42.884448" lon="0.04196">
        <ele>995.0</ele>
      </trkpt>
      <trkpt lat="42.884468" lon="0.041984">
        <ele>995.4</ele>
      </trkpt>
      <trkpt lat="42.884487" lon="0.042009">
        <ele>996.0</ele>
      </trkpt>
      <trkpt lat="42.884502" lon="0.042034">
        <ele>996.4</ele>
      </trkpt>
      <trkpt lat="42.884524" lon="0.04206">
        <ele>996.8</ele>
      </trkpt>
      <trkpt lat="42.884624" lon="0.042197">
        <ele>996.8</ele>
      </trkpt>
      <trkpt lat="42.884689" lon="0.042278">
        <ele>997.2</ele>
      </trkpt>
      <trkpt lat="42.884708" lon="0.042304">
        <ele>997.6</ele>
      </trkpt>
      <trkpt lat="42.884731" lon="0.042332">
        <ele>998.0</ele>
      </trkpt>
      <trkpt lat="42.884749" lon="0.042357">
        <ele>998.6</ele>
      </trkpt>
      <trkpt lat="42.884773" lon="0.042382">
        <ele>999.0</ele>
      </trkpt>
      <trkpt lat="42.88483" lon="0.042454">
        <ele>999.0</ele>
      </trkpt>
      <trkpt lat="42.884887" lon="0.042521">
        <ele>999.4</ele>
      </trkpt>
      <trkpt lat="42.884914" lon="0.04254">
        <ele>999.8</ele>
      </trkpt>
      <trkpt lat="42.884932" lon="0.042562">
        <ele>1000.2</ele>
      </trkpt>
      <trkpt lat="42.884949" lon="0.042585">
        <ele>1000.6</ele>
      </trkpt>
      <trkpt lat="42.88496" lon="0.042601">
        <ele>1001.2</ele>
      </trkpt>
      <trkpt lat="42.885017" lon="0.042682">
        <ele>1001.2</ele>
      </trkpt>
      <trkpt lat="42.885063" lon="0.042722">
        <ele>1001.6</ele>
      </trkpt>
      <trkpt lat="42.885086" lon="0.042742">
        <ele>1002.0</ele>
      </trkpt>
      <trkpt lat="42.885112" lon="0.042767">
        <ele>1002.4</ele>
      </trkpt>
      <trkpt lat="42.885136" lon="0.042787">
        <ele>1002.8</ele>
      </trkpt>
      <trkpt lat="42.885155" lon="0.04281">
        <ele>1003.2</ele>
      </trkpt>
      <trkpt lat="42.885197" lon="0.04286">
        <ele>1003.2</ele>
      </trkpt>
      <trkpt lat="42.885246" lon="0.042946">
        <ele>1003.6</ele>
      </trkpt>
      <trkpt lat="42.885264" lon="0.042977">
        <ele>1004.0</ele>
      </trkpt>
      <trkpt lat="42.885284" lon="0.04301">
        <ele>1004.4</ele>
      </trkpt>
      <trkpt lat="42.8853" lon="0.043039">
        <ele>1005.0</ele>
      </trkpt>
      <trkpt lat="42.885319" lon="0.043072">
        <ele>1005.4</ele>
      </trkpt>
      <trkpt lat="42.885387" lon="0.043196">
        <ele>1005.8</ele>
      </trkpt>
      <trkpt lat="42.885402" lon="0.043227">
        <ele>1006.2</ele>
      </trkpt>
      <trkpt lat="42.885418" lon="0.043259">
        <ele>1006.6</ele>
      </trkpt>
      <trkpt lat="42.885437" lon="0.043291">
        <ele>1007.0</ele>
      </trkpt>
      <trkpt lat="42.885452" lon="0.043324">
        <ele>1007.6</ele>
      </trkpt>
      <trkpt lat="42.885468" lon="0.043353">
        <ele>1007.6</ele>
      </trkpt>
      <trkpt lat="42.885551" lon="0.043512">
        <ele>1008.0</ele>
      </trkpt>
      <trkpt lat="42.885567" lon="0.043543">
        <ele>1008.4</ele>
      </trkpt>
      <trkpt lat="42.885582" lon="0.043571">
        <ele>1008.8</ele>
      </trkpt>
      <trkpt lat="42.885597" lon="0.043601">
        <ele>1009.2</ele>
      </trkpt>
      <trkpt lat="42.885612" lon="0.043631">
        <ele>1009.6</ele>
      </trkpt>
      <trkpt lat="42.885681" lon="0.043746">
        <ele>1010.0</ele>
      </trkpt>
      <trkpt lat="42.885727" lon="0.04381">
        <ele>1010.8</ele>
      </trkpt>
      <trkpt lat="42.885746" lon="0.043839">
        <ele>1011.2</ele>
      </trkpt>
      <trkpt lat="42.885769" lon="0.043867">
        <ele>1011.6</ele>
      </trkpt>
      <trkpt lat="42.885857" lon="0.043981">
        <ele>1011.6</ele>
      </trkpt>
      <trkpt lat="42.885876" lon="0.044007">
        <ele>1012.2</ele>
      </trkpt>
      <trkpt lat="42.885899" lon="0.044033">
        <ele>1012.6</ele>
      </trkpt>
      <trkpt lat="42.885917" lon="0.044059">
        <ele>1013.0</ele>
      </trkpt>
      <trkpt lat="42.885937" lon="0.044084">
        <ele>1013.6</ele>
      </trkpt>
      <trkpt lat="42.88596" lon="0.044109">
        <ele>1014.0</ele>
      </trkpt>
      <trkpt lat="42.886055" lon="0.044233">
        <ele>1014.4</ele>
      </trkpt>
      <trkpt lat="42.886074" lon="0.044257">
        <ele>1014.8</ele>
      </trkpt>
      <trkpt lat="42.886089" lon="0.044282">
        <ele>1015.4</ele>
      </trkpt>
      <trkpt lat="42.886108" lon="0.044307">
        <ele>1015.8</ele>
      </trkpt>
      <trkpt lat="42.886127" lon="0.044332">
        <ele>1016.2</ele>
      </trkpt>
      <trkpt lat="42.886204" lon="0.044437">
        <ele>1016.2</ele>
      </trkpt>
      <trkpt lat="42.886223" lon="0.044462">
        <ele>1016.6</ele>
      </trkpt>
      <trkpt lat="42.886242" lon="0.044488">
        <ele>1017.0</ele>
      </trkpt>
      <trkpt lat="42.886257" lon="0.044514">
        <ele>1017.6</ele>
      </trkpt>
      <trkpt lat="42.886276" lon="0.044538">
        <ele>1018.0</ele>
      </trkpt>
      <trkpt lat="42.886294" lon="0.044561">
        <ele>1018.4</ele>
      </trkpt>
      <trkpt lat="42.88636" lon="0.044654">
        <ele>1018.4</ele>
      </trkpt>
      <trkpt lat="42.886429" lon="0.044741">
        <ele>1018.8</ele>
      </trkpt>
      <trkpt lat="42.886444" lon="0.044762">
        <ele>1019.2</ele>
      </trkpt>
      <trkpt lat="42.886463" lon="0.044782">
        <ele>1019.6</ele>
      </trkpt>
      <trkpt lat="42.886486" lon="0.044799">
        <ele>1020.0</ele>
      </trkpt>
      <trkpt lat="42.886501" lon="0.044821">
        <ele>1020.4</ele>
      </trkpt>
      <trkpt lat="42.886581" lon="0.044896">
        <ele>1020.4</ele>
      </trkpt>
      <trkpt lat="42.886623" lon="0.044934">
        <ele>1020.8</ele>
      </trkpt>
      <trkpt lat="42.886639" lon="0.044949">
        <ele>1021.2</ele>
      </trkpt>
      <trkpt lat="42.886662" lon="0.044963">
        <ele>1021.8</ele>
      </trkpt>
      <trkpt lat="42.886681" lon="0.044976">
        <ele>1022.2</ele>
      </trkpt>
      <trkpt lat="42.8867" lon="0.044988">
        <ele>1022.6</ele>
      </trkpt>
      <trkpt lat="42.886791" lon="0.045024">
        <ele>1023.0</ele>
      </trkpt>
      <trkpt lat="42.886818" lon="0.045032">
        <ele>1023.4</ele>
      </trkpt>
      <trkpt lat="42.88684" lon="0.045042">
        <ele>1023.8</ele>
      </trkpt>
      <trkpt lat="42.886868" lon="0.045053">
        <ele>1024.2</ele>
      </trkpt>
      <trkpt lat="42.88689" lon="0.045062">
        <ele>1024.6</ele>
      </trkpt>
      <trkpt lat="42.88702" lon="0.04511">
        <ele>1025.0</ele>
      </trkpt>
      <trkpt lat="42.887043" lon="0.045121">
        <ele>1025.4</ele>
      </trkpt>
      <trkpt lat="42.887066" lon="0.045133">
        <ele>1026.0</ele>
      </trkpt>
      <trkpt lat="42.887085" lon="0.045153">
        <ele>1026.4</ele>
      </trkpt>
      <trkpt lat="42.887099" lon="0.045174">
        <ele>1026.8</ele>
      </trkpt>
      <trkpt lat="42.887142" lon="0.045243">
        <ele>1026.8</ele>
      </trkpt>
      <trkpt lat="42.887257" lon="0.045497">
        <ele>1027.2</ele>
      </trkpt>
      <trkpt lat="42.887279" lon="0.045539">
        <ele>1027.6</ele>
      </trkpt>
      <trkpt lat="42.887299" lon="0.045577">
        <ele>1028.0</ele>
      </trkpt>
      <trkpt lat="42.887318" lon="0.045614">
        <ele>1028.4</ele>
      </trkpt>
      <trkpt lat="42.887337" lon="0.04565">
        <ele>1028.8</ele>
      </trkpt>
      <trkpt lat="42.887466" lon="0.045846">
        <ele>1029.2</ele>
      </trkpt>
      <trkpt lat="42.887489" lon="0.045877">
        <ele>1029.6</ele>
      </trkpt>
      <trkpt lat="42.887516" lon="0.045904">
        <ele>1030.0</ele>
      </trkpt>
      <trkpt lat="42.887538" lon="0.045932">
        <ele>1030.4</ele>
      </trkpt>
      <trkpt lat="42.887562" lon="0.045957">
        <ele>1030.8</ele>
      </trkpt>
      <trkpt lat="42.887661" lon="0.046057">
        <ele>1030.8</ele>
      </trkpt>
      <trkpt lat="42.887817" lon="0.046184">
        <ele>1031.4</ele>
      </trkpt>
      <trkpt lat="42.887848" lon="0.046202">
        <ele>1031.8</ele>
      </trkpt>
      <trkpt lat="42.887875" lon="0.046221">
        <ele>1032.2</ele>
      </trkpt>
      <trkpt lat="42.887905" lon="0.046237">
        <ele>1032.8</ele>
      </trkpt>
      <trkpt lat="42.887932" lon="0.046249">
        <ele>1033.2</ele>
      </trkpt>
      <trkpt lat="42.888103" lon="0.046312">
        <ele>1033.2</ele>
      </trkpt>
      <trkpt lat="42.88816" lon="0.046326">
        <ele>1033.6</ele>
      </trkpt>
      <trkpt lat="42.888187" lon="0.046334">
        <ele>1034.0</ele>
      </trkpt>
      <trkpt lat="42.888214" lon="0.046342">
        <ele>1034.6</ele>
      </trkpt>
      <trkpt lat="42.888241" lon="0.046349">
        <ele>1035.0</ele>
      </trkpt>
      <trkpt lat="42.888271" lon="0.04635">
        <ele>1035.4</ele>
      </trkpt>
      <trkpt lat="42.888382" lon="0.046339">
        <ele>1035.4</ele>
      </trkpt>
      <trkpt lat="42.888412" lon="0.046338">
        <ele>1035.8</ele>
      </trkpt>
      <trkpt lat="42.888439" lon="0.046338">
        <ele>1036.4</ele>
      </trkpt>
      <trkpt lat="42.88847" lon="0.046342">
        <ele>1036.8</ele>
      </trkpt>
      <trkpt lat="42.8885" lon="0.046349">
        <ele>1037.2</ele>
      </trkpt>
      <trkpt lat="42.888531" lon="0.046357">
        <ele>1037.8</ele>
      </trkpt>
      <trkpt lat="42.888668" lon="0.046395">
        <ele>1037.8</ele>
      </trkpt>
      <trkpt lat="42.888725" lon="0.046409">
        <ele>1038.2</ele>
      </trkpt>
      <trkpt lat="42.888751" lon="0.046416">
        <ele>1038.6</ele>
      </trkpt>
      <trkpt lat="42.888779" lon="0.046424">
        <ele>1039.0</ele>
      </trkpt>
      <trkpt lat="42.888805" lon="0.046433">
        <ele>1039.6</ele>
      </trkpt>
      <trkpt lat="42.888832" lon="0.046445">
        <ele>1040.0</ele>
      </trkpt>
      <trkpt lat="42.888908" lon="0.046482">
        <ele>1040.4</ele>
      </trkpt>
      <trkpt lat="42.888958" lon="0.046512">
        <ele>1041.2</ele>
      </trkpt>
      <trkpt lat="42.889007" lon="0.046538">
        <ele>1042.0</ele>
      </trkpt>
      <trkpt lat="42.889122" lon="0.046605">
        <ele>1042.0</ele>
      </trkpt>
      <trkpt lat="42.889141" lon="0.04662">
        <ele>1042.6</ele>
      </trkpt>
      <trkpt lat="42.889168" lon="0.046631">
        <ele>1043.0</ele>
      </trkpt>
      <trkpt lat="42.889187" lon="0.046646">
        <ele>1043.4</ele>
      </trkpt>
      <trkpt lat="42.889206" lon="0.046661">
        <ele>1044.2</ele>
      </trkpt>
      <trkpt lat="42.889244" lon="0.046699">
        <ele>1044.2</ele>
      </trkpt>
      <trkpt lat="42.889301" lon="0.046751">
        <ele>1044.6</ele>
      </trkpt>
      <trkpt lat="42.889324" lon="0.046764">
        <ele>1045.2</ele>
      </trkpt>
      <trkpt lat="42.889342" lon="0.046769">
        <ele>1045.6</ele>
      </trkpt>
      <trkpt lat="42.889366" lon="0.046778">
        <ele>1046.0</ele>
      </trkpt>
      <trkpt lat="42.889393" lon="0.046781">
        <ele>1046.4</ele>
      </trkpt>
      <trkpt lat="42.889473" lon="0.046792">
        <ele>1046.4</ele>
      </trkpt>
      <trkpt lat="42.889525" lon="0.046804">
        <ele>1047.0</ele>
      </trkpt>
      <trkpt lat="42.88958" lon="0.046819">
        <ele>1047.4</ele>
      </trkpt>
      <trkpt lat="42.889606" lon="0.046832">
        <ele>1048.2</ele>
      </trkpt>
      <trkpt lat="42.889633" lon="0.046843">
        <ele>1048.6</ele>
      </trkpt>
      <trkpt lat="42.88966" lon="0.046854">
        <ele>1048.6</ele>
      </trkpt>
      <trkpt lat="42.889705" lon="0.046878">
        <ele>1049.0</ele>
      </trkpt>
      <trkpt lat="42.889748" lon="0.046896">
        <ele>1050.0</ele>
      </trkpt>
      <trkpt lat="42.889771" lon="0.046905">
        <ele>1050.4</ele>
      </trkpt>
      <trkpt lat="42.889793" lon="0.046912">
        <ele>1050.8</ele>
      </trkpt>
      <trkpt lat="42.889812" lon="0.046919">
        <ele>1050.8</ele>
      </trkpt>
      <trkpt lat="42.889896" lon="0.046953">
        <ele>1051.2</ele>
      </trkpt>
      <trkpt lat="42.889942" lon="0.046963">
        <ele>1051.6</ele>
      </trkpt>
      <trkpt lat="42.889961" lon="0.046968">
        <ele>1052.0</ele>
      </trkpt>
      <trkpt lat="42.889984" lon="0.046975">
        <ele>1052.4</ele>
      </trkpt>
      <trkpt lat="42.890007" lon="0.046985">
        <ele>1052.8</ele>
      </trkpt>
      <trkpt lat="42.890121" lon="0.047032">
        <ele>1053.2</ele>
      </trkpt>
      <trkpt lat="42.890144" lon="0.047044">
        <ele>1053.6</ele>
      </trkpt>
      <trkpt lat="42.890167" lon="0.047057">
        <ele>1054.0</ele>
      </trkpt>
      <trkpt lat="42.890186" lon="0.047071">
        <ele>1054.4</ele>
      </trkpt>
      <trkpt lat="42.890205" lon="0.047086">
        <ele>1055.0</ele>
      </trkpt>
      <trkpt lat="42.890278" lon="0.047161">
        <ele>1055.4</ele>
      </trkpt>
      <trkpt lat="42.890296" lon="0.047182">
        <ele>1055.8</ele>
      </trkpt>
      <trkpt lat="42.890316" lon="0.047203">
        <ele>1056.2</ele>
      </trkpt>
      <trkpt lat="42.890335" lon="0.047227">
        <ele>1056.8</ele>
      </trkpt>
      <trkpt lat="42.890354" lon="0.04725">
        <ele>1057.2</ele>
      </trkpt>
      <trkpt lat="42.890438" lon="0.047381">
        <ele>1057.2</ele>
      </trkpt>
      <trkpt lat="42.890484" lon="0.047456">
        <ele>1057.6</ele>
      </trkpt>
      <trkpt lat="42.890499" lon="0.047483">
        <ele>1058.0</ele>
      </trkpt>
      <trkpt lat="42.890514" lon="0.047507">
        <ele>1058.4</ele>
      </trkpt>
      <trkpt lat="42.89053" lon="0.047536">
        <ele>1058.8</ele>
      </trkpt>
      <trkpt lat="42.890545" lon="0.047564">
        <ele>1059.2</ele>
      </trkpt>
      <trkpt lat="42.890614" lon="0.047673">
        <ele>1059.6</ele>
      </trkpt>
      <trkpt lat="42.890633" lon="0.047701">
        <ele>1060.0</ele>
      </trkpt>
      <trkpt lat="42.890652" lon="0.047729">
        <ele>1060.4</ele>
      </trkpt>
      <trkpt lat="42.890671" lon="0.047756">
        <ele>1060.8</ele>
      </trkpt>
      <trkpt lat="42.890686" lon="0.047784">
        <ele>1061.2</ele>
      </trkpt>
      <trkpt lat="42.89077" lon="0.047922">
        <ele>1061.2</ele>
      </trkpt>
      <trkpt lat="42.890808" lon="0.04797">
        <ele>1061.8</ele>
      </trkpt>
      <trkpt lat="42.890827" lon="0.047995">
        <ele>1062.2</ele>
      </trkpt>
      <trkpt lat="42.890842" lon="0.048023">
        <ele>1062.6</ele>
      </trkpt>
      <trkpt lat="42.890858" lon="0.048048">
        <ele>1063.2</ele>
      </trkpt>
      <trkpt lat="42.890877" lon="0.048074">
        <ele>1063.6</ele>
      </trkpt>
      <trkpt lat="42.890911" lon="0.048129">
        <ele>1063.6</ele>
      </trkpt>
      <trkpt lat="42.891025" lon="0.048302">
        <ele>1064.0</ele>
      </trkpt>
      <trkpt lat="42.891045" lon="0.048332">
        <ele>1064.6</ele>
      </trkpt>
      <trkpt lat="42.891064" lon="0.048357">
        <ele>1065.0</ele>
      </trkpt>
      <trkpt lat="42.891083" lon="0.04838">
        <ele>1065.4</ele>
      </trkpt>
      <trkpt lat="42.891101" lon="0.048407">
        <ele>1065.8</ele>
      </trkpt>
      <trkpt lat="42.89114" lon="0.04849">
        <ele>1066.2</ele>
      </trkpt>
      <trkpt lat="42.891148" lon="0.04852">
        <ele>1066.6</ele>
      </trkpt>
      <trkpt lat="42.891151" lon="0.048554">
        <ele>1067.0</ele>
      </trkpt>
      <trkpt lat="42.891148" lon="0.048589">
        <ele>1067.4</ele>
      </trkpt>
      <trkpt lat="42.89114" lon="0.048617">
        <ele>1067.8</ele>
      </trkpt>
      <trkpt lat="42.891109" lon="0.048673">
        <ele>1067.8</ele>
      </trkpt>
      <trkpt lat="42.89098" lon="0.048724">
        <ele>1067.8</ele>
      </trkpt>
      <trkpt lat="42.890918" lon="0.048706">
        <ele>1068.2</ele>
      </trkpt>
      <trkpt lat="42.890887" lon="0.048687">
        <ele>1068.6</ele>
      </trkpt>
      <trkpt lat="42.890862" lon="0.048665">
        <ele>1069.2</ele>
      </trkpt>
      <trkpt lat="42.890835" lon="0.048642">
        <ele>1069.6</ele>
      </trkpt>
      <trkpt lat="42.890808" lon="0.048615">
        <ele>1070.0</ele>
      </trkpt>
      <trkpt lat="42.89078" lon="0.048585">
        <ele>1070.0</ele>
      </trkpt>
      <trkpt lat="42.890628" lon="0.04836">
        <ele>1070.0</ele>
      </trkpt>
      <trkpt lat="42.890614" lon="0.048328">
        <ele>1070.4</ele>
      </trkpt>
      <trkpt lat="42.890594" lon="0.0483">
        <ele>1070.8</ele>
      </trkpt>
      <trkpt lat="42.890579" lon="0.048271">
        <ele>1071.2</ele>
      </trkpt>
      <trkpt lat="42.890564" lon="0.048241">
        <ele>1071.6</ele>
      </trkpt>
      <trkpt lat="42.890549" lon="0.048213">
        <ele>1072.0</ele>
      </trkpt>
      <trkpt lat="42.890446" lon="0.048052">
        <ele>1072.0</ele>
      </trkpt>
      <trkpt lat="42.890423" lon="0.048029">
        <ele>1072.4</ele>
      </trkpt>
      <trkpt lat="42.8904" lon="0.048009">
        <ele>1072.8</ele>
      </trkpt>
      <trkpt lat="42.890372" lon="0.047997">
        <ele>1073.2</ele>
      </trkpt>
      <trkpt lat="42.890347" lon="0.047986">
        <ele>1073.6</ele>
      </trkpt>
      <trkpt lat="42.890316" lon="0.047981">
        <ele>1074.0</ele>
      </trkpt>
      <trkpt lat="42.890182" lon="0.048041">
        <ele>1074.0</ele>
      </trkpt>
      <trkpt lat="42.890141" lon="0.048141">
        <ele>1074.6</ele>
      </trkpt>
      <trkpt lat="42.890133" lon="0.048181">
        <ele>1075.0</ele>
      </trkpt>
      <trkpt lat="42.890125" lon="0.048228">
        <ele>1075.4</ele>
      </trkpt>
      <trkpt lat="42.890125" lon="0.048274">
        <ele>1075.8</ele>
      </trkpt>
      <trkpt lat="42.890129" lon="0.048323">
        <ele>1076.2</ele>
      </trkpt>
      <trkpt lat="42.890156" lon="0.04841">
        <ele>1076.2</ele>
      </trkpt>
      <trkpt lat="42.890377" lon="0.048664">
        <ele>1076.2</ele>
      </trkpt>
      <trkpt lat="42.890427" lon="0.048722">
        <ele>1076.6</ele>
      </trkpt>
      <trkpt lat="42.89045" lon="0.048751">
        <ele>1077.0</ele>
      </trkpt>
      <trkpt lat="42.890469" lon="0.048786">
        <ele>1077.4</ele>
      </trkpt>
      <trkpt lat="42.890488" lon="0.048821">
        <ele>1077.8</ele>
      </trkpt>
      <trkpt lat="42.890507" lon="0.048855">
        <ele>1078.2</ele>
      </trkpt>
      <trkpt lat="42.890533" lon="0.048937">
        <ele>1078.2</ele>
      </trkpt>
      <trkpt lat="42.89056" lon="0.049075">
        <ele>1078.8</ele>
      </trkpt>
      <trkpt lat="42.890568" lon="0.049124">
        <ele>1079.2</ele>
      </trkpt>
      <trkpt lat="42.890575" lon="0.049173">
        <ele>1079.6</ele>
      </trkpt>
      <trkpt lat="42.890579" lon="0.049223">
        <ele>1080.2</ele>
      </trkpt>
      <trkpt lat="42.890583" lon="0.049273">
        <ele>1080.6</ele>
      </trkpt>
      <trkpt lat="42.890583" lon="0.049325">
        <ele>1080.6</ele>
      </trkpt>
      <trkpt lat="42.890594" lon="0.049476">
        <ele>1081.0</ele>
      </trkpt>
      <trkpt lat="42.890602" lon="0.049525">
        <ele>1081.4</ele>
      </trkpt>
      <trkpt lat="42.89061" lon="0.049574">
        <ele>1081.8</ele>
      </trkpt>
      <trkpt lat="42.890617" lon="0.049619">
        <ele>1082.2</ele>
      </trkpt>
      <trkpt lat="42.890621" lon="0.049666">
        <ele>1082.6</ele>
      </trkpt>
      <trkpt lat="42.890644" lon="0.04975">
        <ele>1082.6</ele>
      </trkpt>
      <trkpt lat="42.890659" lon="0.049788">
        <ele>1083.0</ele>
      </trkpt>
      <trkpt lat="42.890675" lon="0.049826">
        <ele>1083.4</ele>
      </trkpt>
      <trkpt lat="42.89069" lon="0.049861">
        <ele>1084.0</ele>
      </trkpt>
      <trkpt lat="42.890704" lon="0.049894">
        <ele>1084.4</ele>
      </trkpt>
      <trkpt lat="42.890728" lon="0.049922">
        <ele>1084.8</ele>
      </trkpt>
      <trkpt lat="42.890751" lon="0.04995">
        <ele>1084.8</ele>
      </trkpt>
      <trkpt lat="42.890811" lon="0.050028">
        <ele>1085.2</ele>
      </trkpt>
      <trkpt lat="42.890831" lon="0.050052">
        <ele>1085.6</ele>
      </trkpt>
      <trkpt lat="42.89085" lon="0.05008">
        <ele>1086.2</ele>
      </trkpt>
      <trkpt lat="42.890865" lon="0.050104">
        <ele>1086.6</ele>
      </trkpt>
      <trkpt lat="42.890881" lon="0.050132">
        <ele>1087.0</ele>
      </trkpt>
      <trkpt lat="42.890887" lon="0.050159">
        <ele>1087.0</ele>
      </trkpt>
      <trkpt lat="42.890953" lon="0.050289">
        <ele>1087.4</ele>
      </trkpt>
      <trkpt lat="42.890968" lon="0.050312">
        <ele>1088.0</ele>
      </trkpt>
      <trkpt lat="42.890984" lon="0.050338">
        <ele>1088.4</ele>
      </trkpt>
      <trkpt lat="42.890994" lon="0.050361">
        <ele>1088.8</ele>
      </trkpt>
      <trkpt lat="42.891018" lon="0.050383">
        <ele>1089.4</ele>
      </trkpt>
      <trkpt lat="42.891113" lon="0.050476">
        <ele>1089.8</ele>
      </trkpt>
      <trkpt lat="42.891129" lon="0.0505">
        <ele>1090.2</ele>
      </trkpt>
      <trkpt lat="42.891148" lon="0.050526">
        <ele>1090.6</ele>
      </trkpt>
      <trkpt lat="42.891167" lon="0.050551">
        <ele>1091.0</ele>
      </trkpt>
      <trkpt lat="42.891186" lon="0.050576">
        <ele>1091.4</ele>
      </trkpt>
      <trkpt lat="42.891228" lon="0.050617">
        <ele>1091.4</ele>
      </trkpt>
      <trkpt lat="42.891308" lon="0.050686">
        <ele>1091.8</ele>
      </trkpt>
      <trkpt lat="42.891331" lon="0.050701">
        <ele>1092.4</ele>
      </trkpt>
      <trkpt lat="42.891354" lon="0.050715">
        <ele>1092.8</ele>
      </trkpt>
      <trkpt lat="42.891376" lon="0.050725">
        <ele>1093.2</ele>
      </trkpt>
      <trkpt lat="42.891514" lon="0.050808">
        <ele>1093.6</ele>
      </trkpt>
      <trkpt lat="42.891537" lon="0.050821">
        <ele>1094.0</ele>
      </trkpt>
      <trkpt lat="42.891556" lon="0.050832">
        <ele>1094.4</ele>
      </trkpt>
      <trkpt lat="42.891579" lon="0.050844">
        <ele>1094.8</ele>
      </trkpt>
      <trkpt lat="42.891602" lon="0.050856">
        <ele>1095.2</ele>
      </trkpt>
      <trkpt lat="42.891624" lon="0.050867">
        <ele>1095.8</ele>
      </trkpt>
      <trkpt lat="42.891762" lon="0.050923">
        <ele>1096.2</ele>
      </trkpt>
      <trkpt lat="42.891785" lon="0.050935">
        <ele>1096.6</ele>
      </trkpt>
      <trkpt lat="42.891804" lon="0.050945">
        <ele>1097.0</ele>
      </trkpt>
      <trkpt lat="42.891827" lon="0.050958">
        <ele>1097.4</ele>
      </trkpt>
      <trkpt lat="42.89185" lon="0.05097">
        <ele>1097.8</ele>
      </trkpt>
      <trkpt lat="42.891956" lon="0.051036">
        <ele>1098.2</ele>
      </trkpt>
      <trkpt lat="42.891975" lon="0.051051">
        <ele>1098.6</ele>
      </trkpt>
      <trkpt lat="42.891998" lon="0.051068">
        <ele>1099.2</ele>
      </trkpt>
      <trkpt lat="42.892017" lon="0.051087">
        <ele>1099.6</ele>
      </trkpt>
      <trkpt lat="42.892036" lon="0.051108">
        <ele>1100.0</ele>
      </trkpt>
      <trkpt lat="42.892136" lon="0.051242">
        <ele>1100.0</ele>
      </trkpt>
      <trkpt lat="42.892155" lon="0.051265">
        <ele>1100.4</ele>
      </trkpt>
      <trkpt lat="42.892166" lon="0.051291">
        <ele>1101.0</ele>
      </trkpt>
      <trkpt lat="42.892181" lon="0.051317">
        <ele>1101.4</ele>
      </trkpt>
      <trkpt lat="42.892193" lon="0.051343">
        <ele>1101.8</ele>
      </trkpt>
      <trkpt lat="42.892207" lon="0.051371">
        <ele>1102.2</ele>
      </trkpt>
      <trkpt lat="42.892231" lon="0.051426">
        <ele>1102.2</ele>
      </trkpt>
      <trkpt lat="42.892323" lon="0.051628">
        <ele>1102.6</ele>
      </trkpt>
      <trkpt lat="42.892334" lon="0.051658">
        <ele>1103.0</ele>
      </trkpt>
      <trkpt lat="42.892345" lon="0.051688">
        <ele>1103.6</ele>
      </trkpt>
      <trkpt lat="42.892356" lon="0.051717">
        <ele>1104.0</ele>
      </trkpt>
      <trkpt lat="42.892368" lon="0.051746">
        <ele>1104.4</ele>
      </trkpt>
      <trkpt lat="42.89246" lon="0.051955">
        <ele>1104.4</ele>
      </trkpt>
      <trkpt lat="42.892475" lon="0.051984">
        <ele>1104.8</ele>
      </trkpt>
      <trkpt lat="42.89249" lon="0.052012">
        <ele>1105.2</ele>
      </trkpt>
      <trkpt lat="42.892502" lon="0.05204">
        <ele>1105.6</ele>
      </trkpt>
      <trkpt lat="42.892521" lon="0.052067">
        <ele>1106.0</ele>
      </trkpt>
      <trkpt lat="42.892536" lon="0.052093">
        <ele>1106.4</ele>
      </trkpt>
      <trkpt lat="42.892615" lon="0.052231">
        <ele>1106.4</ele>
      </trkpt>
      <trkpt lat="42.892643" lon="0.05229">
        <ele>1107.0</ele>
      </trkpt>
      <trkpt lat="42.892654" lon="0.052319">
        <ele>1107.4</ele>
      </trkpt>
      <trkpt lat="42.89267" lon="0.052345">
        <ele>1107.8</ele>
      </trkpt>
      <trkpt lat="42.892681" lon="0.052376">
        <ele>1108.4</ele>
      </trkpt>
      <trkpt lat="42.892693" lon="0.052404">
        <ele>1108.8</ele>
      </trkpt>
      <trkpt lat="42.892742" lon="0.052516">
        <ele>1108.8</ele>
      </trkpt>
      <trkpt lat="42.892753" lon="0.052544">
        <ele>1109.2</ele>
      </trkpt>
      <trkpt lat="42.892765" lon="0.052571">
        <ele>1109.8</ele>
      </trkpt>
      <trkpt lat="42.892776" lon="0.052599">
        <ele>1110.2</ele>
      </trkpt>
      <trkpt lat="42.892792" lon="0.052627">
        <ele>1110.6</ele>
      </trkpt>
      <trkpt lat="42.892803" lon="0.052653">
        <ele>1111.0</ele>
      </trkpt>
      <trkpt lat="42.892853" lon="0.052769">
        <ele>1111.4</ele>
      </trkpt>
      <trkpt lat="42.892864" lon="0.0528">
        <ele>1111.8</ele>
      </trkpt>
      <trkpt lat="42.892871" lon="0.05283">
        <ele>1112.2</ele>
      </trkpt>
      <trkpt lat="42.892879" lon="0.052863">
        <ele>1112.8</ele>
      </trkpt>
      <trkpt lat="42.892891" lon="0.052894">
        <ele>1113.2</ele>
      </trkpt>
      <trkpt lat="42.892933" lon="0.053132">
        <ele>1113.2</ele>
      </trkpt>
      <trkpt lat="42.892937" lon="0.053169">
        <ele>1113.6</ele>
      </trkpt>
      <trkpt lat="42.892941" lon="0.053207">
        <ele>1114.0</ele>
      </trkpt>
      <trkpt lat="42.892944" lon="0.053244">
        <ele>1114.4</ele>
      </trkpt>
      <trkpt lat="42.892947" lon="0.053283">
        <ele>1114.8</ele>
      </trkpt>
      <trkpt lat="42.892952" lon="0.053322">
        <ele>1115.2</ele>
      </trkpt>
      <trkpt lat="42.892967" lon="0.053474">
        <ele>1115.6</ele>
      </trkpt>
      <trkpt lat="42.892975" lon="0.053511">
        <ele>1116.0</ele>
      </trkpt>
      <trkpt lat="42.892978" lon="0.053548">
        <ele>1116.4</ele>
      </trkpt>
      <trkpt lat="42.892986" lon="0.053585">
        <ele>1116.8</ele>
      </trkpt>
      <trkpt lat="42.892994" lon="0.053621">
        <ele>1117.2</ele>
      </trkpt>
      <trkpt lat="42.893036" lon="0.053801">
        <ele>1117.2</ele>
      </trkpt>
      <trkpt lat="42.893082" lon="0.053942">
        <ele>1117.8</ele>
      </trkpt>
      <trkpt lat="42.893093" lon="0.053977">
        <ele>1118.2</ele>
      </trkpt>
      <trkpt lat="42.893105" lon="0.054012">
        <ele>1118.6</ele>
      </trkpt>
      <trkpt lat="42.89312" lon="0.054047">
        <ele>1119.0</ele>
      </trkpt>
      <trkpt lat="42.89313" lon="0.054081">
        <ele>1119.4</ele>
      </trkpt>
      <trkpt lat="42.893211" lon="0.054277">
        <ele>1120.0</ele>
      </trkpt>
      <trkpt lat="42.893227" lon="0.054308">
        <ele>1120.4</ele>
      </trkpt>
      <trkpt lat="42.893237" lon="0.054339">
        <ele>1120.8</ele>
      </trkpt>
      <trkpt lat="42.89325" lon="0.054371">
        <ele>1121.2</ele>
      </trkpt>
      <trkpt lat="42.893265" lon="0.054402">
        <ele>1121.6</ele>
      </trkpt>
      <trkpt lat="42.89333" lon="0.054549">
        <ele>1122.2</ele>
      </trkpt>
      <trkpt lat="42.893344" lon="0.054579">
        <ele>1122.6</ele>
      </trkpt>
      <trkpt lat="42.893356" lon="0.054609">
        <ele>1123.0</ele>
      </trkpt>
      <trkpt lat="42.893368" lon="0.054639">
        <ele>1123.6</ele>
      </trkpt>
      <trkpt lat="42.893383" lon="0.054668">
        <ele>1124.0</ele>
      </trkpt>
      <trkpt lat="42.89342" lon="0.054758">
        <ele>1124.0</ele>
      </trkpt>
      <trkpt lat="42.893452" lon="0.05482">
        <ele>1124.4</ele>
      </trkpt>
      <trkpt lat="42.893471" lon="0.054848">
        <ele>1124.8</ele>
      </trkpt>
      <trkpt lat="42.893486" lon="0.054876">
        <ele>1125.2</ele>
      </trkpt>
      <trkpt lat="42.893505" lon="0.054907">
        <ele>1125.6</ele>
      </trkpt>
      <trkpt lat="42.89352" lon="0.054935">
        <ele>1126.0</ele>
      </trkpt>
      <trkpt lat="42.893547" lon="0.054995">
        <ele>1126.0</ele>
      </trkpt>
      <trkpt lat="42.893574" lon="0.055053">
        <ele>1126.6</ele>
      </trkpt>
      <trkpt lat="42.893585" lon="0.055082">
        <ele>1127.0</ele>
      </trkpt>
      <trkpt lat="42.893597" lon="0.05511">
        <ele>1127.4</ele>
      </trkpt>
      <trkpt lat="42.893604" lon="0.055137">
        <ele>1127.8</ele>
      </trkpt>
      <trkpt lat="42.89362" lon="0.055164">
        <ele>1128.2</ele>
      </trkpt>
      <trkpt lat="42.893681" lon="0.055294">
        <ele>1128.6</ele>
      </trkpt>
      <trkpt lat="42.893692" lon="0.055319">
        <ele>1129.0</ele>
      </trkpt>
      <trkpt lat="42.893703" lon="0.055346">
        <ele>1129.4</ele>
      </trkpt>
      <trkpt lat="42.893715" lon="0.055373">
        <ele>1129.8</ele>
      </trkpt>
      <trkpt lat="42.893726" lon="0.055401">
        <ele>1130.2</ele>
      </trkpt>
      <trkpt lat="42.893742" lon="0.055429">
        <ele>1130.8</ele>
      </trkpt>
      <trkpt lat="42.893752" lon="0.055456">
        <ele>1131.2</ele>
      </trkpt>
      <trkpt lat="42.893764" lon="0.055487">
        <ele>1131.6</ele>
      </trkpt>
      <trkpt lat="42.89378" lon="0.055516">
        <ele>1132.2</ele>
      </trkpt>
      <trkpt lat="42.893795" lon="0.055544">
        <ele>1132.6</ele>
      </trkpt>
      <trkpt lat="42.893833" lon="0.055631">
        <ele>1132.6</ele>
      </trkpt>
      <trkpt lat="42.893871" lon="0.055714">
        <ele>1133.0</ele>
      </trkpt>
      <trkpt lat="42.893883" lon="0.05574">
        <ele>1133.4</ele>
      </trkpt>
      <trkpt lat="42.89389" lon="0.055767">
        <ele>1133.8</ele>
      </trkpt>
      <trkpt lat="42.893898" lon="0.055793">
        <ele>1134.2</ele>
      </trkpt>
      <trkpt lat="42.893909" lon="0.055821">
        <ele>1134.6</ele>
      </trkpt>
      <trkpt lat="42.893944" lon="0.055925">
        <ele>1135.0</ele>
      </trkpt>
      <trkpt lat="42.893951" lon="0.055948">
        <ele>1135.4</ele>
      </trkpt>
      <trkpt lat="42.893963" lon="0.055973">
        <ele>1135.8</ele>
      </trkpt>
      <trkpt lat="42.89397" lon="0.055994">
        <ele>1136.2</ele>
      </trkpt>
      <trkpt lat="42.893978" lon="0.056017">
        <ele>1136.8</ele>
      </trkpt>
      <trkpt lat="42.893993" lon="0.056042">
        <ele>1136.8</ele>
      </trkpt>
      <trkpt lat="42.894001" lon="0.056066">
        <ele>1136.8</ele>
      </trkpt>
      <trkpt lat="42.894047" lon="0.056173">
        <ele>1136.8</ele>
      </trkpt>
      <trkpt lat="42.894058" lon="0.056199">
        <ele>1137.2</ele>
      </trkpt>
      <trkpt lat="42.894066" lon="0.056224">
        <ele>1137.6</ele>
      </trkpt>
      <trkpt lat="42.894077" lon="0.05625">
        <ele>1138.0</ele>
      </trkpt>
      <trkpt lat="42.894081" lon="0.056275">
        <ele>1138.4</ele>
      </trkpt>
      <trkpt lat="42.894089" lon="0.056301">
        <ele>1138.8</ele>
      </trkpt>
      <trkpt lat="42.8941" lon="0.05635">
        <ele>1138.8</ele>
      </trkpt>
      <trkpt lat="42.894108" lon="0.056374">
        <ele>1139.2</ele>
      </trkpt>
      <trkpt lat="42.894115" lon="0.056394">
        <ele>1139.6</ele>
      </trkpt>
      <trkpt lat="42.894127" lon="0.056414">
        <ele>1140.0</ele>
      </trkpt>
      <trkpt lat="42.894138" lon="0.056434">
        <ele>1140.4</ele>
      </trkpt>
      <trkpt lat="42.89415" lon="0.056454">
        <ele>1140.8</ele>
      </trkpt>
      <trkpt lat="42.894188" lon="0.056548">
        <ele>1140.8</ele>
      </trkpt>
      <trkpt lat="42.894215" lon="0.056629">
        <ele>1141.4</ele>
      </trkpt>
      <trkpt lat="42.894222" lon="0.056659">
        <ele>1141.8</ele>
      </trkpt>
      <trkpt lat="42.89423" lon="0.056688">
        <ele>1142.2</ele>
      </trkpt>
      <trkpt lat="42.894241" lon="0.056719">
        <ele>1142.8</ele>
      </trkpt>
      <trkpt lat="42.894249" lon="0.056746">
        <ele>1143.2</ele>
      </trkpt>
      <trkpt lat="42.894264" lon="0.056805">
        <ele>1143.2</ele>
      </trkpt>
      <trkpt lat="42.894302" lon="0.056945">
        <ele>1143.6</ele>
      </trkpt>
      <trkpt lat="42.89431" lon="0.056972">
        <ele>1144.0</ele>
      </trkpt>
      <trkpt lat="42.894318" lon="0.057001">
        <ele>1144.4</ele>
      </trkpt>
      <trkpt lat="42.894329" lon="0.057028">
        <ele>1145.0</ele>
      </trkpt>
      <trkpt lat="42.894337" lon="0.057055">
        <ele>1145.4</ele>
      </trkpt>
      <trkpt lat="42.894363" lon="0.057136">
        <ele>1145.4</ele>
      </trkpt>
      <trkpt lat="42.894394" lon="0.057213">
        <ele>1145.8</ele>
      </trkpt>
      <trkpt lat="42.894402" lon="0.057239">
        <ele>1146.2</ele>
      </trkpt>
      <trkpt lat="42.894413" lon="0.057264">
        <ele>1146.8</ele>
      </trkpt>
      <trkpt lat="42.894421" lon="0.057289">
        <ele>1147.2</ele>
      </trkpt>
      <trkpt lat="42.894432" lon="0.057314">
        <ele>1147.6</ele>
      </trkpt>
      <trkpt lat="42.894466" lon="0.057388">
        <ele>1147.6</ele>
      </trkpt>
      <trkpt lat="42.894489" lon="0.05744">
        <ele>1148.0</ele>
      </trkpt>
      <trkpt lat="42.894501" lon="0.057465">
        <ele>1148.6</ele>
      </trkpt>
      <trkpt lat="42.894512" lon="0.057491">
        <ele>1149.0</ele>
      </trkpt>
      <trkpt lat="42.894523" lon="0.057517">
        <ele>1149.6</ele>
      </trkpt>
      <trkpt lat="42.894535" lon="0.057541">
        <ele>1150.0</ele>
      </trkpt>
      <trkpt lat="42.894585" lon="0.057639">
        <ele>1150.0</ele>
      </trkpt>
      <trkpt lat="42.894611" lon="0.057686">
        <ele>1150.4</ele>
      </trkpt>
      <trkpt lat="42.894623" lon="0.057709">
        <ele>1150.8</ele>
      </trkpt>
      <trkpt lat="42.894634" lon="0.057731">
        <ele>1151.2</ele>
      </trkpt>
      <trkpt lat="42.89465" lon="0.057752">
        <ele>1151.6</ele>
      </trkpt>
      <trkpt lat="42.894661" lon="0.057774">
        <ele>1152.2</ele>
      </trkpt>
      <trkpt lat="42.894699" lon="0.057846">
        <ele>1152.2</ele>
      </trkpt>
      <trkpt lat="42.894745" lon="0.057916">
        <ele>1152.6</ele>
      </trkpt>
      <trkpt lat="42.89476" lon="0.057941">
        <ele>1153.0</ele>
      </trkpt>
      <trkpt lat="42.894775" lon="0.057965">
        <ele>1153.4</ele>
      </trkpt>
      <trkpt lat="42.894791" lon="0.057988">
        <ele>1153.8</ele>
      </trkpt>
      <trkpt lat="42.894806" lon="0.058011">
        <ele>1154.2</ele>
      </trkpt>
      <trkpt lat="42.894836" lon="0.058057">
        <ele>1154.2</ele>
      </trkpt>
      <trkpt lat="42.894878" lon="0.058124">
        <ele>1154.6</ele>
      </trkpt>
      <trkpt lat="42.894894" lon="0.058145">
        <ele>1155.0</ele>
      </trkpt>
      <trkpt lat="42.894909" lon="0.058165">
        <ele>1155.4</ele>
      </trkpt>
      <trkpt lat="42.894924" lon="0.058187">
        <ele>1155.8</ele>
      </trkpt>
      <trkpt lat="42.894955" lon="0.058226">
        <ele>1156.4</ele>
      </trkpt>
      <trkpt lat="42.894974" lon="0.058244">
        <ele>1156.4</ele>
      </trkpt>
      <trkpt lat="42.895061" lon="0.058342">
        <ele>1156.8</ele>
      </trkpt>
      <trkpt lat="42.895077" lon="0.05836">
        <ele>1157.2</ele>
      </trkpt>
      <trkpt lat="42.895096" lon="0.058379">
        <ele>1157.6</ele>
      </trkpt>
      <trkpt lat="42.895114" lon="0.058396">
        <ele>1158.0</ele>
      </trkpt>
      <trkpt lat="42.895134" lon="0.058406">
        <ele>1158.4</ele>
      </trkpt>
      <trkpt lat="42.895214" lon="0.058456">
        <ele>1158.4</ele>
      </trkpt>
      <trkpt lat="42.89526" lon="0.058482">
        <ele>1158.8</ele>
      </trkpt>
      <trkpt lat="42.895279" lon="0.058497">
        <ele>1159.2</ele>
      </trkpt>
      <trkpt lat="42.895302" lon="0.058512">
        <ele>1159.6</ele>
      </trkpt>
      <trkpt lat="42.895325" lon="0.058527">
        <ele>1160.0</ele>
      </trkpt>
      <trkpt lat="42.895348" lon="0.058542">
        <ele>1160.6</ele>
      </trkpt>
      <trkpt lat="42.89539" lon="0.058569">
        <ele>1160.6</ele>
      </trkpt>
      <trkpt lat="42.8955" lon="0.058638">
        <ele>1161.0</ele>
      </trkpt>
      <trkpt lat="42.895523" lon="0.058654">
        <ele>1161.4</ele>
      </trkpt>
      <trkpt lat="42.895546" lon="0.058669">
        <ele>1161.8</ele>
      </trkpt>
      <trkpt lat="42.895569" lon="0.058688">
        <ele>1162.2</ele>
      </trkpt>
      <trkpt lat="42.895592" lon="0.05871">
        <ele>1162.6</ele>
      </trkpt>
      <trkpt lat="42.895611" lon="0.058735">
        <ele>1162.6</ele>
      </trkpt>
      <trkpt lat="42.895641" lon="0.058796">
        <ele>1163.0</ele>
      </trkpt>
      <trkpt lat="42.895653" lon="0.058831">
        <ele>1163.6</ele>
      </trkpt>
      <trkpt lat="42.895657" lon="0.058866">
        <ele>1164.0</ele>
      </trkpt>
      <trkpt lat="42.895653" lon="0.058907">
        <ele>1164.4</ele>
      </trkpt>
      <trkpt lat="42.895641" lon="0.058944">
        <ele>1165.0</ele>
      </trkpt>
      <trkpt lat="42.895565" lon="0.05905">
        <ele>1165.0</ele>
      </trkpt>
      <trkpt lat="42.895535" lon="0.059068">
        <ele>1165.4</ele>
      </trkpt>
      <trkpt lat="42.895511" lon="0.059076">
        <ele>1165.8</ele>
      </trkpt>
      <trkpt lat="42.895485" lon="0.05909">
        <ele>1166.4</ele>
      </trkpt>
      <trkpt lat="42.895466" lon="0.059097">
        <ele>1166.8</ele>
      </trkpt>
      <trkpt lat="42.895451" lon="0.05909">
        <ele>1167.2</ele>
      </trkpt>
      <trkpt lat="42.895367" lon="0.059029">
        <ele>1167.2</ele>
      </trkpt>
      <trkpt lat="42.895344" lon="0.059008">
        <ele>1167.6</ele>
      </trkpt>
      <trkpt lat="42.895325" lon="0.058988">
        <ele>1168.2</ele>
      </trkpt>
      <trkpt lat="42.895302" lon="0.058969">
        <ele>1168.6</ele>
      </trkpt>
      <trkpt lat="42.895283" lon="0.058951">
        <ele>1169.0</ele>
      </trkpt>
      <trkpt lat="42.89526" lon="0.058936">
        <ele>1169.4</ele>
      </trkpt>
      <trkpt lat="42.89521" lon="0.058919">
        <ele>1169.4</ele>
      </trkpt>
      <trkpt lat="42.895149" lon="0.058914">
        <ele>1169.4</ele>
      </trkpt>
      <trkpt lat="42.895126" lon="0.058919">
        <ele>1169.4</ele>
      </trkpt>
      <trkpt lat="42.895039" lon="0.05898">
        <ele>1169.4</ele>
      </trkpt>
      <trkpt lat="42.895" lon="0.059031">
        <ele>1169.8</ele>
      </trkpt>
      <trkpt lat="42.894985" lon="0.05906">
        <ele>1170.2</ele>
      </trkpt>
      <trkpt lat="42.894978" lon="0.059088">
        <ele>1170.8</ele>
      </trkpt>
      <trkpt lat="42.89497" lon="0.059115">
        <ele>1171.2</ele>
      </trkpt>
      <trkpt lat="42.894965" lon="0.059143">
        <ele>1171.6</ele>
      </trkpt>
      <trkpt lat="42.894965" lon="0.059172">
        <ele>1171.6</ele>
      </trkpt>
      <trkpt lat="42.894974" lon="0.059388">
        <ele>1171.6</ele>
      </trkpt>
      <trkpt lat="42.894985" lon="0.059457">
        <ele>1172.0</ele>
      </trkpt>
      <trkpt lat="42.894993" lon="0.059486">
        <ele>1172.4</ele>
      </trkpt>
      <trkpt lat="42.895008" lon="0.059508">
        <ele>1172.8</ele>
      </trkpt>
      <trkpt lat="42.895027" lon="0.059525">
        <ele>1173.2</ele>
      </trkpt>
      <trkpt lat="42.89505" lon="0.059536">
        <ele>1173.6</ele>
      </trkpt>
      <trkpt lat="42.895199" lon="0.059548">
        <ele>1173.6</ele>
      </trkpt>
      <trkpt lat="42.895229" lon="0.059544">
        <ele>1174.0</ele>
      </trkpt>
      <trkpt lat="42.895266" lon="0.059539">
        <ele>1174.4</ele>
      </trkpt>
      <trkpt lat="42.895302" lon="0.059533">
        <ele>1174.8</ele>
      </trkpt>
      <trkpt lat="42.895336" lon="0.059522">
        <ele>1175.2</ele>
      </trkpt>
      <trkpt lat="42.895367" lon="0.05951">
        <ele>1175.6</ele>
      </trkpt>
      <trkpt lat="42.895451" lon="0.059471">
        <ele>1175.6</ele>
      </trkpt>
      <trkpt lat="42.895622" lon="0.059433">
        <ele>1176.2</ele>
      </trkpt>
      <trkpt lat="42.895649" lon="0.059439">
        <ele>1176.6</ele>
      </trkpt>
      <trkpt lat="42.895672" lon="0.059444">
        <ele>1177.2</ele>
      </trkpt>
      <trkpt lat="42.895699" lon="0.059455">
        <ele>1177.6</ele>
      </trkpt>
      <trkpt lat="42.895725" lon="0.059465">
        <ele>1178.0</ele>
      </trkpt>
      <trkpt lat="42.895775" lon="0.059495">
        <ele>1178.0</ele>
      </trkpt>
      <trkpt lat="42.895821" lon="0.059527">
        <ele>1178.4</ele>
      </trkpt>
      <trkpt lat="42.89584" lon="0.059546">
        <ele>1178.8</ele>
      </trkpt>
      <trkpt lat="42.895863" lon="0.059567">
        <ele>1179.2</ele>
      </trkpt>
      <trkpt lat="42.895885" lon="0.059591">
        <ele>1179.6</ele>
      </trkpt>
      <trkpt lat="42.895901" lon="0.059619">
        <ele>1180.0</ele>
      </trkpt>
      <trkpt lat="42.895916" lon="0.059645">
        <ele>1180.0</ele>
      </trkpt>
      <trkpt lat="42.895981" lon="0.05981">
        <ele>1180.4</ele>
      </trkpt>
      <trkpt lat="42.895988" lon="0.059848">
        <ele>1180.8</ele>
      </trkpt>
      <trkpt lat="42.895995" lon="0.059883">
        <ele>1181.2</ele>
      </trkpt>
      <trkpt lat="42.896" lon="0.059922">
        <ele>1181.8</ele>
      </trkpt>
      <trkpt lat="42.896011" lon="0.059959">
        <ele>1182.2</ele>
      </trkpt>
      <trkpt lat="42.896023" lon="0.06007">
        <ele>1182.2</ele>
      </trkpt>
      <trkpt lat="42.896042" lon="0.060175">
        <ele>1182.6</ele>
      </trkpt>
      <trkpt lat="42.896046" lon="0.060208">
        <ele>1183.0</ele>
      </trkpt>
      <trkpt lat="42.896049" lon="0.060242">
        <ele>1183.4</ele>
      </trkpt>
      <trkpt lat="42.896053" lon="0.060276">
        <ele>1183.8</ele>
      </trkpt>
      <trkpt lat="42.896057" lon="0.06031">
        <ele>1184.2</ele>
      </trkpt>
      <trkpt lat="42.896088" lon="0.06049">
        <ele>1184.6</ele>
      </trkpt>
      <trkpt lat="42.896095" lon="0.060526">
        <ele>1185.0</ele>
      </trkpt>
      <trkpt lat="42.896102" lon="0.060561">
        <ele>1185.4</ele>
      </trkpt>
      <trkpt lat="42.896102" lon="0.060597">
        <ele>1185.8</ele>
      </trkpt>
      <trkpt lat="42.896102" lon="0.060635">
        <ele>1186.2</ele>
      </trkpt>
      <trkpt lat="42.896122" lon="0.060855">
        <ele>1186.2</ele>
      </trkpt>
      <trkpt lat="42.896126" lon="0.060889">
        <ele>1186.6</ele>
      </trkpt>
      <trkpt lat="42.89613" lon="0.060924">
        <ele>1187.0</ele>
      </trkpt>
      <trkpt lat="42.896137" lon="0.060959">
        <ele>1187.4</ele>
      </trkpt>
      <trkpt lat="42.896141" lon="0.060995">
        <ele>1187.8</ele>
      </trkpt>
      <trkpt lat="42.896145" lon="0.061032">
        <ele>1188.2</ele>
      </trkpt>
      <trkpt lat="42.896149" lon="0.061106">
        <ele>1188.2</ele>
      </trkpt>
      <trkpt lat="42.896149" lon="0.061217">
        <ele>1188.8</ele>
      </trkpt>
      <trkpt lat="42.896149" lon="0.061258">
        <ele>1189.2</ele>
      </trkpt>
      <trkpt lat="42.896149" lon="0.061297">
        <ele>1189.6</ele>
      </trkpt>
      <trkpt lat="42.896149" lon="0.061336">
        <ele>1190.0</ele>
      </trkpt>
      <trkpt lat="42.896145" lon="0.061375">
        <ele>1190.4</ele>
      </trkpt>
      <trkpt lat="42.896168" lon="0.061691">
        <ele>1190.4</ele>
      </trkpt>
      <trkpt lat="42.896178" lon="0.06184">
        <ele>1190.8</ele>
      </trkpt>
      <trkpt lat="42.896183" lon="0.061878">
        <ele>1191.4</ele>
      </trkpt>
      <trkpt lat="42.896187" lon="0.061915">
        <ele>1191.8</ele>
      </trkpt>
      <trkpt lat="42.896187" lon="0.061954">
        <ele>1192.2</ele>
      </trkpt>
      <trkpt lat="42.896187" lon="0.061993">
        <ele>1192.6</ele>
      </trkpt>
      <trkpt lat="42.896191" lon="0.062067">
        <ele>1192.6</ele>
      </trkpt>
      <trkpt lat="42.89621" lon="0.062354">
        <ele>1193.0</ele>
      </trkpt>
      <trkpt lat="42.896214" lon="0.06239">
        <ele>1193.4</ele>
      </trkpt>
      <trkpt lat="42.896217" lon="0.062427">
        <ele>1194.0</ele>
      </trkpt>
      <trkpt lat="42.896225" lon="0.062461">
        <ele>1194.4</ele>
      </trkpt>
      <trkpt lat="42.896233" lon="0.062496">
        <ele>1195.0</ele>
      </trkpt>
      <trkpt lat="42.896251" lon="0.062603">
        <ele>1195.0</ele>
      </trkpt>
      <trkpt lat="42.896271" lon="0.062699">
        <ele>1195.4</ele>
      </trkpt>
      <trkpt lat="42.896278" lon="0.062731">
        <ele>1195.8</ele>
      </trkpt>
      <trkpt lat="42.896286" lon="0.062764">
        <ele>1196.2</ele>
      </trkpt>
      <trkpt lat="42.896294" lon="0.062795">
        <ele>1196.6</ele>
      </trkpt>
      <trkpt lat="42.896301" lon="0.062825">
        <ele>1197.0</ele>
      </trkpt>
      <trkpt lat="42.896309" lon="0.062851">
        <ele>1197.0</ele>
      </trkpt>
      <trkpt lat="42.896317" lon="0.06289">
        <ele>1197.0</ele>
      </trkpt>
      <trkpt lat="42.896251" lon="0.062865">
        <ele>1197.0</ele>
      </trkpt>
      <trkpt lat="42.896244" lon="0.062863">
        <ele>1197.4</ele>
      </trkpt>
      <trkpt lat="42.89624" lon="0.062863">
        <ele>1197.8</ele>
      </trkpt>
      <trkpt lat="42.896244" lon="0.062863">
        <ele>1198.2</ele>
      </trkpt>
      <trkpt lat="42.896236" lon="0.0629">
        <ele>1199.0</ele>
      </trkpt>
      <trkpt lat="42.89624" lon="0.062922">
        <ele>1199.0</ele>
      </trkpt>
      <trkpt lat="42.896251" lon="0.063015">
        <ele>1199.0</ele>
      </trkpt>
      <trkpt lat="42.896271" lon="0.063147">
        <ele>1199.6</ele>
      </trkpt>
      <trkpt lat="42.896275" lon="0.063191">
        <ele>1200.0</ele>
      </trkpt>
      <trkpt lat="42.896278" lon="0.063235">
        <ele>1200.4</ele>
      </trkpt>
      <trkpt lat="42.896275" lon="0.063274">
        <ele>1200.8</ele>
      </trkpt>
      <trkpt lat="42.896275" lon="0.063314">
        <ele>1201.2</ele>
      </trkpt>
      <trkpt lat="42.896296" lon="0.063452">
        <ele>1201.2</ele>
      </trkpt>
      <trkpt lat="42.896305" lon="0.063488">
        <ele>1201.2</ele>
      </trkpt>
      <trkpt lat="42.896332" lon="0.063596">
        <ele>1201.6</ele>
      </trkpt>
      <trkpt lat="42.896343" lon="0.06363">
        <ele>1202.0</ele>
      </trkpt>
      <trkpt lat="42.896358" lon="0.063665">
        <ele>1202.4</ele>
      </trkpt>
      <trkpt lat="42.89637" lon="0.063704">
        <ele>1202.8</ele>
      </trkpt>
      <trkpt lat="42.896389" lon="0.063739">
        <ele>1203.2</ele>
      </trkpt>
      <trkpt lat="42.896431" lon="0.063854">
        <ele>1203.2</ele>
      </trkpt>
      <trkpt lat="42.896481" lon="0.063964">
        <ele>1203.6</ele>
      </trkpt>
      <trkpt lat="42.896496" lon="0.064004">
        <ele>1204.0</ele>
      </trkpt>
      <trkpt lat="42.896519" lon="0.064033">
        <ele>1204.4</ele>
      </trkpt>
      <trkpt lat="42.89653" lon="0.064069">
        <ele>1204.8</ele>
      </trkpt>
      <trkpt lat="42.896545" lon="0.064101">
        <ele>1205.2</ele>
      </trkpt>
      <trkpt lat="42.896622" lon="0.064276">
        <ele>1205.8</ele>
      </trkpt>
      <trkpt lat="42.896637" lon="0.06431">
        <ele>1206.2</ele>
      </trkpt>
      <trkpt lat="42.896652" lon="0.064343">
        <ele>1206.6</ele>
      </trkpt>
      <trkpt lat="42.896667" lon="0.064377">
        <ele>1207.2</ele>
      </trkpt>
      <trkpt lat="42.896679" lon="0.06441">
        <ele>1207.6</ele>
      </trkpt>
      <trkpt lat="42.896766" lon="0.06461">
        <ele>1207.6</ele>
      </trkpt>
      <trkpt lat="42.896805" lon="0.064671">
        <ele>1207.6</ele>
      </trkpt>
      <trkpt lat="42.896816" lon="0.064704">
        <ele>1208.0</ele>
      </trkpt>
      <trkpt lat="42.896832" lon="0.064739">
        <ele>1208.4</ele>
      </trkpt>
      <trkpt lat="42.896842" lon="0.064773">
        <ele>1208.8</ele>
      </trkpt>
      <trkpt lat="42.896854" lon="0.064805">
        <ele>1209.2</ele>
      </trkpt>
      <trkpt lat="42.89687" lon="0.064834">
        <ele>1209.6</ele>
      </trkpt>
      <trkpt lat="42.8969" lon="0.064888">
        <ele>1210.0</ele>
      </trkpt>
      <trkpt lat="42.896915" lon="0.064913">
        <ele>1210.4</ele>
      </trkpt>
      <trkpt lat="42.896931" lon="0.064941">
        <ele>1210.8</ele>
      </trkpt>
      <trkpt lat="42.896942" lon="0.06497">
        <ele>1211.2</ele>
      </trkpt>
      <trkpt lat="42.896957" lon="0.065001">
        <ele>1211.8</ele>
      </trkpt>
      <trkpt lat="42.897011" lon="0.065242">
        <ele>1211.8</ele>
      </trkpt>
      <trkpt lat="42.89703" lon="0.065352">
        <ele>1212.2</ele>
      </trkpt>
      <trkpt lat="42.897038" lon="0.065389">
        <ele>1212.6</ele>
      </trkpt>
      <trkpt lat="42.897049" lon="0.065423">
        <ele>1213.2</ele>
      </trkpt>
      <trkpt lat="42.89706" lon="0.065454">
        <ele>1213.6</ele>
      </trkpt>
      <trkpt lat="42.897076" lon="0.065486">
        <ele>1214.0</ele>
      </trkpt>
      <trkpt lat="42.897121" lon="0.065615">
        <ele>1214.0</ele>
      </trkpt>
      <trkpt lat="42.897129" lon="0.065652">
        <ele>1214.4</ele>
      </trkpt>
      <trkpt lat="42.897141" lon="0.065686">
        <ele>1215.0</ele>
      </trkpt>
      <trkpt lat="42.897152" lon="0.065723">
        <ele>1215.4</ele>
      </trkpt>
      <trkpt lat="42.89716" lon="0.065758">
        <ele>1215.8</ele>
      </trkpt>
      <trkpt lat="42.897167" lon="0.065793">
        <ele>1216.2</ele>
      </trkpt>
      <trkpt lat="42.897202" lon="0.065895">
        <ele>1216.2</ele>
      </trkpt>
      <trkpt lat="42.897236" lon="0.065997">
        <ele>1216.6</ele>
      </trkpt>
      <trkpt lat="42.897247" lon="0.06603">
        <ele>1217.0</ele>
      </trkpt>
      <trkpt lat="42.897263" lon="0.066064">
        <ele>1217.4</ele>
      </trkpt>
      <trkpt lat="42.89727" lon="0.066103">
        <ele>1217.8</ele>
      </trkpt>
      <trkpt lat="42.897278" lon="0.066138">
        <ele>1218.2</ele>
      </trkpt>
      <trkpt lat="42.897324" lon="0.06633">
        <ele>1218.2</ele>
      </trkpt>
      <trkpt lat="42.897357" lon="0.066389">
        <ele>1218.6</ele>
      </trkpt>
      <trkpt lat="42.897373" lon="0.066423">
        <ele>1219.0</ele>
      </trkpt>
      <trkpt lat="42.897404" lon="0.06645">
        <ele>1219.6</ele>
      </trkpt>
      <trkpt lat="42.897433" lon="0.066475">
        <ele>1220.0</ele>
      </trkpt>
      <trkpt lat="42.897461" lon="0.066506">
        <ele>1220.4</ele>
      </trkpt>
      <trkpt lat="42.897484" lon="0.066537">
        <ele>1220.4</ele>
      </trkpt>
      <trkpt lat="42.897526" lon="0.06678">
        <ele>1221.2</ele>
      </trkpt>
      <trkpt lat="42.897549" lon="0.066855">
        <ele>1222.0</ele>
      </trkpt>
      <trkpt lat="42.89756" lon="0.066892">
        <ele>1222.4</ele>
      </trkpt>
      <trkpt lat="42.897667" lon="0.067182">
        <ele>1222.4</ele>
      </trkpt>
      <trkpt lat="42.89769" lon="0.067284">
        <ele>1222.8</ele>
      </trkpt>
      <trkpt lat="42.897697" lon="0.067325">
        <ele>1223.4</ele>
      </trkpt>
      <trkpt lat="42.897705" lon="0.067359">
        <ele>1223.8</ele>
      </trkpt>
      <trkpt lat="42.897713" lon="0.067393">
        <ele>1224.2</ele>
      </trkpt>
      <trkpt lat="42.89772" lon="0.067427">
        <ele>1224.8</ele>
      </trkpt>
      <trkpt lat="42.897758" lon="0.067607">
        <ele>1225.2</ele>
      </trkpt>
      <trkpt lat="42.897762" lon="0.067646">
        <ele>1225.6</ele>
      </trkpt>
      <trkpt lat="42.897766" lon="0.067686">
        <ele>1226.2</ele>
      </trkpt>
      <trkpt lat="42.89777" lon="0.067724">
        <ele>1226.6</ele>
      </trkpt>
      <trkpt lat="42.897774" lon="0.067763">
        <ele>1227.2</ele>
      </trkpt>
      <trkpt lat="42.897799" lon="0.06796">
        <ele>1227.6</ele>
      </trkpt>
      <trkpt lat="42.897804" lon="0.068002">
        <ele>1228.0</ele>
      </trkpt>
      <trkpt lat="42.897812" lon="0.068045">
        <ele>1228.4</ele>
      </trkpt>
      <trkpt lat="42.897816" lon="0.068085">
        <ele>1228.8</ele>
      </trkpt>
      <trkpt lat="42.897816" lon="0.068129">
        <ele>1229.2</ele>
      </trkpt>
      <trkpt lat="42.897789" lon="0.068327">
        <ele>1229.8</ele>
      </trkpt>
      <trkpt lat="42.897781" lon="0.068357">
        <ele>1230.2</ele>
      </trkpt>
      <trkpt lat="42.897762" lon="0.068396">
        <ele>1230.8</ele>
      </trkpt>
      <trkpt lat="42.897743" lon="0.068427">
        <ele>1231.2</ele>
      </trkpt>
      <trkpt lat="42.897728" lon="0.068453">
        <ele>1231.8</ele>
      </trkpt>
      <trkpt lat="42.897697" lon="0.068541">
        <ele>1231.8</ele>
      </trkpt>
      <trkpt lat="42.897694" lon="0.06857">
        <ele>1232.2</ele>
      </trkpt>
      <trkpt lat="42.897697" lon="0.068604">
        <ele>1232.6</ele>
      </trkpt>
      <trkpt lat="42.897701" lon="0.068639">
        <ele>1233.0</ele>
      </trkpt>
      <trkpt lat="42.897701" lon="0.068675">
        <ele>1233.4</ele>
      </trkpt>
      <trkpt lat="42.897705" lon="0.068707">
        <ele>1233.8</ele>
      </trkpt>
      <trkpt lat="42.897736" lon="0.068797">
        <ele>1233.8</ele>
      </trkpt>
      <trkpt lat="42.897758" lon="0.068825">
        <ele>1234.2</ele>
      </trkpt>
      <trkpt lat="42.897793" lon="0.068853">
        <ele>1234.6</ele>
      </trkpt>
      <trkpt lat="42.897823" lon="0.06888">
        <ele>1235.0</ele>
      </trkpt>
      <trkpt lat="42.897858" lon="0.068906">
        <ele>1235.4</ele>
      </trkpt>
      <trkpt lat="42.897892" lon="0.068931">
        <ele>1235.8</ele>
      </trkpt>
      <trkpt lat="42.897984" lon="0.069098">
        <ele>1236.2</ele>
      </trkpt>
      <trkpt lat="42.897987" lon="0.069128">
        <ele>1236.8</ele>
      </trkpt>
      <trkpt lat="42.897991" lon="0.069159">
        <ele>1237.2</ele>
      </trkpt>
      <trkpt lat="42.897999" lon="0.069188">
        <ele>1237.6</ele>
      </trkpt>
      <trkpt lat="42.897999" lon="0.069216">
        <ele>1238.2</ele>
      </trkpt>
      <trkpt lat="42.898018" lon="0.06933">
        <ele>1238.6</ele>
      </trkpt>
      <trkpt lat="42.898026" lon="0.069361">
        <ele>1239.0</ele>
      </trkpt>
      <trkpt lat="42.898029" lon="0.069391">
        <ele>1239.4</ele>
      </trkpt>
      <trkpt lat="42.898033" lon="0.069421">
        <ele>1239.8</ele>
      </trkpt>
      <trkpt lat="42.898041" lon="0.069452">
        <ele>1240.2</ele>
      </trkpt>
      <trkpt lat="42.89806" lon="0.069602">
        <ele>1240.6</ele>
      </trkpt>
      <trkpt lat="42.898067" lon="0.06963">
        <ele>1241.2</ele>
      </trkpt>
      <trkpt lat="42.898071" lon="0.069658">
        <ele>1241.6</ele>
      </trkpt>
      <trkpt lat="42.898075" lon="0.069685">
        <ele>1242.0</ele>
      </trkpt>
      <trkpt lat="42.898083" lon="0.069712">
        <ele>1242.6</ele>
      </trkpt>
      <trkpt lat="42.898102" lon="0.069922">
        <ele>1243.0</ele>
      </trkpt>
      <trkpt lat="42.898106" lon="0.069951">
        <ele>1243.4</ele>
      </trkpt>
      <trkpt lat="42.898113" lon="0.06998">
        <ele>1243.8</ele>
      </trkpt>
      <trkpt lat="42.898117" lon="0.070009">
        <ele>1244.2</ele>
      </trkpt>
      <trkpt lat="42.898121" lon="0.070036">
        <ele>1244.6</ele>
      </trkpt>
      <trkpt lat="42.898151" lon="0.070212">
        <ele>1244.6</ele>
      </trkpt>
      <trkpt lat="42.898159" lon="0.070243">
        <ele>1245.0</ele>
      </trkpt>
      <trkpt lat="42.898162" lon="0.070272">
        <ele>1245.4</ele>
      </trkpt>
      <trkpt lat="42.89817" lon="0.0703">
        <ele>1246.0</ele>
      </trkpt>
      <trkpt lat="42.898174" lon="0.070329">
        <ele>1246.4</ele>
      </trkpt>
      <trkpt lat="42.898182" lon="0.070358">
        <ele>1246.8</ele>
      </trkpt>
      <trkpt lat="42.898201" lon="0.070472">
        <ele>1247.2</ele>
      </trkpt>
      <trkpt lat="42.898209" lon="0.070502">
        <ele>1247.6</ele>
      </trkpt>
      <trkpt lat="42.898212" lon="0.070535">
        <ele>1248.0</ele>
      </trkpt>
      <trkpt lat="42.898212" lon="0.070562">
        <ele>1248.6</ele>
      </trkpt>
      <trkpt lat="42.898209" lon="0.070589">
        <ele>1249.0</ele>
      </trkpt>
      <trkpt lat="42.898212" lon="0.070641">
        <ele>1249.0</ele>
      </trkpt>
      <trkpt lat="42.89822" lon="0.070761">
        <ele>1249.0</ele>
      </trkpt>
      <trkpt lat="42.898224" lon="0.070779">
        <ele>1249.4</ele>
      </trkpt>
      <trkpt lat="42.898232" lon="0.070803">
        <ele>1250.0</ele>
      </trkpt>
      <trkpt lat="42.898238" lon="0.070824">
        <ele>1250.4</ele>
      </trkpt>
      <trkpt lat="42.898247" lon="0.070846">
        <ele>1251.0</ele>
      </trkpt>
      <trkpt lat="42.898258" lon="0.070867">
        <ele>1251.4</ele>
      </trkpt>
      <trkpt lat="42.898273" lon="0.070911">
        <ele>1251.4</ele>
      </trkpt>
      <trkpt lat="42.898281" lon="0.070959">
        <ele>1251.4</ele>
      </trkpt>
      <trkpt lat="42.898293" lon="0.071004">
        <ele>1251.8</ele>
      </trkpt>
      <trkpt lat="42.898296" lon="0.071027">
        <ele>1252.4</ele>
      </trkpt>
      <trkpt lat="42.8983" lon="0.071053">
        <ele>1252.8</ele>
      </trkpt>
      <trkpt lat="42.898308" lon="0.071079">
        <ele>1253.2</ele>
      </trkpt>
      <trkpt lat="42.898319" lon="0.071107">
        <ele>1253.8</ele>
      </trkpt>
      <trkpt lat="42.898392" lon="0.071239">
        <ele>1253.8</ele>
      </trkpt>
      <trkpt lat="42.898407" lon="0.071267">
        <ele>1254.2</ele>
      </trkpt>
      <trkpt lat="42.898426" lon="0.071294">
        <ele>1254.6</ele>
      </trkpt>
      <trkpt lat="42.898434" lon="0.07132">
        <ele>1255.0</ele>
      </trkpt>
      <trkpt lat="42.898441" lon="0.071349">
        <ele>1255.6</ele>
      </trkpt>
      <trkpt lat="42.898445" lon="0.071377">
        <ele>1256.0</ele>
      </trkpt>
      <trkpt lat="42.898449" lon="0.071433">
        <ele>1256.0</ele>
      </trkpt>
      <trkpt lat="42.898445" lon="0.07152">
        <ele>1256.4</ele>
      </trkpt>
      <trkpt lat="42.898445" lon="0.071551">
        <ele>1256.8</ele>
      </trkpt>
      <trkpt lat="42.898445" lon="0.07158">
        <ele>1257.2</ele>
      </trkpt>
      <trkpt lat="42.898441" lon="0.071612">
        <ele>1257.6</ele>
      </trkpt>
      <trkpt lat="42.898441" lon="0.071644">
        <ele>1258.0</ele>
      </trkpt>
      <trkpt lat="42.89843" lon="0.071783">
        <ele>1258.0</ele>
      </trkpt>
      <trkpt lat="42.898426" lon="0.071887">
        <ele>1258.4</ele>
      </trkpt>
      <trkpt lat="42.898426" lon="0.071921">
        <ele>1258.8</ele>
      </trkpt>
      <trkpt lat="42.898426" lon="0.071956">
        <ele>1259.4</ele>
      </trkpt>
      <trkpt lat="42.898426" lon="0.071989">
        <ele>1259.8</ele>
      </trkpt>
      <trkpt lat="42.898426" lon="0.072024">
        <ele>1260.2</ele>
      </trkpt>
      <trkpt lat="42.898426" lon="0.072121">
        <ele>1260.2</ele>
      </trkpt>
      <trkpt lat="42.89843" lon="0.072179">
        <ele>1260.6</ele>
      </trkpt>
      <trkpt lat="42.89843" lon="0.07221">
        <ele>1261.0</ele>
      </trkpt>
      <trkpt lat="42.89843" lon="0.072237">
        <ele>1261.4</ele>
      </trkpt>
      <trkpt lat="42.89843" lon="0.072264">
        <ele>1261.8</ele>
      </trkpt>
      <trkpt lat="42.89843" lon="0.072294">
        <ele>1262.4</ele>
      </trkpt>
      <trkpt lat="42.898438" lon="0.072375">
        <ele>1262.8</ele>
      </trkpt>
      <trkpt lat="42.898441" lon="0.0724">
        <ele>1263.2</ele>
      </trkpt>
      <trkpt lat="42.898445" lon="0.072426">
        <ele>1263.6</ele>
      </trkpt>
      <trkpt lat="42.898453" lon="0.072449">
        <ele>1264.0</ele>
      </trkpt>
      <trkpt lat="42.898457" lon="0.072473">
        <ele>1264.4</ele>
      </trkpt>
      <trkpt lat="42.898491" lon="0.072571">
        <ele>1264.4</ele>
      </trkpt>
      <trkpt lat="42.898529" lon="0.072729">
        <ele>1264.8</ele>
      </trkpt>
      <trkpt lat="42.898533" lon="0.072757">
        <ele>1265.2</ele>
      </trkpt>
      <trkpt lat="42.898537" lon="0.072783">
        <ele>1265.6</ele>
      </trkpt>
      <trkpt lat="42.898544" lon="0.07281">
        <ele>1266.0</ele>
      </trkpt>
      <trkpt lat="42.898548" lon="0.072838">
        <ele>1266.4</ele>
      </trkpt>
      <trkpt lat="42.898552" lon="0.072865">
        <ele>1266.4</ele>
      </trkpt>
      <trkpt lat="42.898567" lon="0.072973">
        <ele>1266.8</ele>
      </trkpt>
      <trkpt lat="42.89857" lon="0.073001">
        <ele>1267.4</ele>
      </trkpt>
      <trkpt lat="42.898575" lon="0.073028">
        <ele>1267.8</ele>
      </trkpt>
      <trkpt lat="42.898575" lon="0.073055">
        <ele>1268.2</ele>
      </trkpt>
      <trkpt lat="42.898582" lon="0.073083">
        <ele>1268.8</ele>
      </trkpt>
      <trkpt lat="42.898582" lon="0.07311">
        <ele>1268.8</ele>
      </trkpt>
      <trkpt lat="42.898613" lon="0.0733">
        <ele>1269.2</ele>
      </trkpt>
      <trkpt lat="42.898617" lon="0.07333">
        <ele>1269.6</ele>
      </trkpt>
      <trkpt lat="42.898624" lon="0.073358">
        <ele>1270.0</ele>
      </trkpt>
      <trkpt lat="42.898628" lon="0.073386">
        <ele>1270.4</ele>
      </trkpt>
      <trkpt lat="42.898636" lon="0.073419">
        <ele>1270.8</ele>
      </trkpt>
      <trkpt lat="42.898659" lon="0.073566">
        <ele>1270.8</ele>
      </trkpt>
      <trkpt lat="42.898663" lon="0.073627">
        <ele>1271.2</ele>
      </trkpt>
      <trkpt lat="42.898666" lon="0.073656">
        <ele>1271.6</ele>
      </trkpt>
      <trkpt lat="42.89867" lon="0.073686">
        <ele>1272.0</ele>
      </trkpt>
      <trkpt lat="42.89867" lon="0.073714">
        <ele>1272.4</ele>
      </trkpt>
      <trkpt lat="42.898674" lon="0.073741">
        <ele>1272.8</ele>
      </trkpt>
      <trkpt lat="42.898682" lon="0.073843">
        <ele>1272.8</ele>
      </trkpt>
      <trkpt lat="42.898682" lon="0.073892">
        <ele>1273.4</ele>
      </trkpt>
      <trkpt lat="42.898685" lon="0.073913">
        <ele>1273.8</ele>
      </trkpt>
      <trkpt lat="42.898685" lon="0.07394">
        <ele>1274.4</ele>
      </trkpt>
      <trkpt lat="42.898685" lon="0.073965">
        <ele>1274.8</ele>
      </trkpt>
      <trkpt lat="42.898685" lon="0.073991">
        <ele>1275.4</ele>
      </trkpt>
      <trkpt lat="42.898682" lon="0.074066">
        <ele>1275.4</ele>
      </trkpt>
      <trkpt lat="42.898682" lon="0.074142">
        <ele>1275.8</ele>
      </trkpt>
      <trkpt lat="42.898682" lon="0.074167">
        <ele>1276.2</ele>
      </trkpt>
      <trkpt lat="42.898682" lon="0.074194">
        <ele>1276.6</ele>
      </trkpt>
      <trkpt lat="42.898682" lon="0.074223">
        <ele>1277.0</ele>
      </trkpt>
      <trkpt lat="42.898682" lon="0.074251">
        <ele>1277.4</ele>
      </trkpt>
      <trkpt lat="42.898682" lon="0.07431">
        <ele>1277.4</ele>
      </trkpt>
      <trkpt lat="42.898689" lon="0.074432">
        <ele>1277.4</ele>
      </trkpt>
      <trkpt lat="42.898689" lon="0.074559">
        <ele>1277.8</ele>
      </trkpt>
      <trkpt lat="42.898689" lon="0.074591">
        <ele>1278.2</ele>
      </trkpt>
      <trkpt lat="42.898693" lon="0.074626">
        <ele>1278.8</ele>
      </trkpt>
      <trkpt lat="42.898693" lon="0.074658">
        <ele>1279.2</ele>
      </trkpt>
      <trkpt lat="42.898693" lon="0.074688">
        <ele>1279.6</ele>
      </trkpt>
      <trkpt lat="42.898716" lon="0.074893">
        <ele>1280.0</ele>
      </trkpt>
      <trkpt lat="42.898724" lon="0.074922">
        <ele>1280.6</ele>
      </trkpt>
      <trkpt lat="42.898731" lon="0.074949">
        <ele>1281.0</ele>
      </trkpt>
      <trkpt lat="42.898739" lon="0.074977">
        <ele>1281.4</ele>
      </trkpt>
      <trkpt lat="42.898746" lon="0.075002">
        <ele>1282.0</ele>
      </trkpt>
      <trkpt lat="42.8988" lon="0.075123">
        <ele>1282.0</ele>
      </trkpt>
      <trkpt lat="42.898815" lon="0.075145">
        <ele>1282.4</ele>
      </trkpt>
      <trkpt lat="42.898827" lon="0.075169">
        <ele>1282.8</ele>
      </trkpt>
      <trkpt lat="42.898838" lon="0.075193">
        <ele>1283.4</ele>
      </trkpt>
      <trkpt lat="42.898849" lon="0.075217">
        <ele>1283.8</ele>
      </trkpt>
      <trkpt lat="42.898865" lon="0.075242">
        <ele>1284.2</ele>
      </trkpt>
      <trkpt lat="42.898949" lon="0.075386">
        <ele>1284.2</ele>
      </trkpt>
      <trkpt lat="42.898964" lon="0.075409">
        <ele>1284.6</ele>
      </trkpt>
      <trkpt lat="42.898975" lon="0.075433">
        <ele>1285.0</ele>
      </trkpt>
      <trkpt lat="42.898991" lon="0.075456">
        <ele>1285.4</ele>
      </trkpt>
      <trkpt lat="42.899006" lon="0.075479">
        <ele>1286.0</ele>
      </trkpt>
      <trkpt lat="42.899017" lon="0.075502">
        <ele>1286.4</ele>
      </trkpt>
      <trkpt lat="42.899063" lon="0.075568">
        <ele>1286.8</ele>
      </trkpt>
      <trkpt lat="42.899078" lon="0.075591">
        <ele>1287.2</ele>
      </trkpt>
      <trkpt lat="42.89909" lon="0.075615">
        <ele>1287.6</ele>
      </trkpt>
      <trkpt lat="42.899101" lon="0.075638">
        <ele>1288.0</ele>
      </trkpt>
      <trkpt lat="42.899116" lon="0.075661">
        <ele>1288.4</ele>
      </trkpt>
      <trkpt lat="42.899212" lon="0.075847">
        <ele>1288.8</ele>
      </trkpt>
      <trkpt lat="42.899223" lon="0.075869">
        <ele>1289.2</ele>
      </trkpt>
      <trkpt lat="42.899235" lon="0.075891">
        <ele>1289.6</ele>
      </trkpt>
      <trkpt lat="42.89925" lon="0.075913">
        <ele>1290.0</ele>
      </trkpt>
      <trkpt lat="42.899261" lon="0.075935">
        <ele>1290.4</ele>
      </trkpt>
      <trkpt lat="42.899349" lon="0.076088">
        <ele>1290.8</ele>
      </trkpt>
      <trkpt lat="42.899361" lon="0.076109">
        <ele>1291.4</ele>
      </trkpt>
      <trkpt lat="42.899372" lon="0.076132">
        <ele>1291.8</ele>
      </trkpt>
      <trkpt lat="42.89938" lon="0.076154">
        <ele>1292.2</ele>
      </trkpt>
      <trkpt lat="42.899387" lon="0.076179">
        <ele>1292.8</ele>
      </trkpt>
      <trkpt lat="42.89946" lon="0.07636">
        <ele>1293.2</ele>
      </trkpt>
      <trkpt lat="42.899471" lon="0.076388">
        <ele>1293.6</ele>
      </trkpt>
      <trkpt lat="42.899479" lon="0.076417">
        <ele>1294.0</ele>
      </trkpt>
      <trkpt lat="42.89949" lon="0.076441">
        <ele>1294.4</ele>
      </trkpt>
      <trkpt lat="42.899498" lon="0.076468">
        <ele>1294.8</ele>
      </trkpt>
      <trkpt lat="42.899509" lon="0.076524">
        <ele>1294.8</ele>
      </trkpt>
      <trkpt lat="42.899517" lon="0.076582">
        <ele>1295.2</ele>
      </trkpt>
      <trkpt lat="42.899525" lon="0.076612">
        <ele>1295.6</ele>
      </trkpt>
      <trkpt lat="42.899525" lon="0.076643">
        <ele>1296.0</ele>
      </trkpt>
      <trkpt lat="42.899529" lon="0.076673">
        <ele>1296.4</ele>
      </trkpt>
      <trkpt lat="42.899532" lon="0.076702">
        <ele>1297.0</ele>
      </trkpt>
      <trkpt lat="42.89954" lon="0.076761">
        <ele>1297.0</ele>
      </trkpt>
      <trkpt lat="42.899548" lon="0.076908">
        <ele>1297.4</ele>
      </trkpt>
      <trkpt lat="42.899551" lon="0.076934">
        <ele>1297.8</ele>
      </trkpt>
      <trkpt lat="42.899555" lon="0.076961">
        <ele>1298.2</ele>
      </trkpt>
      <trkpt lat="42.899555" lon="0.076986">
        <ele>1298.6</ele>
      </trkpt>
      <trkpt lat="42.899559" lon="0.077012">
        <ele>1299.0</ele>
      </trkpt>
      <trkpt lat="42.899597" lon="0.077169">
        <ele>1299.4</ele>
      </trkpt>
      <trkpt lat="42.899605" lon="0.077197">
        <ele>1299.8</ele>
      </trkpt>
      <trkpt lat="42.899609" lon="0.077226">
        <ele>1300.2</ele>
      </trkpt>
      <trkpt lat="42.899612" lon="0.077257">
        <ele>1300.6</ele>
      </trkpt>
      <trkpt lat="42.89962" lon="0.077287">
        <ele>1301.0</ele>
      </trkpt>
      <trkpt lat="42.899651" lon="0.077438">
        <ele>1301.4</ele>
      </trkpt>
      <trkpt lat="42.899662" lon="0.077467">
        <ele>1301.8</ele>
      </trkpt>
      <trkpt lat="42.89967" lon="0.077497">
        <ele>1302.2</ele>
      </trkpt>
      <trkpt lat="42.899676" lon="0.077526">
        <ele>1302.6</ele>
      </trkpt>
      <trkpt lat="42.899689" lon="0.077553">
        <ele>1303.0</ele>
      </trkpt>
      <trkpt lat="42.899734" lon="0.077696">
        <ele>1303.0</ele>
      </trkpt>
      <trkpt lat="42.899742" lon="0.077725">
        <ele>1303.6</ele>
      </trkpt>
      <trkpt lat="42.899754" lon="0.077778">
        <ele>1304.4</ele>
      </trkpt>
      <trkpt lat="42.899761" lon="0.077804">
        <ele>1304.8</ele>
      </trkpt>
      <trkpt lat="42.899761" lon="0.07783">
        <ele>1305.2</ele>
      </trkpt>
      <trkpt lat="42.899769" lon="0.077882">
        <ele>1305.2</ele>
      </trkpt>
      <trkpt lat="42.899776" lon="0.077963">
        <ele>1305.6</ele>
      </trkpt>
      <trkpt lat="42.89978" lon="0.07799">
        <ele>1306.2</ele>
      </trkpt>
      <trkpt lat="42.899788" lon="0.078015">
        <ele>1306.6</ele>
      </trkpt>
      <trkpt lat="42.899783" lon="0.078045">
        <ele>1307.0</ele>
      </trkpt>
      <trkpt lat="42.899788" lon="0.078073">
        <ele>1307.4</ele>
      </trkpt>
      <trkpt lat="42.899783" lon="0.078104">
        <ele>1307.4</ele>
      </trkpt>
      <trkpt lat="42.899792" lon="0.078282">
        <ele>1307.4</ele>
      </trkpt>
      <trkpt lat="42.899799" lon="0.078307">
        <ele>1307.8</ele>
      </trkpt>
      <trkpt lat="42.899811" lon="0.078335">
        <ele>1308.2</ele>
      </trkpt>
      <trkpt lat="42.899818" lon="0.078362">
        <ele>1308.6</ele>
      </trkpt>
      <trkpt lat="42.89983" lon="0.07839">
        <ele>1309.0</ele>
      </trkpt>
      <trkpt lat="42.899841" lon="0.078418">
        <ele>1309.4</ele>
      </trkpt>
      <trkpt lat="42.899876" lon="0.07848">
        <ele>1309.4</ele>
      </trkpt>
      <trkpt lat="42.899929" lon="0.078528">
        <ele>1309.8</ele>
      </trkpt>
      <trkpt lat="42.899948" lon="0.078547">
        <ele>1310.4</ele>
      </trkpt>
      <trkpt lat="42.89996" lon="0.07857">
        <ele>1310.8</ele>
      </trkpt>
      <trkpt lat="42.899966" lon="0.078596">
        <ele>1311.2</ele>
      </trkpt>
      <trkpt lat="42.899971" lon="0.078623">
        <ele>1311.6</ele>
      </trkpt>
      <trkpt lat="42.900013" lon="0.078758">
        <ele>1311.6</ele>
      </trkpt>
      <trkpt lat="42.900032" lon="0.07881">
        <ele>1312.0</ele>
      </trkpt>
      <trkpt lat="42.90004" lon="0.078836">
        <ele>1312.4</ele>
      </trkpt>
      <trkpt lat="42.900047" lon="0.078864">
        <ele>1312.8</ele>
      </trkpt>
      <trkpt lat="42.900059" lon="0.078887">
        <ele>1313.2</ele>
      </trkpt>
      <trkpt lat="42.900066" lon="0.078911">
        <ele>1313.6</ele>
      </trkpt>
      <trkpt lat="42.900089" lon="0.078956">
        <ele>1313.6</ele>
      </trkpt>
      <trkpt lat="42.900101" lon="0.078978">
        <ele>1314.0</ele>
      </trkpt>
      <trkpt lat="42.900112" lon="0.078998">
        <ele>1314.4</ele>
      </trkpt>
      <trkpt lat="42.90012" lon="0.07902">
        <ele>1314.8</ele>
      </trkpt>
      <trkpt lat="42.900131" lon="0.079043">
        <ele>1315.2</ele>
      </trkpt>
      <trkpt lat="42.900143" lon="0.079066">
        <ele>1315.6</ele>
      </trkpt>
      <trkpt lat="42.900166" lon="0.079158">
        <ele>1315.6</ele>
      </trkpt>
      <trkpt lat="42.900185" lon="0.079233">
        <ele>1316.2</ele>
      </trkpt>
      <trkpt lat="42.900196" lon="0.079255">
        <ele>1316.6</ele>
      </trkpt>
      <trkpt lat="42.900204" lon="0.079278">
        <ele>1317.2</ele>
      </trkpt>
      <trkpt lat="42.900215" lon="0.079301">
        <ele>1317.6</ele>
      </trkpt>
      <trkpt lat="42.900227" lon="0.079325">
        <ele>1318.0</ele>
      </trkpt>
      <trkpt lat="42.900242" lon="0.07938">
        <ele>1318.0</ele>
      </trkpt>
      <trkpt lat="42.900284" lon="0.079547">
        <ele>1318.4</ele>
      </trkpt>
      <trkpt lat="42.900291" lon="0.079574">
        <ele>1318.8</ele>
      </trkpt>
      <trkpt lat="42.900298" lon="0.079598">
        <ele>1319.2</ele>
      </trkpt>
      <trkpt lat="42.900307" lon="0.079623">
        <ele>1319.8</ele>
      </trkpt>
      <trkpt lat="42.900314" lon="0.079647">
        <ele>1320.2</ele>
      </trkpt>
      <trkpt lat="42.900368" lon="0.079769">
        <ele>1320.6</ele>
      </trkpt>
      <trkpt lat="42.900379" lon="0.079794">
        <ele>1321.0</ele>
      </trkpt>
      <trkpt lat="42.900387" lon="0.079821">
        <ele>1321.4</ele>
      </trkpt>
      <trkpt lat="42.900398" lon="0.079847">
        <ele>1321.8</ele>
      </trkpt>
      <trkpt lat="42.90041" lon="0.079874">
        <ele>1322.2</ele>
      </trkpt>
      <trkpt lat="42.900421" lon="0.079902">
        <ele>1322.2</ele>
      </trkpt>
      <trkpt lat="42.900475" lon="0.080078">
        <ele>1322.8</ele>
      </trkpt>
      <trkpt lat="42.900486" lon="0.080105">
        <ele>1323.2</ele>
      </trkpt>
      <trkpt lat="42.900497" lon="0.080132">
        <ele>1323.8</ele>
      </trkpt>
      <trkpt lat="42.900505" lon="0.080158">
        <ele>1324.2</ele>
      </trkpt>
      <trkpt lat="42.900517" lon="0.080185">
        <ele>1324.8</ele>
      </trkpt>
      <trkpt lat="42.90057" lon="0.080352">
        <ele>1325.2</ele>
      </trkpt>
      <trkpt lat="42.900578" lon="0.08038">
        <ele>1325.6</ele>
      </trkpt>
      <trkpt lat="42.900585" lon="0.08041">
        <ele>1326.0</ele>
      </trkpt>
      <trkpt lat="42.900597" lon="0.08044">
        <ele>1326.4</ele>
      </trkpt>
      <trkpt lat="42.9006" lon="0.08047">
        <ele>1326.8</ele>
      </trkpt>
      <trkpt lat="42.900654" lon="0.080675">
        <ele>1327.2</ele>
      </trkpt>
      <trkpt lat="42.900664" lon="0.080702">
        <ele>1327.6</ele>
      </trkpt>
      <trkpt lat="42.900677" lon="0.080728">
        <ele>1328.2</ele>
      </trkpt>
      <trkpt lat="42.900684" lon="0.080753">
        <ele>1328.6</ele>
      </trkpt>
      <trkpt lat="42.900692" lon="0.080777">
        <ele>1329.0</ele>
      </trkpt>
      <trkpt lat="42.900723" lon="0.080867">
        <ele>1329.4</ele>
      </trkpt>
      <trkpt lat="42.900726" lon="0.080893">
        <ele>1329.8</ele>
      </trkpt>
      <trkpt lat="42.900723" lon="0.080919">
        <ele>1330.2</ele>
      </trkpt>
      <trkpt lat="42.900726" lon="0.080947">
        <ele>1330.6</ele>
      </trkpt>
      <trkpt lat="42.90073" lon="0.080975">
        <ele>1331.0</ele>
      </trkpt>
      <trkpt lat="42.900757" lon="0.081053">
        <ele>1331.0</ele>
      </trkpt>
      <trkpt lat="42.900799" lon="0.081156">
        <ele>1331.6</ele>
      </trkpt>
      <trkpt lat="42.900818" lon="0.081179">
        <ele>1332.0</ele>
      </trkpt>
      <trkpt lat="42.900826" lon="0.081211">
        <ele>1332.4</ele>
      </trkpt>
      <trkpt lat="42.900844" lon="0.081228">
        <ele>1332.8</ele>
      </trkpt>
      <trkpt lat="42.900856" lon="0.081252">
        <ele>1333.2</ele>
      </trkpt>
      <trkpt lat="42.900887" lon="0.081347">
        <ele>1333.2</ele>
      </trkpt>
      <trkpt lat="42.900898" lon="0.081396">
        <ele>1333.6</ele>
      </trkpt>
      <trkpt lat="42.900906" lon="0.08142">
        <ele>1334.0</ele>
      </trkpt>
      <trkpt lat="42.900909" lon="0.081448">
        <ele>1334.6</ele>
      </trkpt>
      <trkpt lat="42.900913" lon="0.081474">
        <ele>1335.0</ele>
      </trkpt>
      <trkpt lat="42.900917" lon="0.081502">
        <ele>1335.4</ele>
      </trkpt>
      <trkpt lat="42.900936" lon="0.081646">
        <ele>1335.4</ele>
      </trkpt>
      <trkpt lat="42.900951" lon="0.081729">
        <ele>1335.8</ele>
      </trkpt>
      <trkpt lat="42.900955" lon="0.081759">
        <ele>1336.2</ele>
      </trkpt>
      <trkpt lat="42.900959" lon="0.081788">
        <ele>1336.6</ele>
      </trkpt>
      <trkpt lat="42.900967" lon="0.081817">
        <ele>1337.0</ele>
      </trkpt>
      <trkpt lat="42.90097" lon="0.081845">
        <ele>1337.4</ele>
      </trkpt>
      <trkpt lat="42.900978" lon="0.081874">
        <ele>1337.4</ele>
      </trkpt>
      <trkpt lat="42.901001" lon="0.081955">
        <ele>1337.8</ele>
      </trkpt>
      <trkpt lat="42.901012" lon="0.081977">
        <ele>1338.2</ele>
      </trkpt>
      <trkpt lat="42.90102" lon="0.082002">
        <ele>1338.6</ele>
      </trkpt>
      <trkpt lat="42.901027" lon="0.082026">
        <ele>1339.0</ele>
      </trkpt>
      <trkpt lat="42.901039" lon="0.082049">
        <ele>1339.4</ele>
      </trkpt>
      <trkpt lat="42.901047" lon="0.082072">
        <ele>1339.4</ele>
      </trkpt>
      <trkpt lat="42.901096" lon="0.082196">
        <ele>1339.8</ele>
      </trkpt>
      <trkpt lat="42.901108" lon="0.08222">
        <ele>1340.2</ele>
      </trkpt>
      <trkpt lat="42.901119" lon="0.082245">
        <ele>1340.6</ele>
      </trkpt>
      <trkpt lat="42.901131" lon="0.082267">
        <ele>1341.0</ele>
      </trkpt>
      <trkpt lat="42.901142" lon="0.082289">
        <ele>1341.4</ele>
      </trkpt>
      <trkpt lat="42.901154" lon="0.082312">
        <ele>1341.4</ele>
      </trkpt>
      <trkpt lat="42.901234" lon="0.082442">
        <ele>1342.0</ele>
      </trkpt>
      <trkpt lat="42.901245" lon="0.082463">
        <ele>1342.4</ele>
      </trkpt>
      <trkpt lat="42.901257" lon="0.082487">
        <ele>1342.8</ele>
      </trkpt>
      <trkpt lat="42.901272" lon="0.082507">
        <ele>1343.2</ele>
      </trkpt>
      <trkpt lat="42.901283" lon="0.082527">
        <ele>1343.8</ele>
      </trkpt>
      <trkpt lat="42.901382" lon="0.082701">
        <ele>1344.2</ele>
      </trkpt>
      <trkpt lat="42.901394" lon="0.082723">
        <ele>1344.6</ele>
      </trkpt>
      <trkpt lat="42.901404" lon="0.082745">
        <ele>1345.0</ele>
      </trkpt>
      <trkpt lat="42.901417" lon="0.082768">
        <ele>1345.6</ele>
      </trkpt>
      <trkpt lat="42.901424" lon="0.082791">
        <ele>1346.0</ele>
      </trkpt>
      <trkpt lat="42.901485" lon="0.082932">
        <ele>1346.4</ele>
      </trkpt>
      <trkpt lat="42.901493" lon="0.082955">
        <ele>1347.0</ele>
      </trkpt>
      <trkpt lat="42.901505" lon="0.082977">
        <ele>1347.4</ele>
      </trkpt>
      <trkpt lat="42.901516" lon="0.082995">
        <ele>1347.8</ele>
      </trkpt>
      <trkpt lat="42.901527" lon="0.083013">
        <ele>1348.2</ele>
      </trkpt>
      <trkpt lat="42.901531" lon="0.083035">
        <ele>1348.2</ele>
      </trkpt>
      <trkpt lat="42.901554" lon="0.083104">
        <ele>1348.2</ele>
      </trkpt>
      <trkpt lat="42.901581" lon="0.083196">
        <ele>1348.8</ele>
      </trkpt>
      <trkpt lat="42.901587" lon="0.083226">
        <ele>1349.2</ele>
      </trkpt>
      <trkpt lat="42.901596" lon="0.08326">
        <ele>1349.8</ele>
      </trkpt>
      <trkpt lat="42.901604" lon="0.083293">
        <ele>1350.2</ele>
      </trkpt>
      <trkpt lat="42.901611" lon="0.083326">
        <ele>1350.8</ele>
      </trkpt>
      <trkpt lat="42.901615" lon="0.083358">
        <ele>1350.8</ele>
      </trkpt>
      <trkpt lat="42.901623" lon="0.083547">
        <ele>1351.2</ele>
      </trkpt>
      <trkpt lat="42.901618" lon="0.083575">
        <ele>1351.2</ele>
      </trkpt>
      <trkpt lat="42.901615" lon="0.083603">
        <ele>1351.6</ele>
      </trkpt>
      <trkpt lat="42.901611" lon="0.083631">
        <ele>1352.6</ele>
      </trkpt>
      <trkpt lat="42.901611" lon="0.083659">
        <ele>1353.0</ele>
      </trkpt>
      <trkpt lat="42.901604" lon="0.083859">
        <ele>1353.4</ele>
      </trkpt>
      <trkpt lat="42.901608" lon="0.083885">
        <ele>1353.8</ele>
      </trkpt>
      <trkpt lat="42.901608" lon="0.083911">
        <ele>1354.2</ele>
      </trkpt>
      <trkpt lat="42.901608" lon="0.083937">
        <ele>1354.6</ele>
      </trkpt>
      <trkpt lat="42.901611" lon="0.083964">
        <ele>1355.2</ele>
      </trkpt>
      <trkpt lat="42.901623" lon="0.084163">
        <ele>1355.6</ele>
      </trkpt>
      <trkpt lat="42.901627" lon="0.084194">
        <ele>1356.0</ele>
      </trkpt>
      <trkpt lat="42.90163" lon="0.084225">
        <ele>1356.4</ele>
      </trkpt>
      <trkpt lat="42.901634" lon="0.084255">
        <ele>1356.8</ele>
      </trkpt>
      <trkpt lat="42.901642" lon="0.084284">
        <ele>1357.2</ele>
      </trkpt>
      <trkpt lat="42.901672" lon="0.084434">
        <ele>1357.6</ele>
      </trkpt>
      <trkpt lat="42.90168" lon="0.084462">
        <ele>1358.0</ele>
      </trkpt>
      <trkpt lat="42.901684" lon="0.08449">
        <ele>1358.4</ele>
      </trkpt>
      <trkpt lat="42.901691" lon="0.084519">
        <ele>1358.8</ele>
      </trkpt>
      <trkpt lat="42.901694" lon="0.084549">
        <ele>1359.2</ele>
      </trkpt>
      <trkpt lat="42.901722" lon="0.08472">
        <ele>1359.2</ele>
      </trkpt>
      <trkpt lat="42.901733" lon="0.084806">
        <ele>1359.8</ele>
      </trkpt>
      <trkpt lat="42.901737" lon="0.084836">
        <ele>1360.2</ele>
      </trkpt>
      <trkpt lat="42.901737" lon="0.084865">
        <ele>1360.6</ele>
      </trkpt>
      <trkpt lat="42.901737" lon="0.084895">
        <ele>1361.2</ele>
      </trkpt>
      <trkpt lat="42.901741" lon="0.084924">
        <ele>1361.6</ele>
      </trkpt>
      <trkpt lat="42.901745" lon="0.084983">
        <ele>1361.6</ele>
      </trkpt>
      <trkpt lat="42.901749" lon="0.085041">
        <ele>1362.0</ele>
      </trkpt>
      <trkpt lat="42.901752" lon="0.08507">
        <ele>1362.4</ele>
      </trkpt>
      <trkpt lat="42.901756" lon="0.0851">
        <ele>1362.8</ele>
      </trkpt>
      <trkpt lat="42.90176" lon="0.085129">
        <ele>1363.2</ele>
      </trkpt>
      <trkpt lat="42.90176" lon="0.085159">
        <ele>1363.8</ele>
      </trkpt>
      <trkpt lat="42.901764" lon="0.085246">
        <ele>1363.8</ele>
      </trkpt>
      <trkpt lat="42.901779" lon="0.085361">
        <ele>1364.2</ele>
      </trkpt>
      <trkpt lat="42.901787" lon="0.085389">
        <ele>1364.6</ele>
      </trkpt>
      <trkpt lat="42.901794" lon="0.085417">
        <ele>1365.0</ele>
      </trkpt>
      <trkpt lat="42.901802" lon="0.085444">
        <ele>1365.4</ele>
      </trkpt>
      <trkpt lat="42.90181" lon="0.085472">
        <ele>1366.0</ele>
      </trkpt>
      <trkpt lat="42.901848" lon="0.085604">
        <ele>1366.0</ele>
      </trkpt>
      <trkpt lat="42.901855" lon="0.08566">
        <ele>1366.4</ele>
      </trkpt>
      <trkpt lat="42.901855" lon="0.085687">
        <ele>1366.8</ele>
      </trkpt>
      <trkpt lat="42.901859" lon="0.085715">
        <ele>1367.2</ele>
      </trkpt>
      <trkpt lat="42.901867" lon="0.085743">
        <ele>1367.6</ele>
      </trkpt>
      <trkpt lat="42.901871" lon="0.085774">
        <ele>1368.0</ele>
      </trkpt>
      <trkpt lat="42.901871" lon="0.085805">
        <ele>1368.0</ele>
      </trkpt>
      <trkpt lat="42.901874" lon="0.085975">
        <ele>1368.6</ele>
      </trkpt>
      <trkpt lat="42.901874" lon="0.08601">
        <ele>1369.0</ele>
      </trkpt>
      <trkpt lat="42.901871" lon="0.086044">
        <ele>1369.4</ele>
      </trkpt>
      <trkpt lat="42.901874" lon="0.086079">
        <ele>1369.8</ele>
      </trkpt>
      <trkpt lat="42.901874" lon="0.086115">
        <ele>1370.2</ele>
      </trkpt>
      <trkpt lat="42.901878" lon="0.08626">
        <ele>1370.2</ele>
      </trkpt>
      <trkpt lat="42.901894" lon="0.086399">
        <ele>1370.8</ele>
      </trkpt>
      <trkpt lat="42.901897" lon="0.08643">
        <ele>1371.2</ele>
      </trkpt>
      <trkpt lat="42.901901" lon="0.086464">
        <ele>1371.6</ele>
      </trkpt>
      <trkpt lat="42.901905" lon="0.086497">
        <ele>1372.2</ele>
      </trkpt>
      <trkpt lat="42.901909" lon="0.086527">
        <ele>1372.6</ele>
      </trkpt>
      <trkpt lat="42.901913" lon="0.08656">
        <ele>1372.6</ele>
      </trkpt>
      <trkpt lat="42.901928" lon="0.086717">
        <ele>1373.0</ele>
      </trkpt>
      <trkpt lat="42.901932" lon="0.086751">
        <ele>1373.4</ele>
      </trkpt>
      <trkpt lat="42.901936" lon="0.086786">
        <ele>1373.8</ele>
      </trkpt>
      <trkpt lat="42.901939" lon="0.086818">
        <ele>1374.2</ele>
      </trkpt>
      <trkpt lat="42.901947" lon="0.086853">
        <ele>1374.6</ele>
      </trkpt>
      <trkpt lat="42.901966" lon="0.086955">
        <ele>1374.6</ele>
      </trkpt>
      <trkpt lat="42.90202" lon="0.087122">
        <ele>1375.0</ele>
      </trkpt>
      <trkpt lat="42.902031" lon="0.087151">
        <ele>1375.6</ele>
      </trkpt>
      <trkpt lat="42.902039" lon="0.087183">
        <ele>1376.0</ele>
      </trkpt>
      <trkpt lat="42.902046" lon="0.087212">
        <ele>1376.4</ele>
      </trkpt>
      <trkpt lat="42.902054" lon="0.087243">
        <ele>1376.8</ele>
      </trkpt>
      <trkpt lat="42.902138" lon="0.087567">
        <ele>1376.8</ele>
      </trkpt>
      <trkpt lat="42.902229" lon="0.087859">
        <ele>1376.8</ele>
      </trkpt>
      <trkpt lat="42.902248" lon="0.087935">
        <ele>1377.2</ele>
      </trkpt>
      <trkpt lat="42.90226" lon="0.087973">
        <ele>1377.6</ele>
      </trkpt>
      <trkpt lat="42.902271" lon="0.088014">
        <ele>1378.2</ele>
      </trkpt>
      <trkpt lat="42.902283" lon="0.088053">
        <ele>1378.6</ele>
      </trkpt>
      <trkpt lat="42.90229" lon="0.088097">
        <ele>1379.0</ele>
      </trkpt>
      <trkpt lat="42.902348" lon="0.088355">
        <ele>1379.0</ele>
      </trkpt>
      <trkpt lat="42.902434" lon="0.088717">
        <ele>1379.0</ele>
      </trkpt>
      <trkpt lat="42.902489" lon="0.088941">
        <ele>1379.0</ele>
      </trkpt>
      <trkpt lat="42.902546" lon="0.089167">
        <ele>1379.0</ele>
      </trkpt>
      <trkpt lat="42.902557" lon="0.089215">
        <ele>1379.4</ele>
      </trkpt>
      <trkpt lat="42.902569" lon="0.089261">
        <ele>1380.0</ele>
      </trkpt>
      <trkpt lat="42.90258" lon="0.089311">
        <ele>1380.4</ele>
      </trkpt>
      <trkpt lat="42.902592" lon="0.08936">
        <ele>1380.8</ele>
      </trkpt>
      <trkpt lat="42.902607" lon="0.089409">
        <ele>1381.2</ele>
      </trkpt>
      <trkpt lat="42.902695" lon="0.089754">
        <ele>1381.2</ele>
      </trkpt>
      <trkpt lat="42.902771" lon="0.090104">
        <ele>1381.8</ele>
      </trkpt>
      <trkpt lat="42.902771" lon="0.090154">
        <ele>1382.2</ele>
      </trkpt>
      <trkpt lat="42.902775" lon="0.090203">
        <ele>1382.6</ele>
      </trkpt>
      <trkpt lat="42.902771" lon="0.090253">
        <ele>1383.2</ele>
      </trkpt>
      <trkpt lat="42.902767" lon="0.0903">
        <ele>1383.6</ele>
      </trkpt>
      <trkpt lat="42.902752" lon="0.090431">
        <ele>1383.6</ele>
      </trkpt>
      <trkpt lat="42.902748" lon="0.090473">
        <ele>1384.0</ele>
      </trkpt>
      <trkpt lat="42.90274" lon="0.090514">
        <ele>1384.4</ele>
      </trkpt>
      <trkpt lat="42.902737" lon="0.090555">
        <ele>1384.8</ele>
      </trkpt>
      <trkpt lat="42.902729" lon="0.090598">
        <ele>1385.2</ele>
      </trkpt>
      <trkpt lat="42.902724" lon="0.09064">
        <ele>1385.6</ele>
      </trkpt>
      <trkpt lat="42.902702" lon="0.09091">
        <ele>1385.6</ele>
      </trkpt>
      <trkpt lat="42.902699" lon="0.090955">
        <ele>1386.0</ele>
      </trkpt>
      <trkpt lat="42.902699" lon="0.091">
        <ele>1386.4</ele>
      </trkpt>
      <trkpt lat="42.902695" lon="0.091043">
        <ele>1386.8</ele>
      </trkpt>
      <trkpt lat="42.902695" lon="0.091084">
        <ele>1387.2</ele>
      </trkpt>
      <trkpt lat="42.902695" lon="0.091124">
        <ele>1387.6</ele>
      </trkpt>
      <trkpt lat="42.90271" lon="0.09132">
        <ele>1387.6</ele>
      </trkpt>
      <trkpt lat="42.902729" lon="0.091433">
        <ele>1388.2</ele>
      </trkpt>
      <trkpt lat="42.902733" lon="0.091471">
        <ele>1388.6</ele>
      </trkpt>
      <trkpt lat="42.90274" lon="0.091508">
        <ele>1389.2</ele>
      </trkpt>
      <trkpt lat="42.902748" lon="0.091547">
        <ele>1389.6</ele>
      </trkpt>
      <trkpt lat="42.902755" lon="0.091584">
        <ele>1390.2</ele>
      </trkpt>
      <trkpt lat="42.902798" lon="0.091764">
        <ele>1390.2</ele>
      </trkpt>
      <trkpt lat="42.902817" lon="0.091836">
        <ele>1390.6</ele>
      </trkpt>
      <trkpt lat="42.902824" lon="0.091873">
        <ele>1391.0</ele>
      </trkpt>
      <trkpt lat="42.902831" lon="0.091909">
        <ele>1391.6</ele>
      </trkpt>
      <trkpt lat="42.90284" lon="0.091945">
        <ele>1392.0</ele>
      </trkpt>
      <trkpt lat="42.902851" lon="0.091982">
        <ele>1392.4</ele>
      </trkpt>
      <trkpt lat="42.902859" lon="0.092019">
        <ele>1392.4</ele>
      </trkpt>
      <trkpt lat="42.902916" lon="0.092243">
        <ele>1393.0</ele>
      </trkpt>
      <trkpt lat="42.902924" lon="0.09228">
        <ele>1393.4</ele>
      </trkpt>
      <trkpt lat="42.902935" lon="0.092319">
        <ele>1393.8</ele>
      </trkpt>
      <trkpt lat="42.902946" lon="0.092355">
        <ele>1394.4</ele>
      </trkpt>
      <trkpt lat="42.902954" lon="0.092395">
        <ele>1394.8</ele>
      </trkpt>
      <trkpt lat="42.903046" lon="0.092794">
        <ele>1394.8</ele>
      </trkpt>
      <trkpt lat="42.903069" lon="0.092908">
        <ele>1395.2</ele>
      </trkpt>
      <trkpt lat="42.903072" lon="0.092947">
        <ele>1395.6</ele>
      </trkpt>
      <trkpt lat="42.90308" lon="0.092985">
        <ele>1396.0</ele>
      </trkpt>
      <trkpt lat="42.903084" lon="0.093025">
        <ele>1396.4</ele>
      </trkpt>
      <trkpt lat="42.903091" lon="0.093063">
        <ele>1396.8</ele>
      </trkpt>
      <trkpt lat="42.903122" lon="0.093225">
        <ele>1396.8</ele>
      </trkpt>
      <trkpt lat="42.903183" lon="0.093548">
        <ele>1397.2</ele>
      </trkpt>
      <trkpt lat="42.903191" lon="0.093587">
        <ele>1397.6</ele>
      </trkpt>
      <trkpt lat="42.903198" lon="0.093625">
        <ele>1398.0</ele>
      </trkpt>
      <trkpt lat="42.903206" lon="0.093664">
        <ele>1398.4</ele>
      </trkpt>
      <trkpt lat="42.903214" lon="0.093704">
        <ele>1398.8</ele>
      </trkpt>
      <trkpt lat="42.903282" lon="0.094067">
        <ele>1398.8</ele>
      </trkpt>
      <trkpt lat="42.903301" lon="0.094185">
        <ele>1399.2</ele>
      </trkpt>
      <trkpt lat="42.903305" lon="0.094225">
        <ele>1399.8</ele>
      </trkpt>
      <trkpt lat="42.903309" lon="0.094264">
        <ele>1400.2</ele>
      </trkpt>
      <trkpt lat="42.903309" lon="0.094303">
        <ele>1400.6</ele>
      </trkpt>
      <trkpt lat="42.903309" lon="0.094342">
        <ele>1401.0</ele>
      </trkpt>
      <trkpt lat="42.903313" lon="0.094419">
        <ele>1401.0</ele>
      </trkpt>
      <trkpt lat="42.903314" lon="0.094441">
        <ele>1432.0</ele>
      </trkpt>
      <trkpt lat="42.90332" lon="0.094652">
        <ele>1401.4</ele>
      </trkpt>
      <trkpt lat="42.903324" lon="0.094691">
        <ele>1401.8</ele>
      </trkpt>
      <trkpt lat="42.903328" lon="0.09473">
        <ele>1402.2</ele>
      </trkpt>
      <trkpt lat="42.903328" lon="0.094769">
        <ele>1402.8</ele>
      </trkpt>
      <trkpt lat="42.903332" lon="0.09481">
        <ele>1403.2</ele>
      </trkpt>
      <trkpt lat="42.903332" lon="0.09485">
        <ele>1403.2</ele>
      </trkpt>
      <trkpt lat="42.903339" lon="0.095008">
        <ele>1403.2</ele>
      </trkpt>
      <trkpt lat="42.903343" lon="0.09513">
        <ele>1403.6</ele>
      </trkpt>
      <trkpt lat="42.903343" lon="0.095175">
        <ele>1404.0</ele>
      </trkpt>
      <trkpt lat="42.903346" lon="0.095219">
        <ele>1404.4</ele>
      </trkpt>
      <trkpt lat="42.903346" lon="0.095261">
        <ele>1405.0</ele>
      </trkpt>
      <trkpt lat="42.903346" lon="0.095304">
        <ele>1405.4</ele>
      </trkpt>
      <trkpt lat="42.903351" lon="0.095588">
        <ele>1405.8</ele>
      </trkpt>
      <trkpt lat="42.903351" lon="0.095629">
        <ele>1406.2</ele>
      </trkpt>
      <trkpt lat="42.903351" lon="0.09567">
        <ele>1406.6</ele>
      </trkpt>
      <trkpt lat="42.903355" lon="0.095713">
        <ele>1407.0</ele>
      </trkpt>
      <trkpt lat="42.903355" lon="0.095755">
        <ele>1407.4</ele>
      </trkpt>
      <trkpt lat="42.903355" lon="0.096079">
        <ele>1407.8</ele>
      </trkpt>
      <trkpt lat="42.903355" lon="0.096118">
        <ele>1408.2</ele>
      </trkpt>
      <trkpt lat="42.903355" lon="0.096157">
        <ele>1408.6</ele>
      </trkpt>
      <trkpt lat="42.903358" lon="0.096196">
        <ele>1409.0</ele>
      </trkpt>
      <trkpt lat="42.903358" lon="0.096235">
        <ele>1409.4</ele>
      </trkpt>
      <trkpt lat="42.903377" lon="0.096575">
        <ele>1409.4</ele>
      </trkpt>
      <trkpt lat="42.903377" lon="0.096611">
        <ele>1409.8</ele>
      </trkpt>
      <trkpt lat="42.903381" lon="0.096647">
        <ele>1410.4</ele>
      </trkpt>
      <trkpt lat="42.903385" lon="0.096683">
        <ele>1410.8</ele>
      </trkpt>
      <trkpt lat="42.903393" lon="0.096719">
        <ele>1411.2</ele>
      </trkpt>
      <trkpt lat="42.903393" lon="0.096756">
        <ele>1411.6</ele>
      </trkpt>
      <trkpt lat="42.9034" lon="0.096898">
        <ele>1411.6</ele>
      </trkpt>
      <trkpt lat="42.9034" lon="0.096971">
        <ele>1412.0</ele>
      </trkpt>
      <trkpt lat="42.903397" lon="0.097007">
        <ele>1412.6</ele>
      </trkpt>
      <trkpt lat="42.903397" lon="0.097045">
        <ele>1413.0</ele>
      </trkpt>
      <trkpt lat="42.903397" lon="0.097083">
        <ele>1413.4</ele>
      </trkpt>
      <trkpt lat="42.903397" lon="0.09712">
        <ele>1413.8</ele>
      </trkpt>
      <trkpt lat="42.903412" lon="0.097415">
        <ele>1413.8</ele>
      </trkpt>
      <trkpt lat="42.903416" lon="0.097451">
        <ele>1414.2</ele>
      </trkpt>
      <trkpt lat="42.903419" lon="0.097488">
        <ele>1414.6</ele>
      </trkpt>
      <trkpt lat="42.903427" lon="0.097525">
        <ele>1415.0</ele>
      </trkpt>
      <trkpt lat="42.903431" lon="0.097562">
        <ele>1415.4</ele>
      </trkpt>
      <trkpt lat="42.903435" lon="0.0976">
        <ele>1415.8</ele>
      </trkpt>
      <trkpt lat="42.903442" lon="0.097674">
        <ele>1415.8</ele>
      </trkpt>
      <trkpt lat="42.903469" lon="0.098006">
        <ele>1416.2</ele>
      </trkpt>
      <trkpt lat="42.903477" lon="0.098043">
        <ele>1416.6</ele>
      </trkpt>
      <trkpt lat="42.903481" lon="0.098081">
        <ele>1417.0</ele>
      </trkpt>
      <trkpt lat="42.903484" lon="0.098119">
        <ele>1417.6</ele>
      </trkpt>
      <trkpt lat="42.903492" lon="0.098155">
        <ele>1418.0</ele>
      </trkpt>
      <trkpt lat="42.903515" lon="0.098348">
        <ele>1418.0</ele>
      </trkpt>
      <trkpt lat="42.903522" lon="0.098459">
        <ele>1418.4</ele>
      </trkpt>
      <trkpt lat="42.903526" lon="0.098496">
        <ele>1418.8</ele>
      </trkpt>
      <trkpt lat="42.903534" lon="0.098565">
        <ele>1419.6</ele>
      </trkpt>
      <trkpt lat="42.903538" lon="0.098599">
        <ele>1420.0</ele>
      </trkpt>
      <trkpt lat="42.903549" lon="0.098761">
        <ele>1420.4</ele>
      </trkpt>
      <trkpt lat="42.903553" lon="0.098793">
        <ele>1420.8</ele>
      </trkpt>
      <trkpt lat="42.903553" lon="0.098824">
        <ele>1421.4</ele>
      </trkpt>
      <trkpt lat="42.903557" lon="0.098854">
        <ele>1421.8</ele>
      </trkpt>
      <trkpt lat="42.903557" lon="0.098886">
        <ele>1422.2</ele>
      </trkpt>
      <trkpt lat="42.903568" lon="0.099038">
        <ele>1422.2</ele>
      </trkpt>
      <trkpt lat="42.903571" lon="0.099101">
        <ele>1422.6</ele>
      </trkpt>
      <trkpt lat="42.903571" lon="0.099131">
        <ele>1423.0</ele>
      </trkpt>
      <trkpt lat="42.903576" lon="0.099161">
        <ele>1423.4</ele>
      </trkpt>
      <trkpt lat="42.90358" lon="0.099189">
        <ele>1423.8</ele>
      </trkpt>
      <trkpt lat="42.903584" lon="0.099217">
        <ele>1424.4</ele>
      </trkpt>
      <trkpt lat="42.903587" lon="0.099245">
        <ele>1424.4</ele>
      </trkpt>
      <trkpt lat="42.903599" lon="0.099387">
        <ele>1424.8</ele>
      </trkpt>
      <trkpt lat="42.903602" lon="0.099417">
        <ele>1425.2</ele>
      </trkpt>
      <trkpt lat="42.903602" lon="0.099446">
        <ele>1425.6</ele>
      </trkpt>
      <trkpt lat="42.903606" lon="0.099476">
        <ele>1426.0</ele>
      </trkpt>
      <trkpt lat="42.903606" lon="0.099506">
        <ele>1426.6</ele>
      </trkpt>
      <trkpt lat="42.903606" lon="0.099685">
        <ele>1427.0</ele>
      </trkpt>
      <trkpt lat="42.903606" lon="0.099715">
        <ele>1427.4</ele>
      </trkpt>
      <trkpt lat="42.903602" lon="0.099743">
        <ele>1427.8</ele>
      </trkpt>
      <trkpt lat="42.903602" lon="0.099772">
        <ele>1428.2</ele>
      </trkpt>
      <trkpt lat="42.903602" lon="0.099801">
        <ele>1428.6</ele>
      </trkpt>
      <trkpt lat="42.903595" lon="0.099916">
        <ele>1429.0</ele>
      </trkpt>
      <trkpt lat="42.903591" lon="0.099944">
        <ele>1429.4</ele>
      </trkpt>
      <trkpt lat="42.903584" lon="0.099971">
        <ele>1430.0</ele>
      </trkpt>
      <trkpt lat="42.90358" lon="0.099999">
        <ele>1430.4</ele>
      </trkpt>
      <trkpt lat="42.903571" lon="0.100029">
        <ele>1430.8</ele>
      </trkpt>
      <trkpt lat="42.903515" lon="0.100207">
        <ele>1431.2</ele>
      </trkpt>
      <trkpt lat="42.9035" lon="0.100232">
        <ele>1431.6</ele>
      </trkpt>
      <trkpt lat="42.903484" lon="0.100259">
        <ele>1432.0</ele>
      </trkpt>
      <trkpt lat="42.903469" lon="0.100282">
        <ele>1432.6</ele>
      </trkpt>
      <trkpt lat="42.90345" lon="0.100305">
        <ele>1433.0</ele>
      </trkpt>
      <trkpt lat="42.903385" lon="0.100396">
        <ele>1433.4</ele>
      </trkpt>
      <trkpt lat="42.903366" lon="0.100419">
        <ele>1433.8</ele>
      </trkpt>
      <trkpt lat="42.903351" lon="0.100445">
        <ele>1434.4</ele>
      </trkpt>
      <trkpt lat="42.903336" lon="0.10047">
        <ele>1434.8</ele>
      </trkpt>
      <trkpt lat="42.90332" lon="0.100497">
        <ele>1435.2</ele>
      </trkpt>
      <trkpt lat="42.903263" lon="0.100677">
        <ele>1435.2</ele>
      </trkpt>
      <trkpt lat="42.903259" lon="0.100712">
        <ele>1435.8</ele>
      </trkpt>
      <trkpt lat="42.903255" lon="0.100747">
        <ele>1436.2</ele>
      </trkpt>
      <trkpt lat="42.903252" lon="0.100784">
        <ele>1436.6</ele>
      </trkpt>
      <trkpt lat="42.903252" lon="0.100822">
        <ele>1437.0</ele>
      </trkpt>
      <trkpt lat="42.903252" lon="0.100859">
        <ele>1437.4</ele>
      </trkpt>
      <trkpt lat="42.903255" lon="0.100972">
        <ele>1437.4</ele>
      </trkpt>
      <trkpt lat="42.903297" lon="0.101282">
        <ele>1437.4</ele>
      </trkpt>
      <trkpt lat="42.903313" lon="0.101368">
        <ele>1437.8</ele>
      </trkpt>
      <trkpt lat="42.90332" lon="0.101411">
        <ele>1438.2</ele>
      </trkpt>
      <trkpt lat="42.903328" lon="0.101454">
        <ele>1438.6</ele>
      </trkpt>
      <trkpt lat="42.903336" lon="0.101499">
        <ele>1439.0</ele>
      </trkpt>
      <trkpt lat="42.903339" lon="0.101545">
        <ele>1439.4</ele>
      </trkpt>
      <trkpt lat="42.903381" lon="0.101851">
        <ele>1439.4</ele>
      </trkpt>
      <trkpt lat="42.903404" lon="0.102013">
        <ele>1439.8</ele>
      </trkpt>
      <trkpt lat="42.903412" lon="0.102054">
        <ele>1440.2</ele>
      </trkpt>
      <trkpt lat="42.903419" lon="0.102095">
        <ele>1440.6</ele>
      </trkpt>
      <trkpt lat="42.903422" lon="0.102135">
        <ele>1441.0</ele>
      </trkpt>
      <trkpt lat="42.903431" lon="0.102176">
        <ele>1441.4</ele>
      </trkpt>
      <trkpt lat="42.903446" lon="0.102338">
        <ele>1441.8</ele>
      </trkpt>
      <trkpt lat="42.90345" lon="0.102377">
        <ele>1442.2</ele>
      </trkpt>
      <trkpt lat="42.903454" lon="0.102418">
        <ele>1442.6</ele>
      </trkpt>
      <trkpt lat="42.903458" lon="0.102456">
        <ele>1443.0</ele>
      </trkpt>
      <trkpt lat="42.903461" lon="0.102493">
        <ele>1443.4</ele>
      </trkpt>
      <trkpt lat="42.903495" lon="0.102677">
        <ele>1443.4</ele>
      </trkpt>
      <trkpt lat="42.903507" lon="0.102716">
        <ele>1443.8</ele>
      </trkpt>
      <trkpt lat="42.903519" lon="0.102754">
        <ele>1444.2</ele>
      </trkpt>
      <trkpt lat="42.90353" lon="0.102792">
        <ele>1444.6</ele>
      </trkpt>
      <trkpt lat="42.903545" lon="0.102829">
        <ele>1445.0</ele>
      </trkpt>
      <trkpt lat="42.903564" lon="0.102866">
        <ele>1445.4</ele>
      </trkpt>
      <trkpt lat="42.903629" lon="0.103014">
        <ele>1445.4</ele>
      </trkpt>
      <trkpt lat="42.903664" lon="0.103088">
        <ele>1446.0</ele>
      </trkpt>
      <trkpt lat="42.903678" lon="0.103123">
        <ele>1446.4</ele>
      </trkpt>
      <trkpt lat="42.903698" lon="0.103159">
        <ele>1446.8</ele>
      </trkpt>
      <trkpt lat="42.903717" lon="0.103192">
        <ele>1447.2</ele>
      </trkpt>
      <trkpt lat="42.903732" lon="0.103226">
        <ele>1447.6</ele>
      </trkpt>
      <trkpt lat="42.903824" lon="0.10338">
        <ele>1448.0</ele>
      </trkpt>
      <trkpt lat="42.903843" lon="0.103406">
        <ele>1448.4</ele>
      </trkpt>
      <trkpt lat="42.903861" lon="0.103434">
        <ele>1448.8</ele>
      </trkpt>
      <trkpt lat="42.903885" lon="0.103462">
        <ele>1449.4</ele>
      </trkpt>
      <trkpt lat="42.903908" lon="0.103487">
        <ele>1449.8</ele>
      </trkpt>
      <trkpt lat="42.904095" lon="0.103642">
        <ele>1449.8</ele>
      </trkpt>
      <trkpt lat="42.904152" lon="0.103669">
        <ele>1450.2</ele>
      </trkpt>
      <trkpt lat="42.904179" lon="0.103677">
        <ele>1450.8</ele>
      </trkpt>
      <trkpt lat="42.904209" lon="0.103681">
        <ele>1451.2</ele>
      </trkpt>
      <trkpt lat="42.904236" lon="0.103682">
        <ele>1451.6</ele>
      </trkpt>
      <trkpt lat="42.904266" lon="0.103678">
        <ele>1452.2</ele>
      </trkpt>
      <trkpt lat="42.904461" lon="0.103553">
        <ele>1452.2</ele>
      </trkpt>
      <trkpt lat="42.904663" lon="0.1033">
        <ele>1452.6</ele>
      </trkpt>
      <trkpt lat="42.90469" lon="0.10327">
        <ele>1453.0</ele>
      </trkpt>
      <trkpt lat="42.904713" lon="0.103241">
        <ele>1453.4</ele>
      </trkpt>
      <trkpt lat="42.904736" lon="0.103212">
        <ele>1454.0</ele>
      </trkpt>
      <trkpt lat="42.904762" lon="0.103185">
        <ele>1454.4</ele>
      </trkpt>
      <trkpt lat="42.90485" lon="0.103077">
        <ele>1454.8</ele>
      </trkpt>
      <trkpt lat="42.904873" lon="0.103051">
        <ele>1455.2</ele>
      </trkpt>
      <trkpt lat="42.904896" lon="0.103026">
        <ele>1455.6</ele>
      </trkpt>
      <trkpt lat="42.904919" lon="0.103002">
        <ele>1456.2</ele>
      </trkpt>
      <trkpt lat="42.904945" lon="0.102977">
        <ele>1456.6</ele>
      </trkpt>
      <trkpt lat="42.905029" lon="0.102869">
        <ele>1457.0</ele>
      </trkpt>
      <trkpt lat="42.905048" lon="0.102842">
        <ele>1457.4</ele>
      </trkpt>
      <trkpt lat="42.905067" lon="0.102816">
        <ele>1457.8</ele>
      </trkpt>
      <trkpt lat="42.90509" lon="0.10279">
        <ele>1458.2</ele>
      </trkpt>
      <trkpt lat="42.905109" lon="0.102767">
        <ele>1458.6</ele>
      </trkpt>
      <trkpt lat="42.905212" lon="0.10261">
        <ele>1459.2</ele>
      </trkpt>
      <trkpt lat="42.905228" lon="0.102579">
        <ele>1459.6</ele>
      </trkpt>
      <trkpt lat="42.905239" lon="0.102548">
        <ele>1460.0</ele>
      </trkpt>
      <trkpt lat="42.905247" lon="0.102517">
        <ele>1460.4</ele>
      </trkpt>
      <trkpt lat="42.905258" lon="0.102485">
        <ele>1460.8</ele>
      </trkpt>
      <trkpt lat="42.905308" lon="0.102342">
        <ele>1461.4</ele>
      </trkpt>
      <trkpt lat="42.905312" lon="0.102314">
        <ele>1461.8</ele>
      </trkpt>
      <trkpt lat="42.905315" lon="0.102282">
        <ele>1462.2</ele>
      </trkpt>
      <trkpt lat="42.905319" lon="0.102252">
        <ele>1462.6</ele>
      </trkpt>
      <trkpt lat="42.905319" lon="0.102223">
        <ele>1463.2</ele>
      </trkpt>
      <trkpt lat="42.905323" lon="0.102128">
        <ele>1463.2</ele>
      </trkpt>
      <trkpt lat="42.905315" lon="0.101904">
        <ele>1463.6</ele>
      </trkpt>
      <trkpt lat="42.905315" lon="0.101873">
        <ele>1464.0</ele>
      </trkpt>
      <trkpt lat="42.905319" lon="0.101841">
        <ele>1464.4</ele>
      </trkpt>
      <trkpt lat="42.905319" lon="0.101809">
        <ele>1464.8</ele>
      </trkpt>
      <trkpt lat="42.905323" lon="0.101777">
        <ele>1465.2</ele>
      </trkpt>
      <trkpt lat="42.905346" lon="0.101655">
        <ele>1465.2</ele>
      </trkpt>
      <trkpt lat="42.905373" lon="0.101607">
        <ele>1465.8</ele>
      </trkpt>
      <trkpt lat="42.905388" lon="0.101591">
        <ele>1466.4</ele>
      </trkpt>
      <trkpt lat="42.905406" lon="0.101579">
        <ele>1466.8</ele>
      </trkpt>
      <trkpt lat="42.90543" lon="0.101573">
        <ele>1467.4</ele>
      </trkpt>
      <trkpt lat="42.905453" lon="0.101578">
        <ele>1468.0</ele>
      </trkpt>
      <trkpt lat="42.905525" lon="0.101634">
        <ele>1468.0</ele>
      </trkpt>
      <trkpt lat="42.905571" lon="0.101701">
        <ele>1468.0</ele>
      </trkpt>
      <trkpt lat="42.905613" lon="0.101777">
        <ele>1468.4</ele>
      </trkpt>
      <trkpt lat="42.905632" lon="0.101813">
        <ele>1468.8</ele>
      </trkpt>
      <trkpt lat="42.905643" lon="0.101849">
        <ele>1469.2</ele>
      </trkpt>
      <trkpt lat="42.905655" lon="0.101885">
        <ele>1469.6</ele>
      </trkpt>
      <trkpt lat="42.905662" lon="0.101922">
        <ele>1470.0</ele>
      </trkpt>
      <trkpt lat="42.905674" lon="0.10203">
        <ele>1470.4</ele>
      </trkpt>
      <trkpt lat="42.905678" lon="0.102066">
        <ele>1470.8</ele>
      </trkpt>
      <trkpt lat="42.905678" lon="0.102104">
        <ele>1471.2</ele>
      </trkpt>
      <trkpt lat="42.905682" lon="0.102142">
        <ele>1471.6</ele>
      </trkpt>
      <trkpt lat="42.905682" lon="0.10218">
        <ele>1472.0</ele>
      </trkpt>
      <trkpt lat="42.905685" lon="0.102219">
        <ele>1472.0</ele>
      </trkpt>
      <trkpt lat="42.905682" lon="0.102379">
        <ele>1472.4</ele>
      </trkpt>
      <trkpt lat="42.905682" lon="0.102419">
        <ele>1472.8</ele>
      </trkpt>
      <trkpt lat="42.905678" lon="0.102457">
        <ele>1473.2</ele>
      </trkpt>
      <trkpt lat="42.905678" lon="0.102497">
        <ele>1473.6</ele>
      </trkpt>
      <trkpt lat="42.905674" lon="0.102536">
        <ele>1474.0</ele>
      </trkpt>
      <trkpt lat="42.90567" lon="0.10269">
        <ele>1474.0</ele>
      </trkpt>
      <trkpt lat="42.905665" lon="0.10273">
        <ele>1474.6</ele>
      </trkpt>
      <trkpt lat="42.905662" lon="0.102769">
        <ele>1475.0</ele>
      </trkpt>
      <trkpt lat="42.905662" lon="0.102808">
        <ele>1475.4</ele>
      </trkpt>
      <trkpt lat="42.905659" lon="0.102848">
        <ele>1476.0</ele>
      </trkpt>
      <trkpt lat="42.905655" lon="0.102887">
        <ele>1476.4</ele>
      </trkpt>
      <trkpt lat="42.905636" lon="0.10312">
        <ele>1476.8</ele>
      </trkpt>
      <trkpt lat="42.905632" lon="0.103157">
        <ele>1477.2</ele>
      </trkpt>
      <trkpt lat="42.905628" lon="0.103192">
        <ele>1477.8</ele>
      </trkpt>
      <trkpt lat="42.905624" lon="0.103229">
        <ele>1478.2</ele>
      </trkpt>
      <trkpt lat="42.90562" lon="0.103265">
        <ele>1478.6</ele>
      </trkpt>
      <trkpt lat="42.905589" lon="0.103454">
        <ele>1479.0</ele>
      </trkpt>
      <trkpt lat="42.905582" lon="0.103491">
        <ele>1479.4</ele>
      </trkpt>
      <trkpt lat="42.905571" lon="0.103564">
        <ele>1480.4</ele>
      </trkpt>
      <trkpt lat="42.905563" lon="0.103601">
        <ele>1480.8</ele>
      </trkpt>
      <trkpt lat="42.905552" lon="0.103673">
        <ele>1480.8</ele>
      </trkpt>
      <trkpt lat="42.90551" lon="0.103904">
        <ele>1481.2</ele>
      </trkpt>
      <trkpt lat="42.905502" lon="0.103942">
        <ele>1481.6</ele>
      </trkpt>
      <trkpt lat="42.905479" lon="0.104016">
        <ele>1482.6</ele>
      </trkpt>
      <trkpt lat="42.905464" lon="0.104053">
        <ele>1483.0</ele>
      </trkpt>
      <trkpt lat="42.905399" lon="0.104187">
        <ele>1483.8</ele>
      </trkpt>
      <trkpt lat="42.90538" lon="0.104217">
        <ele>1484.2</ele>
      </trkpt>
      <trkpt lat="42.905357" lon="0.104244">
        <ele>1484.6</ele>
      </trkpt>
      <trkpt lat="42.90533" lon="0.10427">
        <ele>1485.0</ele>
      </trkpt>
      <trkpt lat="42.90522" lon="0.104448">
        <ele>1485.4</ele>
      </trkpt>
      <trkpt lat="42.90522" lon="0.104483">
        <ele>1485.8</ele>
      </trkpt>
      <trkpt lat="42.905228" lon="0.104521">
        <ele>1486.4</ele>
      </trkpt>
      <trkpt lat="42.905243" lon="0.104557">
        <ele>1486.8</ele>
      </trkpt>
      <trkpt lat="42.905262" lon="0.104588">
        <ele>1487.2</ele>
      </trkpt>
      <trkpt lat="42.905384" lon="0.104633">
        <ele>1487.2</ele>
      </trkpt>
      <trkpt lat="42.905518" lon="0.104545">
        <ele>1487.6</ele>
      </trkpt>
      <trkpt lat="42.905544" lon="0.104516">
        <ele>1488.0</ele>
      </trkpt>
      <trkpt lat="42.905571" lon="0.104487">
        <ele>1488.6</ele>
      </trkpt>
      <trkpt lat="42.905617" lon="0.104425">
        <ele>1489.0</ele>
      </trkpt>
      <trkpt lat="42.90564" lon="0.104396">
        <ele>1489.4</ele>
      </trkpt>
      <trkpt lat="42.905682" lon="0.104337">
        <ele>1489.4</ele>
      </trkpt>
      <trkpt lat="42.905697" lon="0.104305">
        <ele>1489.8</ele>
      </trkpt>
      <trkpt lat="42.905716" lon="0.104274">
        <ele>1490.2</ele>
      </trkpt>
      <trkpt lat="42.905735" lon="0.104242">
        <ele>1490.8</ele>
      </trkpt>
      <trkpt lat="42.905754" lon="0.104211">
        <ele>1491.2</ele>
      </trkpt>
      <trkpt lat="42.905773" lon="0.104178">
        <ele>1491.6</ele>
      </trkpt>
      <trkpt lat="42.905823" lon="0.104081">
        <ele>1491.6</ele>
      </trkpt>
      <trkpt lat="42.905876" lon="0.10395">
        <ele>1492.0</ele>
      </trkpt>
      <trkpt lat="42.905888" lon="0.103917">
        <ele>1492.6</ele>
      </trkpt>
      <trkpt lat="42.905903" lon="0.103886">
        <ele>1493.0</ele>
      </trkpt>
      <trkpt lat="42.905918" lon="0.103855">
        <ele>1493.4</ele>
      </trkpt>
      <trkpt lat="42.905933" lon="0.103825">
        <ele>1494.0</ele>
      </trkpt>
      <trkpt lat="42.90601" lon="0.10366">
        <ele>1494.4</ele>
      </trkpt>
      <trkpt lat="42.906025" lon="0.103623">
        <ele>1494.8</ele>
      </trkpt>
      <trkpt lat="42.906036" lon="0.103584">
        <ele>1495.2</ele>
      </trkpt>
      <trkpt lat="42.906052" lon="0.103547">
        <ele>1495.6</ele>
      </trkpt>
      <trkpt lat="42.906063" lon="0.103509">
        <ele>1496.0</ele>
      </trkpt>
      <trkpt lat="42.906139" lon="0.10324">
        <ele>1496.4</ele>
      </trkpt>
      <trkpt lat="42.906151" lon="0.103201">
        <ele>1496.8</ele>
      </trkpt>
      <trkpt lat="42.906162" lon="0.103163">
        <ele>1497.2</ele>
      </trkpt>
      <trkpt lat="42.906178" lon="0.103125">
        <ele>1497.6</ele>
      </trkpt>
      <trkpt lat="42.906189" lon="0.103087">
        <ele>1498.0</ele>
      </trkpt>
      <trkpt lat="42.906319" lon="0.102798">
        <ele>1498.4</ele>
      </trkpt>
      <trkpt lat="42.906329" lon="0.102764">
        <ele>1499.0</ele>
      </trkpt>
      <trkpt lat="42.906345" lon="0.102731">
        <ele>1499.4</ele>
      </trkpt>
      <trkpt lat="42.906357" lon="0.102696">
        <ele>1499.8</ele>
      </trkpt>
      <trkpt lat="42.906372" lon="0.102663">
        <ele>1500.2</ele>
      </trkpt>
      <trkpt lat="42.906399" lon="0.102558">
        <ele>1500.6</ele>
      </trkpt>
      <trkpt lat="42.906403" lon="0.102519">
        <ele>1501.0</ele>
      </trkpt>
      <trkpt lat="42.906403" lon="0.102481">
        <ele>1501.4</ele>
      </trkpt>
      <trkpt lat="42.906405" lon="0.102442">
        <ele>1501.8</ele>
      </trkpt>
      <trkpt lat="42.90641" lon="0.102402">
        <ele>1502.2</ele>
      </trkpt>
      <trkpt lat="42.906418" lon="0.102171">
        <ele>1502.6</ele>
      </trkpt>
      <trkpt lat="42.906418" lon="0.102133">
        <ele>1503.0</ele>
      </trkpt>
      <trkpt lat="42.906418" lon="0.102095">
        <ele>1503.4</ele>
      </trkpt>
      <trkpt lat="42.906418" lon="0.102057">
        <ele>1503.8</ele>
      </trkpt>
      <trkpt lat="42.906422" lon="0.102022">
        <ele>1504.2</ele>
      </trkpt>
      <trkpt lat="42.906441" lon="0.101957">
        <ele>1504.2</ele>
      </trkpt>
      <trkpt lat="42.906512" lon="0.10192">
        <ele>1504.2</ele>
      </trkpt>
      <trkpt lat="42.906536" lon="0.101935">
        <ele>1504.6</ele>
      </trkpt>
      <trkpt lat="42.906551" lon="0.10196">
        <ele>1505.2</ele>
      </trkpt>
      <trkpt lat="42.906567" lon="0.101993">
        <ele>1505.6</ele>
      </trkpt>
      <trkpt lat="42.906578" lon="0.102031">
        <ele>1506.0</ele>
      </trkpt>
      <trkpt lat="42.906586" lon="0.102068">
        <ele>1506.4</ele>
      </trkpt>
      <trkpt lat="42.906582" lon="0.10224">
        <ele>1506.8</ele>
      </trkpt>
      <trkpt lat="42.906578" lon="0.102281">
        <ele>1507.2</ele>
      </trkpt>
      <trkpt lat="42.90657" lon="0.10232">
        <ele>1507.6</ele>
      </trkpt>
      <trkpt lat="42.906563" lon="0.10236">
        <ele>1508.0</ele>
      </trkpt>
      <trkpt lat="42.906555" lon="0.102398">
        <ele>1508.4</ele>
      </trkpt>
      <trkpt lat="42.906528" lon="0.102593">
        <ele>1509.0</ele>
      </trkpt>
      <trkpt lat="42.906521" lon="0.102634">
        <ele>1509.4</ele>
      </trkpt>
      <trkpt lat="42.906517" lon="0.102673">
        <ele>1509.8</ele>
      </trkpt>
      <trkpt lat="42.906512" lon="0.102711">
        <ele>1510.2</ele>
      </trkpt>
      <trkpt lat="42.906509" lon="0.102751">
        <ele>1510.6</ele>
      </trkpt>
      <trkpt lat="42.90649" lon="0.102943">
        <ele>1511.2</ele>
      </trkpt>
      <trkpt lat="42.906483" lon="0.102982">
        <ele>1511.6</ele>
      </trkpt>
      <trkpt lat="42.906479" lon="0.10302">
        <ele>1512.0</ele>
      </trkpt>
      <trkpt lat="42.906475" lon="0.103058">
        <ele>1512.4</ele>
      </trkpt>
      <trkpt lat="42.906467" lon="0.103097">
        <ele>1512.8</ele>
      </trkpt>
      <trkpt lat="42.90646" lon="0.103213">
        <ele>1513.2</ele>
      </trkpt>
      <trkpt lat="42.906456" lon="0.103251">
        <ele>1513.6</ele>
      </trkpt>
      <trkpt lat="42.906448" lon="0.103288">
        <ele>1514.0</ele>
      </trkpt>
      <trkpt lat="42.906445" lon="0.103325">
        <ele>1514.4</ele>
      </trkpt>
      <trkpt lat="42.906441" lon="0.103363">
        <ele>1514.8</ele>
      </trkpt>
      <trkpt lat="42.906436" lon="0.1034">
        <ele>1514.8</ele>
      </trkpt>
      <trkpt lat="42.906405" lon="0.103626">
        <ele>1515.2</ele>
      </trkpt>
      <trkpt lat="42.906405" lon="0.103662">
        <ele>1515.8</ele>
      </trkpt>
      <trkpt lat="42.906403" lon="0.103697">
        <ele>1516.2</ele>
      </trkpt>
      <trkpt lat="42.906395" lon="0.103733">
        <ele>1516.6</ele>
      </trkpt>
      <trkpt lat="42.906395" lon="0.103767">
        <ele>1517.0</ele>
      </trkpt>
      <trkpt lat="42.90638" lon="0.103905">
        <ele>1517.4</ele>
      </trkpt>
      <trkpt lat="42.906376" lon="0.10394">
        <ele>1517.8</ele>
      </trkpt>
      <trkpt lat="42.906376" lon="0.103975">
        <ele>1518.2</ele>
      </trkpt>
      <trkpt lat="42.906372" lon="0.104011">
        <ele>1518.6</ele>
      </trkpt>
      <trkpt lat="42.906372" lon="0.104048">
        <ele>1519.0</ele>
      </trkpt>
      <trkpt lat="42.906368" lon="0.104083">
        <ele>1519.0</ele>
      </trkpt>
      <trkpt lat="42.906334" lon="0.104303">
        <ele>1519.4</ele>
      </trkpt>
      <trkpt lat="42.906329" lon="0.104337">
        <ele>1520.0</ele>
      </trkpt>
      <trkpt lat="42.906326" lon="0.10437">
        <ele>1520.4</ele>
      </trkpt>
      <trkpt lat="42.906322" lon="0.104402">
        <ele>1520.8</ele>
      </trkpt>
      <trkpt lat="42.906315" lon="0.104435">
        <ele>1521.4</ele>
      </trkpt>
      <trkpt lat="42.906307" lon="0.104566">
        <ele>1521.8</ele>
      </trkpt>
      <trkpt lat="42.906303" lon="0.1046">
        <ele>1522.2</ele>
      </trkpt>
      <trkpt lat="42.906303" lon="0.104634">
        <ele>1522.8</ele>
      </trkpt>
      <trkpt lat="42.9063" lon="0.104667">
        <ele>1523.2</ele>
      </trkpt>
      <trkpt lat="42.9063" lon="0.104699">
        <ele>1523.6</ele>
      </trkpt>
      <trkpt lat="42.906296" lon="0.104977">
        <ele>1524.0</ele>
      </trkpt>
      <trkpt lat="42.906296" lon="0.105008">
        <ele>1524.4</ele>
      </trkpt>
      <trkpt lat="42.906296" lon="0.10504">
        <ele>1524.8</ele>
      </trkpt>
      <trkpt lat="42.906296" lon="0.105072">
        <ele>1525.4</ele>
      </trkpt>
      <trkpt lat="42.9063" lon="0.105104">
        <ele>1525.8</ele>
      </trkpt>
      <trkpt lat="42.906303" lon="0.105326">
        <ele>1526.2</ele>
      </trkpt>
      <trkpt lat="42.906303" lon="0.105356">
        <ele>1526.6</ele>
      </trkpt>
      <trkpt lat="42.906303" lon="0.105387">
        <ele>1527.0</ele>
      </trkpt>
      <trkpt lat="42.9063" lon="0.105417">
        <ele>1527.4</ele>
      </trkpt>
      <trkpt lat="42.906296" lon="0.10545">
        <ele>1527.8</ele>
      </trkpt>
      <trkpt lat="42.906246" lon="0.105624">
        <ele>1528.2</ele>
      </trkpt>
      <trkpt lat="42.906235" lon="0.105661">
        <ele>1528.8</ele>
      </trkpt>
      <trkpt lat="42.906223" lon="0.105695">
        <ele>1529.2</ele>
      </trkpt>
      <trkpt lat="42.906208" lon="0.105729">
        <ele>1529.6</ele>
      </trkpt>
      <trkpt lat="42.9062" lon="0.105764">
        <ele>1530.0</ele>
      </trkpt>
      <trkpt lat="42.906166" lon="0.105984">
        <ele>1530.4</ele>
      </trkpt>
      <trkpt lat="42.906166" lon="0.106019">
        <ele>1530.8</ele>
      </trkpt>
      <trkpt lat="42.90617" lon="0.106055">
        <ele>1531.2</ele>
      </trkpt>
      <trkpt lat="42.90617" lon="0.10609">
        <ele>1531.6</ele>
      </trkpt>
      <trkpt lat="42.906178" lon="0.106125">
        <ele>1532.0</ele>
      </trkpt>
      <trkpt lat="42.906208" lon="0.106302">
        <ele>1532.6</ele>
      </trkpt>
      <trkpt lat="42.906216" lon="0.106338">
        <ele>1533.0</ele>
      </trkpt>
      <trkpt lat="42.906223" lon="0.106374">
        <ele>1533.4</ele>
      </trkpt>
      <trkpt lat="42.906231" lon="0.106409">
        <ele>1533.8</ele>
      </trkpt>
      <trkpt lat="42.906239" lon="0.106444">
        <ele>1534.4</ele>
      </trkpt>
      <trkpt lat="42.906277" lon="0.106625">
        <ele>1534.8</ele>
      </trkpt>
      <trkpt lat="42.906288" lon="0.106664">
        <ele>1535.2</ele>
      </trkpt>
      <trkpt lat="42.906296" lon="0.1067">
        <ele>1535.6</ele>
      </trkpt>
      <trkpt lat="42.9063" lon="0.106736">
        <ele>1536.0</ele>
      </trkpt>
      <trkpt lat="42.906307" lon="0.106771">
        <ele>1536.6</ele>
      </trkpt>
      <trkpt lat="42.906315" lon="0.106802">
        <ele>1536.6</ele>
      </trkpt>
      <trkpt lat="42.906329" lon="0.106889">
        <ele>1537.0</ele>
      </trkpt>
      <trkpt lat="42.906338" lon="0.106919">
        <ele>1537.4</ele>
      </trkpt>
      <trkpt lat="42.906342" lon="0.106948">
        <ele>1537.8</ele>
      </trkpt>
      <trkpt lat="42.906345" lon="0.106979">
        <ele>1538.2</ele>
      </trkpt>
      <trkpt lat="42.906353" lon="0.10701">
        <ele>1538.6</ele>
      </trkpt>
      <trkpt lat="42.906364" lon="0.107103">
        <ele>1538.6</ele>
      </trkpt>
      <trkpt lat="42.906368" lon="0.107164">
        <ele>1539.0</ele>
      </trkpt>
      <trkpt lat="42.906368" lon="0.107195">
        <ele>1539.4</ele>
      </trkpt>
      <trkpt lat="42.906368" lon="0.107226">
        <ele>1540.0</ele>
      </trkpt>
      <trkpt lat="42.906368" lon="0.107256">
        <ele>1540.4</ele>
      </trkpt>
      <trkpt lat="42.906368" lon="0.107288">
        <ele>1540.8</ele>
      </trkpt>
      <trkpt lat="42.906368" lon="0.107386">
        <ele>1540.8</ele>
      </trkpt>
      <trkpt lat="42.906368" lon="0.107486">
        <ele>1541.4</ele>
      </trkpt>
      <trkpt lat="42.906368" lon="0.107519">
        <ele>1541.8</ele>
      </trkpt>
      <trkpt lat="42.906368" lon="0.107552">
        <ele>1542.2</ele>
      </trkpt>
      <trkpt lat="42.906368" lon="0.107586">
        <ele>1542.8</ele>
      </trkpt>
      <trkpt lat="42.906372" lon="0.107618">
        <ele>1543.2</ele>
      </trkpt>
      <trkpt lat="42.90638" lon="0.107838">
        <ele>1543.6</ele>
      </trkpt>
      <trkpt lat="42.90638" lon="0.107867">
        <ele>1544.2</ele>
      </trkpt>
      <trkpt lat="42.90638" lon="0.107898">
        <ele>1544.6</ele>
      </trkpt>
      <trkpt lat="42.90638" lon="0.107928">
        <ele>1545.0</ele>
      </trkpt>
      <trkpt lat="42.90638" lon="0.107958">
        <ele>1545.4</ele>
      </trkpt>
      <trkpt lat="42.906384" lon="0.108138">
        <ele>1545.8</ele>
      </trkpt>
      <trkpt lat="42.906384" lon="0.108168">
        <ele>1546.4</ele>
      </trkpt>
      <trkpt lat="42.906384" lon="0.108198">
        <ele>1546.8</ele>
      </trkpt>
      <trkpt lat="42.906387" lon="0.108227">
        <ele>1547.4</ele>
      </trkpt>
      <trkpt lat="42.906387" lon="0.108256">
        <ele>1547.8</ele>
      </trkpt>
      <trkpt lat="42.906403" lon="0.108405">
        <ele>1548.1</ele>
      </trkpt>
      <trkpt lat="42.906405" lon="0.108434">
        <ele>1548.6</ele>
      </trkpt>
      <trkpt lat="42.90641" lon="0.108462">
        <ele>1549.0</ele>
      </trkpt>
      <trkpt lat="42.906414" lon="0.108491">
        <ele>1549.4</ele>
      </trkpt>
      <trkpt lat="42.906418" lon="0.10852">
        <ele>1549.8</ele>
      </trkpt>
      <trkpt lat="42.906441" lon="0.108663">
        <ele>1549.8</ele>
      </trkpt>
      <trkpt lat="42.906448" lon="0.108721">
        <ele>1550.1</ele>
      </trkpt>
      <trkpt lat="42.906452" lon="0.108749">
        <ele>1550.6</ele>
      </trkpt>
      <trkpt lat="42.906456" lon="0.108777">
        <ele>1551.0</ele>
      </trkpt>
      <trkpt lat="42.90646" lon="0.108803">
        <ele>1551.4</ele>
      </trkpt>
      <trkpt lat="42.906464" lon="0.10883">
        <ele>1551.8</ele>
      </trkpt>
      <trkpt lat="42.906475" lon="0.108939">
        <ele>1551.8</ele>
      </trkpt>
      <trkpt lat="42.906483" lon="0.109032">
        <ele>1552.1</ele>
      </trkpt>
      <trkpt lat="42.906487" lon="0.109063">
        <ele>1552.8</ele>
      </trkpt>
      <trkpt lat="42.906487" lon="0.109094">
        <ele>1553.1</ele>
      </trkpt>
      <trkpt lat="42.90649" lon="0.109125">
        <ele>1553.6</ele>
      </trkpt>
      <trkpt lat="42.90649" lon="0.109154">
        <ele>1554.0</ele>
      </trkpt>
      <trkpt lat="42.906498" lon="0.109213">
        <ele>1554.0</ele>
      </trkpt>
      <trkpt lat="42.906512" lon="0.109295">
        <ele>1554.4</ele>
      </trkpt>
      <trkpt lat="42.906521" lon="0.109321">
        <ele>1554.8</ele>
      </trkpt>
      <trkpt lat="42.906528" lon="0.109349">
        <ele>1555.1</ele>
      </trkpt>
      <trkpt lat="42.906532" lon="0.109379">
        <ele>1555.8</ele>
      </trkpt>
      <trkpt lat="42.906536" lon="0.109406">
        <ele>1556.1</ele>
      </trkpt>
      <trkpt lat="42.90657" lon="0.109573">
        <ele>1556.6</ele>
      </trkpt>
      <trkpt lat="42.906578" lon="0.109601">
        <ele>1557.0</ele>
      </trkpt>
      <trkpt lat="42.906582" lon="0.109629">
        <ele>1557.4</ele>
      </trkpt>
      <trkpt lat="42.90659" lon="0.109658">
        <ele>1557.8</ele>
      </trkpt>
      <trkpt lat="42.906597" lon="0.109687">
        <ele>1558.1</ele>
      </trkpt>
      <trkpt lat="42.906639" lon="0.109864">
        <ele>1558.6</ele>
      </trkpt>
      <trkpt lat="42.906647" lon="0.109893">
        <ele>1559.0</ele>
      </trkpt>
      <trkpt lat="42.906654" lon="0.10992">
        <ele>1559.4</ele>
      </trkpt>
      <trkpt lat="42.906658" lon="0.109947">
        <ele>1559.8</ele>
      </trkpt>
      <trkpt lat="42.906666" lon="0.109975">
        <ele>1560.1</ele>
      </trkpt>
      <trkpt lat="42.906689" lon="0.110056">
        <ele>1560.8</ele>
      </trkpt>
      <trkpt lat="42.906695" lon="0.110082">
        <ele>1561.1</ele>
      </trkpt>
      <trkpt lat="42.906708" lon="0.110109">
        <ele>1561.6</ele>
      </trkpt>
      <trkpt lat="42.906715" lon="0.110135">
        <ele>1562.0</ele>
      </trkpt>
      <trkpt lat="42.906723" lon="0.110161">
        <ele>1562.6</ele>
      </trkpt>
      <trkpt lat="42.906738" lon="0.110213">
        <ele>1562.6</ele>
      </trkpt>
      <trkpt lat="42.90678" lon="0.110347">
        <ele>1563.0</ele>
      </trkpt>
      <trkpt lat="42.906792" lon="0.110375">
        <ele>1563.4</ele>
      </trkpt>
      <trkpt lat="42.906799" lon="0.110402">
        <ele>1563.8</ele>
      </trkpt>
      <trkpt lat="42.906807" lon="0.110431">
        <ele>1564.1</ele>
      </trkpt>
      <trkpt lat="42.906815" lon="0.110458">
        <ele>1564.6</ele>
      </trkpt>
      <trkpt lat="42.90686" lon="0.110607">
        <ele>1564.6</ele>
      </trkpt>
      <trkpt lat="42.906868" lon="0.110638">
        <ele>1565.0</ele>
      </trkpt>
      <trkpt lat="42.906875" lon="0.110669">
        <ele>1565.4</ele>
      </trkpt>
      <trkpt lat="42.906887" lon="0.110699">
        <ele>1565.8</ele>
      </trkpt>
      <trkpt lat="42.906895" lon="0.110729">
        <ele>1566.1</ele>
      </trkpt>
      <trkpt lat="42.906902" lon="0.110757">
        <ele>1566.6</ele>
      </trkpt>
      <trkpt lat="42.906956" lon="0.110958">
        <ele>1567.0</ele>
      </trkpt>
      <trkpt lat="42.906963" lon="0.110988">
        <ele>1567.6</ele>
      </trkpt>
      <trkpt lat="42.906971" lon="0.111017">
        <ele>1568.0</ele>
      </trkpt>
      <trkpt lat="42.906979" lon="0.111046">
        <ele>1568.4</ele>
      </trkpt>
      <trkpt lat="42.906986" lon="0.111073">
        <ele>1568.8</ele>
      </trkpt>
      <trkpt lat="42.907032" lon="0.111247">
        <ele>1569.1</ele>
      </trkpt>
      <trkpt lat="42.90704" lon="0.111278">
        <ele>1569.6</ele>
      </trkpt>
      <trkpt lat="42.907047" lon="0.11131">
        <ele>1570.0</ele>
      </trkpt>
      <trkpt lat="42.907055" lon="0.111342">
        <ele>1570.4</ele>
      </trkpt>
      <trkpt lat="42.907058" lon="0.111374">
        <ele>1570.8</ele>
      </trkpt>
      <trkpt lat="42.907103" lon="0.111555">
        <ele>1571.1</ele>
      </trkpt>
      <trkpt lat="42.907112" lon="0.111582">
        <ele>1571.6</ele>
      </trkpt>
      <trkpt lat="42.907116" lon="0.111609">
        <ele>1572.1</ele>
      </trkpt>
      <trkpt lat="42.90712" lon="0.111637">
        <ele>1572.6</ele>
      </trkpt>
      <trkpt lat="42.907127" lon="0.111663">
        <ele>1573.0</ele>
      </trkpt>
      <trkpt lat="42.907162" lon="0.111802">
        <ele>1573.4</ele>
      </trkpt>
      <trkpt lat="42.907169" lon="0.111833">
        <ele>1573.8</ele>
      </trkpt>
      <trkpt lat="42.907177" lon="0.111863">
        <ele>1574.1</ele>
      </trkpt>
      <trkpt lat="42.907185" lon="0.111894">
        <ele>1574.8</ele>
      </trkpt>
      <trkpt lat="42.907188" lon="0.111925">
        <ele>1575.1</ele>
      </trkpt>
      <trkpt lat="42.907234" lon="0.112204">
        <ele>1575.6</ele>
      </trkpt>
      <trkpt lat="42.907234" lon="0.112236">
        <ele>1576.0</ele>
      </trkpt>
      <trkpt lat="42.907238" lon="0.112269">
        <ele>1576.4</ele>
      </trkpt>
      <trkpt lat="42.907238" lon="0.112301">
        <ele>1576.8</ele>
      </trkpt>
      <trkpt lat="42.907241" lon="0.112331">
        <ele>1577.1</ele>
      </trkpt>
      <trkpt lat="42.907249" lon="0.112477">
        <ele>1577.6</ele>
      </trkpt>
      <trkpt lat="42.907249" lon="0.112505">
        <ele>1578.1</ele>
      </trkpt>
      <trkpt lat="42.907249" lon="0.112532">
        <ele>1578.6</ele>
      </trkpt>
      <trkpt lat="42.907249" lon="0.11256">
        <ele>1579.1</ele>
      </trkpt>
      <trkpt lat="42.907249" lon="0.11259">
        <ele>1579.6</ele>
      </trkpt>
      <trkpt lat="42.907249" lon="0.112793">
        <ele>1580.0</ele>
      </trkpt>
      <trkpt lat="42.907249" lon="0.112822">
        <ele>1580.4</ele>
      </trkpt>
      <trkpt lat="42.907249" lon="0.112849">
        <ele>1580.8</ele>
      </trkpt>
      <trkpt lat="42.907249" lon="0.112877">
        <ele>1581.1</ele>
      </trkpt>
      <trkpt lat="42.907249" lon="0.112905">
        <ele>1581.6</ele>
      </trkpt>
      <trkpt lat="42.907253" lon="0.113193">
        <ele>1582.0</ele>
      </trkpt>
      <trkpt lat="42.907253" lon="0.113227">
        <ele>1582.6</ele>
      </trkpt>
      <trkpt lat="42.907253" lon="0.113261">
        <ele>1583.0</ele>
      </trkpt>
      <trkpt lat="42.907257" lon="0.113299">
        <ele>1583.4</ele>
      </trkpt>
      <trkpt lat="42.907261" lon="0.113337">
        <ele>1583.8</ele>
      </trkpt>
      <trkpt lat="42.907284" lon="0.113531">
        <ele>1584.1</ele>
      </trkpt>
      <trkpt lat="42.907288" lon="0.113568">
        <ele>1584.6</ele>
      </trkpt>
      <trkpt lat="42.907295" lon="0.113602">
        <ele>1585.1</ele>
      </trkpt>
      <trkpt lat="42.907299" lon="0.113635">
        <ele>1585.6</ele>
      </trkpt>
      <trkpt lat="42.907303" lon="0.113665">
        <ele>1586.0</ele>
      </trkpt>
      <trkpt lat="42.907317" lon="0.113808">
        <ele>1586.4</ele>
      </trkpt>
      <trkpt lat="42.907322" lon="0.113838">
        <ele>1587.0</ele>
      </trkpt>
      <trkpt lat="42.907322" lon="0.113868">
        <ele>1587.4</ele>
      </trkpt>
      <trkpt lat="42.907326" lon="0.113898">
        <ele>1587.8</ele>
      </trkpt>
      <trkpt lat="42.907326" lon="0.113928">
        <ele>1588.1</ele>
      </trkpt>
      <trkpt lat="42.90733" lon="0.113984">
        <ele>1588.1</ele>
      </trkpt>
      <trkpt lat="42.907337" lon="0.114092">
        <ele>1588.8</ele>
      </trkpt>
      <trkpt lat="42.907337" lon="0.11412">
        <ele>1589.1</ele>
      </trkpt>
      <trkpt lat="42.907341" lon="0.114148">
        <ele>1589.6</ele>
      </trkpt>
      <trkpt lat="42.907345" lon="0.114176">
        <ele>1590.0</ele>
      </trkpt>
      <trkpt lat="42.907345" lon="0.114204">
        <ele>1590.4</ele>
      </trkpt>
      <trkpt lat="42.90736" lon="0.114348">
        <ele>1590.4</ele>
      </trkpt>
      <trkpt lat="42.907368" lon="0.114409">
        <ele>1590.8</ele>
      </trkpt>
      <trkpt lat="42.907368" lon="0.114439">
        <ele>1591.1</ele>
      </trkpt>
      <trkpt lat="42.907372" lon="0.114471">
        <ele>1591.8</ele>
      </trkpt>
      <trkpt lat="42.907375" lon="0.1145">
        <ele>1592.1</ele>
      </trkpt>
      <trkpt lat="42.907375" lon="0.11453">
        <ele>1592.6</ele>
      </trkpt>
      <trkpt lat="42.907383" lon="0.114655">
        <ele>1592.6</ele>
      </trkpt>
      <trkpt lat="42.907379" lon="0.114794">
        <ele>1593.1</ele>
      </trkpt>
      <trkpt lat="42.907383" lon="0.114828">
        <ele>1593.6</ele>
      </trkpt>
      <trkpt lat="42.907383" lon="0.114862">
        <ele>1594.0</ele>
      </trkpt>
      <trkpt lat="42.907383" lon="0.114895">
        <ele>1594.4</ele>
      </trkpt>
      <trkpt lat="42.907379" lon="0.114926">
        <ele>1595.0</ele>
      </trkpt>
      <trkpt lat="42.907379" lon="0.114957">
        <ele>1595.0</ele>
      </trkpt>
      <trkpt lat="42.907368" lon="0.115076">
        <ele>1595.4</ele>
      </trkpt>
      <trkpt lat="42.907364" lon="0.115106">
        <ele>1595.8</ele>
      </trkpt>
      <trkpt lat="42.90736" lon="0.115137">
        <ele>1596.1</ele>
      </trkpt>
      <trkpt lat="42.907356" lon="0.115167">
        <ele>1596.6</ele>
      </trkpt>
      <trkpt lat="42.907352" lon="0.115199">
        <ele>1597.1</ele>
      </trkpt>
      <trkpt lat="42.90733" lon="0.115365">
        <ele>1597.1</ele>
      </trkpt>
      <trkpt lat="42.907307" lon="0.11549">
        <ele>1597.6</ele>
      </trkpt>
      <trkpt lat="42.907303" lon="0.115521">
        <ele>1598.0</ele>
      </trkpt>
      <trkpt lat="42.907295" lon="0.11555">
        <ele>1598.4</ele>
      </trkpt>
      <trkpt lat="42.907291" lon="0.115579">
        <ele>1598.8</ele>
      </trkpt>
      <trkpt lat="42.907284" lon="0.115608">
        <ele>1599.1</ele>
      </trkpt>
      <trkpt lat="42.907265" lon="0.115694">
        <ele>1599.1</ele>
      </trkpt>
      <trkpt lat="42.907215" lon="0.11584">
        <ele>1599.8</ele>
      </trkpt>
      <trkpt lat="42.907207" lon="0.115869">
        <ele>1600.1</ele>
      </trkpt>
      <trkpt lat="42.907196" lon="0.115898">
        <ele>1600.6</ele>
      </trkpt>
      <trkpt lat="42.907185" lon="0.115924">
        <ele>1601.0</ele>
      </trkpt>
      <trkpt lat="42.907177" lon="0.115951">
        <ele>1601.6</ele>
      </trkpt>
      <trkpt lat="42.907143" lon="0.116052">
        <ele>1601.6</ele>
      </trkpt>
      <trkpt lat="42.907139" lon="0.116078">
        <ele>1602.0</ele>
      </trkpt>
      <trkpt lat="42.907139" lon="0.116106">
        <ele>1602.4</ele>
      </trkpt>
      <trkpt lat="42.907139" lon="0.116134">
        <ele>1602.8</ele>
      </trkpt>
      <trkpt lat="42.907143" lon="0.116161">
        <ele>1603.1</ele>
      </trkpt>
      <trkpt lat="42.907154" lon="0.116187">
        <ele>1603.6</ele>
      </trkpt>
      <trkpt lat="42.907272" lon="0.116292">
        <ele>1603.6</ele>
      </trkpt>
      <trkpt lat="42.90739" lon="0.116244">
        <ele>1604.0</ele>
      </trkpt>
      <trkpt lat="42.90741" lon="0.116223">
        <ele>1604.4</ele>
      </trkpt>
      <trkpt lat="42.907425" lon="0.116198">
        <ele>1604.8</ele>
      </trkpt>
      <trkpt lat="42.907444" lon="0.116174">
        <ele>1605.1</ele>
      </trkpt>
      <trkpt lat="42.907459" lon="0.11615">
        <ele>1605.6</ele>
      </trkpt>
      <trkpt lat="42.90749" lon="0.116098">
        <ele>1605.6</ele>
      </trkpt>
      <trkpt lat="42.907627" lon="0.1159">
        <ele>1606.1</ele>
      </trkpt>
      <trkpt lat="42.907646" lon="0.115876">
        <ele>1606.6</ele>
      </trkpt>
      <trkpt lat="42.907665" lon="0.115854">
        <ele>1607.1</ele>
      </trkpt>
      <trkpt lat="42.907684" lon="0.115832">
        <ele>1607.6</ele>
      </trkpt>
      <trkpt lat="42.907703" lon="0.115811">
        <ele>1608.0</ele>
      </trkpt>
      <trkpt lat="42.907825" lon="0.115684">
        <ele>1608.4</ele>
      </trkpt>
      <trkpt lat="42.907845" lon="0.115665">
        <ele>1609.0</ele>
      </trkpt>
      <trkpt lat="42.907867" lon="0.115646">
        <ele>1609.4</ele>
      </trkpt>
      <trkpt lat="42.907887" lon="0.115625">
        <ele>1609.8</ele>
      </trkpt>
      <trkpt lat="42.907905" lon="0.115605">
        <ele>1610.1</ele>
      </trkpt>
      <trkpt lat="42.907928" lon="0.115586">
        <ele>1610.1</ele>
      </trkpt>
      <trkpt lat="42.908054" lon="0.115502">
        <ele>1610.6</ele>
      </trkpt>
      <trkpt lat="42.908077" lon="0.115503">
        <ele>1611.1</ele>
      </trkpt>
      <trkpt lat="42.908104" lon="0.115511">
        <ele>1611.6</ele>
      </trkpt>
      <trkpt lat="42.908123" lon="0.115527">
        <ele>1612.0</ele>
      </trkpt>
      <trkpt lat="42.908146" lon="0.115548">
        <ele>1612.4</ele>
      </trkpt>
      <trkpt lat="42.908161" lon="0.115576">
        <ele>1612.4</ele>
      </trkpt>
      <trkpt lat="42.908154" lon="0.115762">
        <ele>1613.0</ele>
      </trkpt>
      <trkpt lat="42.908138" lon="0.115797">
        <ele>1613.4</ele>
      </trkpt>
      <trkpt lat="42.908123" lon="0.115832">
        <ele>1613.8</ele>
      </trkpt>
      <trkpt lat="42.908108" lon="0.115864">
        <ele>1614.1</ele>
      </trkpt>
      <trkpt lat="42.908092" lon="0.115895">
        <ele>1614.8</ele>
      </trkpt>
      <trkpt lat="42.907997" lon="0.116031">
        <ele>1615.1</ele>
      </trkpt>
      <trkpt lat="42.907981" lon="0.116057">
        <ele>1615.6</ele>
      </trkpt>
      <trkpt lat="42.907963" lon="0.116084">
        <ele>1616.0</ele>
      </trkpt>
      <trkpt lat="42.907948" lon="0.11611">
        <ele>1616.4</ele>
      </trkpt>
      <trkpt lat="42.907932" lon="0.116138">
        <ele>1616.8</ele>
      </trkpt>
      <trkpt lat="42.907825" lon="0.116341">
        <ele>1617.1</ele>
      </trkpt>
      <trkpt lat="42.90781" lon="0.11637">
        <ele>1617.6</ele>
      </trkpt>
      <trkpt lat="42.907799" lon="0.116401">
        <ele>1618.1</ele>
      </trkpt>
      <trkpt lat="42.907784" lon="0.116431">
        <ele>1618.6</ele>
      </trkpt>
      <trkpt lat="42.907772" lon="0.116462">
        <ele>1619.0</ele>
      </trkpt>
      <trkpt lat="42.907707" lon="0.116618">
        <ele>1619.4</ele>
      </trkpt>
      <trkpt lat="42.907696" lon="0.11665">
        <ele>1619.8</ele>
      </trkpt>
      <trkpt lat="42.907684" lon="0.116682">
        <ele>1620.1</ele>
      </trkpt>
      <trkpt lat="42.907673" lon="0.116715">
        <ele>1620.6</ele>
      </trkpt>
      <trkpt lat="42.907658" lon="0.116748">
        <ele>1621.0</ele>
      </trkpt>
      <trkpt lat="42.907623" lon="0.116845">
        <ele>1621.6</ele>
      </trkpt>
      <trkpt lat="42.907612" lon="0.116877">
        <ele>1622.0</ele>
      </trkpt>
      <trkpt lat="42.9076" lon="0.116909">
        <ele>1622.4</ele>
      </trkpt>
      <trkpt lat="42.907589" lon="0.11694">
        <ele>1622.8</ele>
      </trkpt>
      <trkpt lat="42.907573" lon="0.116971">
        <ele>1623.1</ele>
      </trkpt>
      <trkpt lat="42.907524" lon="0.117185">
        <ele>1623.6</ele>
      </trkpt>
      <trkpt lat="42.907516" lon="0.117219">
        <ele>1624.1</ele>
      </trkpt>
      <trkpt lat="42.907509" lon="0.117252">
        <ele>1624.6</ele>
      </trkpt>
      <trkpt lat="42.907501" lon="0.117284">
        <ele>1625.0</ele>
      </trkpt>
      <trkpt lat="42.907494" lon="0.117315">
        <ele>1625.4</ele>
      </trkpt>
      <trkpt lat="42.907452" lon="0.117525">
        <ele>1625.8</ele>
      </trkpt>
      <trkpt lat="42.907444" lon="0.117556">
        <ele>1626.1</ele>
      </trkpt>
      <trkpt lat="42.90744" lon="0.117586">
        <ele>1626.6</ele>
      </trkpt>
      <trkpt lat="42.907436" lon="0.117618">
        <ele>1627.0</ele>
      </trkpt>
      <trkpt lat="42.907429" lon="0.117651">
        <ele>1627.4</ele>
      </trkpt>
      <trkpt lat="42.907393" lon="0.117887">
        <ele>1628.0</ele>
      </trkpt>
      <trkpt lat="42.90739" lon="0.117916">
        <ele>1628.4</ele>
      </trkpt>
      <trkpt lat="42.907387" lon="0.117945">
        <ele>1628.8</ele>
      </trkpt>
      <trkpt lat="42.907383" lon="0.117973">
        <ele>1629.4</ele>
      </trkpt>
      <trkpt lat="42.907379" lon="0.118002">
        <ele>1629.8</ele>
      </trkpt>
      <trkpt lat="42.907341" lon="0.118238">
        <ele>1630.1</ele>
      </trkpt>
      <trkpt lat="42.907337" lon="0.11827">
        <ele>1630.6</ele>
      </trkpt>
      <trkpt lat="42.907333" lon="0.118303">
        <ele>1631.1</ele>
      </trkpt>
      <trkpt lat="42.90733" lon="0.118332">
        <ele>1631.6</ele>
      </trkpt>
      <trkpt lat="42.907326" lon="0.118364">
        <ele>1632.0</ele>
      </trkpt>
      <trkpt lat="42.907322" lon="0.118458">
        <ele>1632.0</ele>
      </trkpt>
      <trkpt lat="42.90731" lon="0.118546">
        <ele>1632.4</ele>
      </trkpt>
      <trkpt lat="42.907307" lon="0.118576">
        <ele>1632.8</ele>
      </trkpt>
      <trkpt lat="42.907307" lon="0.118605">
        <ele>1633.1</ele>
      </trkpt>
      <trkpt lat="42.907303" lon="0.118635">
        <ele>1633.8</ele>
      </trkpt>
      <trkpt lat="42.907299" lon="0.118664">
        <ele>1634.1</ele>
      </trkpt>
      <trkpt lat="42.907284" lon="0.118784">
        <ele>1634.1</ele>
      </trkpt>
      <trkpt lat="42.907269" lon="0.118906">
        <ele>1634.6</ele>
      </trkpt>
      <trkpt lat="42.907265" lon="0.118936">
        <ele>1635.0</ele>
      </trkpt>
      <trkpt lat="42.907261" lon="0.118967">
        <ele>1635.4</ele>
      </trkpt>
      <trkpt lat="42.907257" lon="0.118998">
        <ele>1635.8</ele>
      </trkpt>
      <trkpt lat="42.907257" lon="0.11903">
        <ele>1636.1</ele>
      </trkpt>
      <trkpt lat="42.907241" lon="0.119194">
        <ele>1636.1</ele>
      </trkpt>
      <trkpt lat="42.907234" lon="0.119261">
        <ele>1636.6</ele>
      </trkpt>
      <trkpt lat="42.90723" lon="0.119293">
        <ele>1637.1</ele>
      </trkpt>
      <trkpt lat="42.907227" lon="0.119326">
        <ele>1637.6</ele>
      </trkpt>
      <trkpt lat="42.907223" lon="0.119359">
        <ele>1638.0</ele>
      </trkpt>
      <trkpt lat="42.907219" lon="0.119391">
        <ele>1638.6</ele>
      </trkpt>
      <trkpt lat="42.907204" lon="0.119557">
        <ele>1639.0</ele>
      </trkpt>
      <trkpt lat="42.9072" lon="0.119592">
        <ele>1639.4</ele>
      </trkpt>
      <trkpt lat="42.9072" lon="0.119627">
        <ele>1640.0</ele>
      </trkpt>
      <trkpt lat="42.907196" lon="0.119662">
        <ele>1640.4</ele>
      </trkpt>
      <trkpt lat="42.907192" lon="0.119698">
        <ele>1640.8</ele>
      </trkpt>
      <trkpt lat="42.907181" lon="0.119868">
        <ele>1641.1</ele>
      </trkpt>
      <trkpt lat="42.907177" lon="0.119902">
        <ele>1641.8</ele>
      </trkpt>
      <trkpt lat="42.907173" lon="0.119936">
        <ele>1642.1</ele>
      </trkpt>
      <trkpt lat="42.907169" lon="0.119969">
        <ele>1642.6</ele>
      </trkpt>
      <trkpt lat="42.907169" lon="0.120003">
        <ele>1643.0</ele>
      </trkpt>
      <trkpt lat="42.907154" lon="0.120112">
        <ele>1643.0</ele>
      </trkpt>
      <trkpt lat="42.90715" lon="0.120141">
        <ele>1643.4</ele>
      </trkpt>
      <trkpt lat="42.907146" lon="0.12017">
        <ele>1643.8</ele>
      </trkpt>
      <trkpt lat="42.907143" lon="0.120201">
        <ele>1644.1</ele>
      </trkpt>
      <trkpt lat="42.907139" lon="0.120229">
        <ele>1644.6</ele>
      </trkpt>
      <trkpt lat="42.907131" lon="0.120258">
        <ele>1645.0</ele>
      </trkpt>
      <trkpt lat="42.907108" lon="0.120395">
        <ele>1645.4</ele>
      </trkpt>
      <trkpt lat="42.907108" lon="0.120426">
        <ele>1645.8</ele>
      </trkpt>
      <trkpt lat="42.907108" lon="0.120458">
        <ele>1646.1</ele>
      </trkpt>
      <trkpt lat="42.907103" lon="0.12049">
        <ele>1646.6</ele>
      </trkpt>
      <trkpt lat="42.907103" lon="0.120522">
        <ele>1647.0</ele>
      </trkpt>
      <trkpt lat="42.907093" lon="0.120683">
        <ele>1647.0</ele>
      </trkpt>
      <trkpt lat="42.907093" lon="0.120716">
        <ele>1647.4</ele>
      </trkpt>
      <trkpt lat="42.907089" lon="0.120747">
        <ele>1648.0</ele>
      </trkpt>
      <trkpt lat="42.907089" lon="0.120778">
        <ele>1648.4</ele>
      </trkpt>
      <trkpt lat="42.907089" lon="0.120808">
        <ele>1649.0</ele>
      </trkpt>
      <trkpt lat="42.907089" lon="0.120838">
        <ele>1649.4</ele>
      </trkpt>
      <trkpt lat="42.907093" lon="0.120982">
        <ele>1649.8</ele>
      </trkpt>
      <trkpt lat="42.907093" lon="0.12101">
        <ele>1650.1</ele>
      </trkpt>
      <trkpt lat="42.907093" lon="0.121037">
        <ele>1650.6</ele>
      </trkpt>
      <trkpt lat="42.907093" lon="0.121065">
        <ele>1651.1</ele>
      </trkpt>
      <trkpt lat="42.907093" lon="0.121092">
        <ele>1651.6</ele>
      </trkpt>
      <trkpt lat="42.907089" lon="0.121257">
        <ele>1652.0</ele>
      </trkpt>
      <trkpt lat="42.907089" lon="0.121284">
        <ele>1652.4</ele>
      </trkpt>
      <trkpt lat="42.907085" lon="0.121312">
        <ele>1653.0</ele>
      </trkpt>
      <trkpt lat="42.907085" lon="0.121341">
        <ele>1653.4</ele>
      </trkpt>
      <trkpt lat="42.907085" lon="0.12137">
        <ele>1653.8</ele>
      </trkpt>
      <trkpt lat="42.907085" lon="0.121539">
        <ele>1654.1</ele>
      </trkpt>
      <trkpt lat="42.907082" lon="0.121567">
        <ele>1654.6</ele>
      </trkpt>
      <trkpt lat="42.907082" lon="0.121596">
        <ele>1655.1</ele>
      </trkpt>
      <trkpt lat="42.907082" lon="0.121624">
        <ele>1655.6</ele>
      </trkpt>
      <trkpt lat="42.907078" lon="0.121652">
        <ele>1656.0</ele>
      </trkpt>
      <trkpt lat="42.907074" lon="0.12182">
        <ele>1656.4</ele>
      </trkpt>
      <trkpt lat="42.907074" lon="0.121848">
        <ele>1656.8</ele>
      </trkpt>
      <trkpt lat="42.907074" lon="0.121875">
        <ele>1657.1</ele>
      </trkpt>
      <trkpt lat="42.907074" lon="0.121903">
        <ele>1657.6</ele>
      </trkpt>
      <trkpt lat="42.907074" lon="0.12193">
        <ele>1658.0</ele>
      </trkpt>
      <trkpt lat="42.90707" lon="0.122066">
        <ele>1658.0</ele>
      </trkpt>
      <trkpt lat="42.90707" lon="0.122123">
        <ele>1658.4</ele>
      </trkpt>
      <trkpt lat="42.90707" lon="0.122151">
        <ele>1658.8</ele>
      </trkpt>
      <trkpt lat="42.90707" lon="0.122181">
        <ele>1659.1</ele>
      </trkpt>
      <trkpt lat="42.907066" lon="0.122209">
        <ele>1659.6</ele>
      </trkpt>
      <trkpt lat="42.907066" lon="0.122239">
        <ele>1660.1</ele>
      </trkpt>
      <trkpt lat="42.907066" lon="0.122457">
        <ele>1660.6</ele>
      </trkpt>
      <trkpt lat="42.907066" lon="0.122491">
        <ele>1661.0</ele>
      </trkpt>
      <trkpt lat="42.907066" lon="0.122524">
        <ele>1661.4</ele>
      </trkpt>
      <trkpt lat="42.90707" lon="0.122558">
        <ele>1661.8</ele>
      </trkpt>
      <trkpt lat="42.907074" lon="0.122591">
        <ele>1662.1</ele>
      </trkpt>
      <trkpt lat="42.907093" lon="0.122797">
        <ele>1662.1</ele>
      </trkpt>
      <trkpt lat="42.907097" lon="0.122897">
        <ele>1662.6</ele>
      </trkpt>
      <trkpt lat="42.907097" lon="0.122929">
        <ele>1663.0</ele>
      </trkpt>
      <trkpt lat="42.907097" lon="0.12296">
        <ele>1663.4</ele>
      </trkpt>
      <trkpt lat="42.907093" lon="0.122991">
        <ele>1664.0</ele>
      </trkpt>
      <trkpt lat="42.907093" lon="0.12302">
        <ele>1664.4</ele>
      </trkpt>
      <trkpt lat="42.907085" lon="0.123163">
        <ele>1664.4</ele>
      </trkpt>
      <trkpt lat="42.907085" lon="0.123193">
        <ele>1664.8</ele>
      </trkpt>
      <trkpt lat="42.907082" lon="0.123222">
        <ele>1665.1</ele>
      </trkpt>
      <trkpt lat="42.907082" lon="0.123252">
        <ele>1665.6</ele>
      </trkpt>
      <trkpt lat="42.907082" lon="0.123283">
        <ele>1666.0</ele>
      </trkpt>
      <trkpt lat="42.907082" lon="0.123314">
        <ele>1666.4</ele>
      </trkpt>
      <trkpt lat="42.907078" lon="0.123471">
        <ele>1666.8</ele>
      </trkpt>
      <trkpt lat="42.907078" lon="0.123535">
        <ele>1667.6</ele>
      </trkpt>
      <trkpt lat="42.907078" lon="0.123566">
        <ele>1668.0</ele>
      </trkpt>
      <trkpt lat="42.907074" lon="0.123596">
        <ele>1668.4</ele>
      </trkpt>
      <trkpt lat="42.907074" lon="0.123745">
        <ele>1668.8</ele>
      </trkpt>
      <trkpt lat="42.907074" lon="0.123773">
        <ele>1669.4</ele>
      </trkpt>
      <trkpt lat="42.90707" lon="0.123801">
        <ele>1669.8</ele>
      </trkpt>
      <trkpt lat="42.90707" lon="0.123829">
        <ele>1670.1</ele>
      </trkpt>
      <trkpt lat="42.90707" lon="0.123856">
        <ele>1670.6</ele>
      </trkpt>
      <trkpt lat="42.907063" lon="0.123999">
        <ele>1671.0</ele>
      </trkpt>
      <trkpt lat="42.907058" lon="0.124027">
        <ele>1671.4</ele>
      </trkpt>
      <trkpt lat="42.907055" lon="0.124057">
        <ele>1671.8</ele>
      </trkpt>
      <trkpt lat="42.907051" lon="0.124086">
        <ele>1672.4</ele>
      </trkpt>
      <trkpt lat="42.907051" lon="0.124115">
        <ele>1672.8</ele>
      </trkpt>
      <trkpt lat="42.907047" lon="0.124232">
        <ele>1672.8</ele>
      </trkpt>
      <trkpt lat="42.907043" lon="0.124327">
        <ele>1673.1</ele>
      </trkpt>
      <trkpt lat="42.90704" lon="0.124357">
        <ele>1673.8</ele>
      </trkpt>
      <trkpt lat="42.90704" lon="0.124385">
        <ele>1674.1</ele>
      </trkpt>
      <trkpt lat="42.90704" lon="0.124413">
        <ele>1674.6</ele>
      </trkpt>
      <trkpt lat="42.90704" lon="0.124439">
        <ele>1675.1</ele>
      </trkpt>
      <trkpt lat="42.90704" lon="0.124548">
        <ele>1675.6</ele>
      </trkpt>
      <trkpt lat="42.90704" lon="0.124577">
        <ele>1676.0</ele>
      </trkpt>
      <trkpt lat="42.907043" lon="0.124607">
        <ele>1676.4</ele>
      </trkpt>
      <trkpt lat="42.907043" lon="0.124639">
        <ele>1676.8</ele>
      </trkpt>
      <trkpt lat="42.907043" lon="0.124671">
        <ele>1677.1</ele>
      </trkpt>
      <trkpt lat="42.907055" lon="0.124866">
        <ele>1677.6</ele>
      </trkpt>
      <trkpt lat="42.907055" lon="0.124899">
        <ele>1678.1</ele>
      </trkpt>
      <trkpt lat="42.907058" lon="0.124933">
        <ele>1678.6</ele>
      </trkpt>
      <trkpt lat="42.907058" lon="0.124965">
        <ele>1679.0</ele>
      </trkpt>
      <trkpt lat="42.907063" lon="0.124998">
        <ele>1679.4</ele>
      </trkpt>
      <trkpt lat="42.90707" lon="0.125124">
        <ele>1679.8</ele>
      </trkpt>
      <trkpt lat="42.907074" lon="0.125156">
        <ele>1680.4</ele>
      </trkpt>
      <trkpt lat="42.907078" lon="0.125189">
        <ele>1680.8</ele>
      </trkpt>
      <trkpt lat="42.907078" lon="0.125222">
        <ele>1681.1</ele>
      </trkpt>
      <trkpt lat="42.907082" lon="0.125254">
        <ele>1681.6</ele>
      </trkpt>
      <trkpt lat="42.907097" lon="0.125415">
        <ele>1682.0</ele>
      </trkpt>
      <trkpt lat="42.907101" lon="0.125446">
        <ele>1682.4</ele>
      </trkpt>
      <trkpt lat="42.907103" lon="0.125477">
        <ele>1682.8</ele>
      </trkpt>
      <trkpt lat="42.907108" lon="0.125506">
        <ele>1683.1</ele>
      </trkpt>
      <trkpt lat="42.907112" lon="0.125534">
        <ele>1683.6</ele>
      </trkpt>
      <trkpt lat="42.907127" lon="0.125773">
        <ele>1684.0</ele>
      </trkpt>
      <trkpt lat="42.907127" lon="0.125805">
        <ele>1684.6</ele>
      </trkpt>
      <trkpt lat="42.907131" lon="0.125838">
        <ele>1685.0</ele>
      </trkpt>
      <trkpt lat="42.907131" lon="0.125871">
        <ele>1685.4</ele>
      </trkpt>
      <trkpt lat="42.907131" lon="0.125901">
        <ele>1685.8</ele>
      </trkpt>
      <trkpt lat="42.90712" lon="0.126085">
        <ele>1685.8</ele>
      </trkpt>
      <trkpt lat="42.907116" lon="0.126143">
        <ele>1686.1</ele>
      </trkpt>
      <trkpt lat="42.907112" lon="0.126172">
        <ele>1686.6</ele>
      </trkpt>
      <trkpt lat="42.907112" lon="0.126201">
        <ele>1687.0</ele>
      </trkpt>
      <trkpt lat="42.907108" lon="0.12623">
        <ele>1687.4</ele>
      </trkpt>
      <trkpt lat="42.907108" lon="0.12626">
        <ele>1687.8</ele>
      </trkpt>
      <trkpt lat="42.907101" lon="0.126379">
        <ele>1687.8</ele>
      </trkpt>
      <trkpt lat="42.907093" lon="0.126557">
        <ele>1688.4</ele>
      </trkpt>
      <trkpt lat="42.907089" lon="0.126587">
        <ele>1688.8</ele>
      </trkpt>
      <trkpt lat="42.907089" lon="0.126617">
        <ele>1689.1</ele>
      </trkpt>
      <trkpt lat="42.907089" lon="0.126649">
        <ele>1689.6</ele>
      </trkpt>
      <trkpt lat="42.907085" lon="0.126679">
        <ele>1690.1</ele>
      </trkpt>
      <trkpt lat="42.907085" lon="0.126746">
        <ele>1690.1</ele>
      </trkpt>
      <trkpt lat="42.907074" lon="0.126875">
        <ele>1690.6</ele>
      </trkpt>
      <trkpt lat="42.90707" lon="0.126906">
        <ele>1691.0</ele>
      </trkpt>
      <trkpt lat="42.907066" lon="0.126938">
        <ele>1691.4</ele>
      </trkpt>
      <trkpt lat="42.907066" lon="0.12697">
        <ele>1691.8</ele>
      </trkpt>
      <trkpt lat="42.907063" lon="0.127001">
        <ele>1692.4</ele>
      </trkpt>
      <trkpt lat="42.907051" lon="0.127165">
        <ele>1692.4</ele>
      </trkpt>
      <trkpt lat="42.907047" lon="0.12723">
        <ele>1692.8</ele>
      </trkpt>
      <trkpt lat="42.907043" lon="0.127261">
        <ele>1693.1</ele>
      </trkpt>
      <trkpt lat="42.90704" lon="0.127295">
        <ele>1693.6</ele>
      </trkpt>
      <trkpt lat="42.90704" lon="0.127326">
        <ele>1694.0</ele>
      </trkpt>
      <trkpt lat="42.907036" lon="0.127357">
        <ele>1694.4</ele>
      </trkpt>
      <trkpt lat="42.907005" lon="0.127673">
        <ele>1694.8</ele>
      </trkpt>
      <trkpt lat="42.907005" lon="0.127705">
        <ele>1695.4</ele>
      </trkpt>
      <trkpt lat="42.907001" lon="0.127738">
        <ele>1695.8</ele>
      </trkpt>
      <trkpt lat="42.907001" lon="0.127773">
        <ele>1696.1</ele>
      </trkpt>
      <trkpt lat="42.906998" lon="0.127807">
        <ele>1696.8</ele>
      </trkpt>
      <trkpt lat="42.906994" lon="0.127942">
        <ele>1697.1</ele>
      </trkpt>
      <trkpt lat="42.90699" lon="0.127975">
        <ele>1697.6</ele>
      </trkpt>
      <trkpt lat="42.90699" lon="0.128008">
        <ele>1698.0</ele>
      </trkpt>
      <trkpt lat="42.906986" lon="0.128039">
        <ele>1698.4</ele>
      </trkpt>
      <trkpt lat="42.906986" lon="0.128074">
        <ele>1698.8</ele>
      </trkpt>
      <trkpt lat="42.906975" lon="0.128265">
        <ele>1699.1</ele>
      </trkpt>
      <trkpt lat="42.906975" lon="0.128297">
        <ele>1699.6</ele>
      </trkpt>
      <trkpt lat="42.906971" lon="0.128329">
        <ele>1700.0</ele>
      </trkpt>
      <trkpt lat="42.906971" lon="0.12836">
        <ele>1700.4</ele>
      </trkpt>
      <trkpt lat="42.906971" lon="0.128391">
        <ele>1701.0</ele>
      </trkpt>
      <trkpt lat="42.90696" lon="0.128606">
        <ele>1701.0</ele>
      </trkpt>
      <trkpt lat="42.906956" lon="0.128669">
        <ele>1701.4</ele>
      </trkpt>
      <trkpt lat="42.906951" lon="0.128701">
        <ele>1701.8</ele>
      </trkpt>
      <trkpt lat="42.906951" lon="0.128732">
        <ele>1702.1</ele>
      </trkpt>
      <trkpt lat="42.906951" lon="0.128765">
        <ele>1702.6</ele>
      </trkpt>
      <trkpt lat="42.906948" lon="0.128797">
        <ele>1703.0</ele>
      </trkpt>
      <trkpt lat="42.906948" lon="0.128829">
        <ele>1703.0</ele>
      </trkpt>
      <trkpt lat="42.906944" lon="0.128926">
        <ele>1703.4</ele>
      </trkpt>
      <trkpt lat="42.90694" lon="0.128959">
        <ele>1703.8</ele>
      </trkpt>
      <trkpt lat="42.90694" lon="0.128995">
        <ele>1704.4</ele>
      </trkpt>
      <trkpt lat="42.90694" lon="0.129029">
        <ele>1704.8</ele>
      </trkpt>
      <trkpt lat="42.90694" lon="0.129064">
        <ele>1705.1</ele>
      </trkpt>
      <trkpt lat="42.906937" lon="0.129191">
        <ele>1705.6</ele>
      </trkpt>
      <trkpt lat="42.906937" lon="0.129221">
        <ele>1706.0</ele>
      </trkpt>
      <trkpt lat="42.906937" lon="0.129252">
        <ele>1706.4</ele>
      </trkpt>
      <trkpt lat="42.906937" lon="0.129284">
        <ele>1706.8</ele>
      </trkpt>
      <trkpt lat="42.906937" lon="0.129315">
        <ele>1707.4</ele>
      </trkpt>
      <trkpt lat="42.906933" lon="0.129564">
        <ele>1707.8</ele>
      </trkpt>
      <trkpt lat="42.906929" lon="0.129595">
        <ele>1708.1</ele>
      </trkpt>
      <trkpt lat="42.906925" lon="0.129628">
        <ele>1708.6</ele>
      </trkpt>
      <trkpt lat="42.906925" lon="0.12966">
        <ele>1709.0</ele>
      </trkpt>
      <trkpt lat="42.906918" lon="0.129691">
        <ele>1709.4</ele>
      </trkpt>
      <trkpt lat="42.906887" lon="0.129882">
        <ele>1709.8</ele>
      </trkpt>
      <trkpt lat="42.906875" lon="0.129915">
        <ele>1710.1</ele>
      </trkpt>
      <trkpt lat="42.906868" lon="0.129948">
        <ele>1710.8</ele>
      </trkpt>
      <trkpt lat="42.906857" lon="0.129981">
        <ele>1711.1</ele>
      </trkpt>
      <trkpt lat="42.906844" lon="0.130013">
        <ele>1711.6</ele>
      </trkpt>
      <trkpt lat="42.90678" lon="0.130217">
        <ele>1711.6</ele>
      </trkpt>
      <trkpt lat="42.906761" lon="0.130287">
        <ele>1712.0</ele>
      </trkpt>
      <trkpt lat="42.90675" lon="0.130324">
        <ele>1712.4</ele>
      </trkpt>
      <trkpt lat="42.906742" lon="0.13036">
        <ele>1712.8</ele>
      </trkpt>
      <trkpt lat="42.906731" lon="0.130397">
        <ele>1713.4</ele>
      </trkpt>
      <trkpt lat="42.906723" lon="0.130433">
        <ele>1713.8</ele>
      </trkpt>
      <trkpt lat="42.906677" lon="0.13065">
        <ele>1713.8</ele>
      </trkpt>
      <trkpt lat="42.906616" lon="0.130919">
        <ele>1714.1</ele>
      </trkpt>
      <trkpt lat="42.906609" lon="0.130958">
        <ele>1714.6</ele>
      </trkpt>
      <trkpt lat="42.906597" lon="0.130999">
        <ele>1715.1</ele>
      </trkpt>
      <trkpt lat="42.90659" lon="0.131038">
        <ele>1715.6</ele>
      </trkpt>
      <trkpt lat="42.906578" lon="0.131077">
        <ele>1716.0</ele>
      </trkpt>
      <trkpt lat="42.906567" lon="0.131114">
        <ele>1716.0</ele>
      </trkpt>
      <trkpt lat="42.906452" lon="0.13134">
        <ele>1716.0</ele>
      </trkpt>
      <trkpt lat="42.906429" lon="0.131369">
        <ele>1716.0</ele>
      </trkpt>
      <trkpt lat="42.906277" lon="0.13147">
        <ele>1716.0</ele>
      </trkpt>
      <trkpt lat="42.906017" lon="0.13156">
        <ele>1716.0</ele>
      </trkpt>
      <trkpt lat="42.905899" lon="0.131559">
        <ele>1716.0</ele>
      </trkpt>
      <trkpt lat="42.905838" lon="0.131529">
        <ele>1716.4</ele>
      </trkpt>
      <trkpt lat="42.905804" lon="0.131508">
        <ele>1716.8</ele>
      </trkpt>
      <trkpt lat="42.905777" lon="0.13148">
        <ele>1717.1</ele>
      </trkpt>
      <trkpt lat="42.90575" lon="0.131452">
        <ele>1717.6</ele>
      </trkpt>
      <trkpt lat="42.905724" lon="0.131422">
        <ele>1718.0</ele>
      </trkpt>
      <trkpt lat="42.905662" lon="0.131309">
        <ele>1718.0</ele>
      </trkpt>
      <trkpt lat="42.905624" lon="0.131041">
        <ele>1718.4</ele>
      </trkpt>
      <trkpt lat="42.90562" lon="0.131006">
        <ele>1718.8</ele>
      </trkpt>
      <trkpt lat="42.905613" lon="0.130969">
        <ele>1719.4</ele>
      </trkpt>
      <trkpt lat="42.905605" lon="0.130935">
        <ele>1719.8</ele>
      </trkpt>
      <trkpt lat="42.905598" lon="0.130901">
        <ele>1720.2</ele>
      </trkpt>
      <trkpt lat="42.905533" lon="0.130693">
        <ele>1720.2</ele>
      </trkpt>
      <trkpt lat="42.905521" lon="0.130666">
        <ele>1720.6</ele>
      </trkpt>
      <trkpt lat="42.90551" lon="0.130642">
        <ele>1721.2</ele>
      </trkpt>
      <trkpt lat="42.905499" lon="0.130618">
        <ele>1721.6</ele>
      </trkpt>
      <trkpt lat="42.905487" lon="0.130593">
        <ele>1722.2</ele>
      </trkpt>
      <trkpt lat="42.905479" lon="0.130573">
        <ele>1722.6</ele>
      </trkpt>
      <trkpt lat="42.905441" lon="0.130506">
        <ele>1722.6</ele>
      </trkpt>
      <trkpt lat="42.905392" lon="0.130416">
        <ele>1723.2</ele>
      </trkpt>
      <trkpt lat="42.90538" lon="0.130395">
        <ele>1723.6</ele>
      </trkpt>
      <trkpt lat="42.905369" lon="0.130375">
        <ele>1724.0</ele>
      </trkpt>
      <trkpt lat="42.905357" lon="0.130355">
        <ele>1724.6</ele>
      </trkpt>
      <trkpt lat="42.905346" lon="0.130335">
        <ele>1725.0</ele>
      </trkpt>
      <trkpt lat="42.905299" lon="0.130284">
        <ele>1725.0</ele>
      </trkpt>
      <trkpt lat="42.905258" lon="0.13023">
        <ele>1725.4</ele>
      </trkpt>
      <trkpt lat="42.905243" lon="0.130214">
        <ele>1725.8</ele>
      </trkpt>
      <trkpt lat="42.905228" lon="0.130196">
        <ele>1726.2</ele>
      </trkpt>
      <trkpt lat="42.905209" lon="0.13018">
        <ele>1726.6</ele>
      </trkpt>
      <trkpt lat="42.90519" lon="0.130165">
        <ele>1727.0</ele>
      </trkpt>
      <trkpt lat="42.90517" lon="0.130149">
        <ele>1727.0</ele>
      </trkpt>
      <trkpt lat="42.905052" lon="0.130064">
        <ele>1727.6</ele>
      </trkpt>
      <trkpt lat="42.905033" lon="0.130052">
        <ele>1728.0</ele>
      </trkpt>
      <trkpt lat="42.905014" lon="0.13004">
        <ele>1728.4</ele>
      </trkpt>
      <trkpt lat="42.904991" lon="0.130028">
        <ele>1729.0</ele>
      </trkpt>
      <trkpt lat="42.904972" lon="0.130014">
        <ele>1729.4</ele>
      </trkpt>
      <trkpt lat="42.90486" lon="0.129937">
        <ele>1729.4</ele>
      </trkpt>
      <trkpt lat="42.904839" lon="0.129919">
        <ele>1729.8</ele>
      </trkpt>
      <trkpt lat="42.904819" lon="0.1299">
        <ele>1730.2</ele>
      </trkpt>
      <trkpt lat="42.904797" lon="0.129882">
        <ele>1730.6</ele>
      </trkpt>
      <trkpt lat="42.904778" lon="0.129865">
        <ele>1731.2</ele>
      </trkpt>
      <trkpt lat="42.904755" lon="0.129844">
        <ele>1731.6</ele>
      </trkpt>
      <trkpt lat="42.90469" lon="0.129789">
        <ele>1731.6</ele>
      </trkpt>
      <trkpt lat="42.904617" lon="0.129709">
        <ele>1732.0</ele>
      </trkpt>
      <trkpt lat="42.904606" lon="0.129692">
        <ele>1732.4</ele>
      </trkpt>
      <trkpt lat="42.904594" lon="0.129673">
        <ele>1732.4</ele>
      </trkpt>
      <trkpt lat="42.904583" lon="0.129652">
        <ele>1732.8</ele>
      </trkpt>
      <trkpt lat="42.904575" lon="0.129634">
        <ele>1733.2</ele>
      </trkpt>
      <trkpt lat="42.904564" lon="0.129614">
        <ele>1733.6</ele>
      </trkpt>
      <trkpt lat="42.904514" lon="0.129491">
        <ele>1734.2</ele>
      </trkpt>
      <trkpt lat="42.904503" lon="0.129464">
        <ele>1734.6</ele>
      </trkpt>
      <trkpt lat="42.904491" lon="0.129436">
        <ele>1735.0</ele>
      </trkpt>
      <trkpt lat="42.904483" lon="0.129409">
        <ele>1735.6</ele>
      </trkpt>
      <trkpt lat="42.904472" lon="0.129381">
        <ele>1736.0</ele>
      </trkpt>
      <trkpt lat="42.904404" lon="0.129194">
        <ele>1736.6</ele>
      </trkpt>
      <trkpt lat="42.904396" lon="0.129162">
        <ele>1737.0</ele>
      </trkpt>
      <trkpt lat="42.904388" lon="0.12913">
        <ele>1737.4</ele>
      </trkpt>
      <trkpt lat="42.904381" lon="0.129096">
        <ele>1738.0</ele>
      </trkpt>
      <trkpt lat="42.904373" lon="0.129063">
        <ele>1738.4</ele>
      </trkpt>
      <trkpt lat="42.904327" lon="0.128853">
        <ele>1738.8</ele>
      </trkpt>
      <trkpt lat="42.90432" lon="0.128819">
        <ele>1739.2</ele>
      </trkpt>
      <trkpt lat="42.904316" lon="0.128785">
        <ele>1739.6</ele>
      </trkpt>
      <trkpt lat="42.904312" lon="0.128752">
        <ele>1740.0</ele>
      </trkpt>
      <trkpt lat="42.904312" lon="0.128719">
        <ele>1740.6</ele>
      </trkpt>
      <trkpt lat="42.904278" lon="0.128457">
        <ele>1740.6</ele>
      </trkpt>
      <trkpt lat="42.904236" lon="0.128249">
        <ele>1741.0</ele>
      </trkpt>
      <trkpt lat="42.904236" lon="0.128216">
        <ele>1741.4</ele>
      </trkpt>
      <trkpt lat="42.904228" lon="0.12818">
        <ele>1741.8</ele>
      </trkpt>
      <trkpt lat="42.904228" lon="0.128147">
        <ele>1742.2</ele>
      </trkpt>
      <trkpt lat="42.904224" lon="0.128112">
        <ele>1742.8</ele>
      </trkpt>
      <trkpt lat="42.904217" lon="0.128074">
        <ele>1742.8</ele>
      </trkpt>
      <trkpt lat="42.904224" lon="0.127848">
        <ele>1742.8</ele>
      </trkpt>
      <trkpt lat="42.904224" lon="0.127675">
        <ele>1743.2</ele>
      </trkpt>
      <trkpt lat="42.904224" lon="0.127638">
        <ele>1743.6</ele>
      </trkpt>
      <trkpt lat="42.904224" lon="0.127602">
        <ele>1744.0</ele>
      </trkpt>
      <trkpt lat="42.904221" lon="0.127567">
        <ele>1744.4</ele>
      </trkpt>
      <trkpt lat="42.904217" lon="0.127531">
        <ele>1744.8</ele>
      </trkpt>
      <trkpt lat="42.904209" lon="0.127496">
        <ele>1744.8</ele>
      </trkpt>
      <trkpt lat="42.904137" lon="0.127289">
        <ele>1744.8</ele>
      </trkpt>
      <trkpt lat="42.904117" lon="0.12723">
        <ele>1745.2</ele>
      </trkpt>
      <trkpt lat="42.904106" lon="0.127199">
        <ele>1745.8</ele>
      </trkpt>
      <trkpt lat="42.904099" lon="0.127166">
        <ele>1746.2</ele>
      </trkpt>
      <trkpt lat="42.904091" lon="0.127136">
        <ele>1746.6</ele>
      </trkpt>
      <trkpt lat="42.904086" lon="0.127104">
        <ele>1747.0</ele>
      </trkpt>
      <trkpt lat="42.904079" lon="0.126969">
        <ele>1747.0</ele>
      </trkpt>
      <trkpt lat="42.904095" lon="0.126873">
        <ele>1747.4</ele>
      </trkpt>
      <trkpt lat="42.904102" lon="0.126842">
        <ele>1748.0</ele>
      </trkpt>
      <trkpt lat="42.904106" lon="0.12681">
        <ele>1748.4</ele>
      </trkpt>
      <trkpt lat="42.904114" lon="0.12678">
        <ele>1749.0</ele>
      </trkpt>
      <trkpt lat="42.904125" lon="0.126749">
        <ele>1749.4</ele>
      </trkpt>
      <trkpt lat="42.904129" lon="0.126718">
        <ele>1749.4</ele>
      </trkpt>
      <trkpt lat="42.904144" lon="0.126567">
        <ele>1750.0</ele>
      </trkpt>
      <trkpt lat="42.904137" lon="0.126534">
        <ele>1750.4</ele>
      </trkpt>
      <trkpt lat="42.904129" lon="0.126508">
        <ele>1750.8</ele>
      </trkpt>
      <trkpt lat="42.904117" lon="0.126481">
        <ele>1751.2</ele>
      </trkpt>
      <trkpt lat="42.904106" lon="0.126457">
        <ele>1751.8</ele>
      </trkpt>
      <trkpt lat="42.904045" lon="0.126418">
        <ele>1752.2</ele>
      </trkpt>
      <trkpt lat="42.904022" lon="0.126414">
        <ele>1752.6</ele>
      </trkpt>
      <trkpt lat="42.903996" lon="0.126418">
        <ele>1753.0</ele>
      </trkpt>
      <trkpt lat="42.903973" lon="0.126427">
        <ele>1753.4</ele>
      </trkpt>
      <trkpt lat="42.903946" lon="0.126439">
        <ele>1753.8</ele>
      </trkpt>
      <trkpt lat="42.90387" lon="0.126529">
        <ele>1753.8</ele>
      </trkpt>
      <trkpt lat="42.903744" lon="0.126775">
        <ele>1753.8</ele>
      </trkpt>
      <trkpt lat="42.903721" lon="0.126897">
        <ele>1754.2</ele>
      </trkpt>
      <trkpt lat="42.903721" lon="0.126929">
        <ele>1754.8</ele>
      </trkpt>
      <trkpt lat="42.903721" lon="0.126961">
        <ele>1755.2</ele>
      </trkpt>
      <trkpt lat="42.903725" lon="0.126995">
        <ele>1755.6</ele>
      </trkpt>
      <trkpt lat="42.903725" lon="0.127029">
        <ele>1756.0</ele>
      </trkpt>
      <trkpt lat="42.90374" lon="0.127134">
        <ele>1756.4</ele>
      </trkpt>
      <trkpt lat="42.90374" lon="0.12717">
        <ele>1756.8</ele>
      </trkpt>
      <trkpt lat="42.903744" lon="0.127205">
        <ele>1757.2</ele>
      </trkpt>
      <trkpt lat="42.903748" lon="0.127237">
        <ele>1757.6</ele>
      </trkpt>
      <trkpt lat="42.903748" lon="0.127272">
        <ele>1758.0</ele>
      </trkpt>
      <trkpt lat="42.90374" lon="0.127333">
        <ele>1758.0</ele>
      </trkpt>
      <trkpt lat="42.903736" lon="0.127391">
        <ele>1758.4</ele>
      </trkpt>
      <trkpt lat="42.903728" lon="0.127425">
        <ele>1759.0</ele>
      </trkpt>
      <trkpt lat="42.903721" lon="0.127456">
        <ele>1759.4</ele>
      </trkpt>
      <trkpt lat="42.903713" lon="0.127485">
        <ele>1759.8</ele>
      </trkpt>
      <trkpt lat="42.903702" lon="0.127515">
        <ele>1760.2</ele>
      </trkpt>
      <trkpt lat="42.903683" lon="0.127578">
        <ele>1760.2</ele>
      </trkpt>
      <trkpt lat="42.903641" lon="0.127697">
        <ele>1760.6</ele>
      </trkpt>
      <trkpt lat="42.903629" lon="0.127724">
        <ele>1761.0</ele>
      </trkpt>
      <trkpt lat="42.903625" lon="0.127757">
        <ele>1761.4</ele>
      </trkpt>
      <trkpt lat="42.903614" lon="0.127783">
        <ele>1761.8</ele>
      </trkpt>
      <trkpt lat="42.90361" lon="0.127814">
        <ele>1762.2</ele>
      </trkpt>
      <trkpt lat="42.903602" lon="0.12801">
        <ele>1762.2</ele>
      </trkpt>
      <trkpt lat="42.903606" lon="0.128041">
        <ele>1762.6</ele>
      </trkpt>
      <trkpt lat="42.903606" lon="0.128075">
        <ele>1763.2</ele>
      </trkpt>
      <trkpt lat="42.903614" lon="0.128105">
        <ele>1763.6</ele>
      </trkpt>
      <trkpt lat="42.903618" lon="0.128137">
        <ele>1764.0</ele>
      </trkpt>
      <trkpt lat="42.903625" lon="0.128165">
        <ele>1764.4</ele>
      </trkpt>
      <trkpt lat="42.903647" lon="0.128256">
        <ele>1764.4</ele>
      </trkpt>
      <trkpt lat="42.903675" lon="0.128341">
        <ele>1765.0</ele>
      </trkpt>
      <trkpt lat="42.903687" lon="0.128371">
        <ele>1765.4</ele>
      </trkpt>
      <trkpt lat="42.903698" lon="0.1284">
        <ele>1766.0</ele>
      </trkpt>
      <trkpt lat="42.903709" lon="0.128428">
        <ele>1766.4</ele>
      </trkpt>
      <trkpt lat="42.903717" lon="0.128457">
        <ele>1767.0</ele>
      </trkpt>
      <trkpt lat="42.903751" lon="0.128547">
        <ele>1767.0</ele>
      </trkpt>
      <trkpt lat="42.903778" lon="0.12863">
        <ele>1767.4</ele>
      </trkpt>
      <trkpt lat="42.903785" lon="0.128655">
        <ele>1767.8</ele>
      </trkpt>
      <trkpt lat="42.903793" lon="0.128687">
        <ele>1768.2</ele>
      </trkpt>
      <trkpt lat="42.903797" lon="0.128715">
        <ele>1768.6</ele>
      </trkpt>
      <trkpt lat="42.903805" lon="0.128741">
        <ele>1769.0</ele>
      </trkpt>
      <trkpt lat="42.903812" lon="0.128797">
        <ele>1769.0</ele>
      </trkpt>
      <trkpt lat="42.903816" lon="0.12888">
        <ele>1769.4</ele>
      </trkpt>
      <trkpt lat="42.903816" lon="0.128909">
        <ele>1769.8</ele>
      </trkpt>
      <trkpt lat="42.903816" lon="0.12894">
        <ele>1770.2</ele>
      </trkpt>
      <trkpt lat="42.903816" lon="0.128966">
        <ele>1770.6</ele>
      </trkpt>
      <trkpt lat="42.903816" lon="0.128995">
        <ele>1771.2</ele>
      </trkpt>
      <trkpt lat="42.903816" lon="0.129025">
        <ele>1771.2</ele>
      </trkpt>
      <trkpt lat="42.903812" lon="0.129112">
        <ele>1771.6</ele>
      </trkpt>
      <trkpt lat="42.903809" lon="0.129144">
        <ele>1772.0</ele>
      </trkpt>
      <trkpt lat="42.903809" lon="0.129172">
        <ele>1772.4</ele>
      </trkpt>
      <trkpt lat="42.903805" lon="0.129204">
        <ele>1772.8</ele>
      </trkpt>
      <trkpt lat="42.903801" lon="0.129235">
        <ele>1773.2</ele>
      </trkpt>
      <trkpt lat="42.903797" lon="0.1293">
        <ele>1773.2</ele>
      </trkpt>
      <trkpt lat="42.903774" lon="0.129399">
        <ele>1773.6</ele>
      </trkpt>
      <trkpt lat="42.903767" lon="0.129431">
        <ele>1774.0</ele>
      </trkpt>
      <trkpt lat="42.903754" lon="0.129464">
        <ele>1774.4</ele>
      </trkpt>
      <trkpt lat="42.903744" lon="0.129494">
        <ele>1774.8</ele>
      </trkpt>
      <trkpt lat="42.903732" lon="0.129523">
        <ele>1775.2</ele>
      </trkpt>
      <trkpt lat="42.903717" lon="0.129553">
        <ele>1775.2</ele>
      </trkpt>
      <trkpt lat="42.903675" lon="0.129672">
        <ele>1775.6</ele>
      </trkpt>
      <trkpt lat="42.903664" lon="0.1297">
        <ele>1776.0</ele>
      </trkpt>
      <trkpt lat="42.903647" lon="0.129727">
        <ele>1776.4</ele>
      </trkpt>
      <trkpt lat="42.903637" lon="0.129755">
        <ele>1776.8</ele>
      </trkpt>
      <trkpt lat="42.903625" lon="0.129782">
        <ele>1777.2</ele>
      </trkpt>
      <trkpt lat="42.90361" lon="0.129808">
        <ele>1777.2</ele>
      </trkpt>
      <trkpt lat="42.903561" lon="0.129938">
        <ele>1777.6</ele>
      </trkpt>
      <trkpt lat="42.903553" lon="0.129964">
        <ele>1778.0</ele>
      </trkpt>
      <trkpt lat="42.903545" lon="0.129991">
        <ele>1778.4</ele>
      </trkpt>
      <trkpt lat="42.903534" lon="0.130017">
        <ele>1778.8</ele>
      </trkpt>
      <trkpt lat="42.903526" lon="0.130045">
        <ele>1779.2</ele>
      </trkpt>
      <trkpt lat="42.903495" lon="0.130158">
        <ele>1779.2</ele>
      </trkpt>
      <trkpt lat="42.903488" lon="0.130186">
        <ele>1779.8</ele>
      </trkpt>
      <trkpt lat="42.903484" lon="0.130215">
        <ele>1780.2</ele>
      </trkpt>
      <trkpt lat="42.903477" lon="0.130243">
        <ele>1780.6</ele>
      </trkpt>
      <trkpt lat="42.903469" lon="0.130271">
        <ele>1781.0</ele>
      </trkpt>
      <trkpt lat="42.903461" lon="0.130298">
        <ele>1781.6</ele>
      </trkpt>
      <trkpt lat="42.903404" lon="0.130456">
        <ele>1781.6</ele>
      </trkpt>
      <trkpt lat="42.903381" lon="0.130547">
        <ele>1782.4</ele>
      </trkpt>
      <trkpt lat="42.903374" lon="0.130607">
        <ele>1783.4</ele>
      </trkpt>
      <trkpt lat="42.90337" lon="0.130636">
        <ele>1783.8</ele>
      </trkpt>
      <trkpt lat="42.903366" lon="0.130724">
        <ele>1783.8</ele>
      </trkpt>
      <trkpt lat="42.903366" lon="0.130783">
        <ele>1784.2</ele>
      </trkpt>
      <trkpt lat="42.90337" lon="0.130811">
        <ele>1784.6</ele>
      </trkpt>
      <trkpt lat="42.903374" lon="0.130838">
        <ele>1785.0</ele>
      </trkpt>
      <trkpt lat="42.903377" lon="0.130866">
        <ele>1785.4</ele>
      </trkpt>
      <trkpt lat="42.903381" lon="0.130893">
        <ele>1785.8</ele>
      </trkpt>
      <trkpt lat="42.903393" lon="0.130981">
        <ele>1785.8</ele>
      </trkpt>
      <trkpt lat="42.903404" lon="0.131039">
        <ele>1786.4</ele>
      </trkpt>
      <trkpt lat="42.903412" lon="0.131072">
        <ele>1786.8</ele>
      </trkpt>
      <trkpt lat="42.903416" lon="0.131102">
        <ele>1787.2</ele>
      </trkpt>
      <trkpt lat="42.903419" lon="0.131132">
        <ele>1787.6</ele>
      </trkpt>
      <trkpt lat="42.903422" lon="0.131161">
        <ele>1788.2</ele>
      </trkpt>
      <trkpt lat="42.903422" lon="0.131217">
        <ele>1788.2</ele>
      </trkpt>
      <trkpt lat="42.903416" lon="0.13127">
        <ele>1788.6</ele>
      </trkpt>
      <trkpt lat="42.903408" lon="0.131297">
        <ele>1789.0</ele>
      </trkpt>
      <trkpt lat="42.9034" lon="0.131325">
        <ele>1789.4</ele>
      </trkpt>
      <trkpt lat="42.903389" lon="0.131354">
        <ele>1789.8</ele>
      </trkpt>
      <trkpt lat="42.903377" lon="0.131381">
        <ele>1790.2</ele>
      </trkpt>
      <trkpt lat="42.903358" lon="0.131408">
        <ele>1790.8</ele>
      </trkpt>
      <trkpt lat="42.903339" lon="0.131434">
        <ele>1791.2</ele>
      </trkpt>
      <trkpt lat="42.903315" lon="0.13146">
        <ele>1791.6</ele>
      </trkpt>
      <trkpt lat="42.903297" lon="0.131485">
        <ele>1792.0</ele>
      </trkpt>
      <trkpt lat="42.903275" lon="0.131508">
        <ele>1792.4</ele>
      </trkpt>
      <trkpt lat="42.903252" lon="0.13153">
        <ele>1792.4</ele>
      </trkpt>
      <trkpt lat="42.903191" lon="0.131594">
        <ele>1792.8</ele>
      </trkpt>
      <trkpt lat="42.903175" lon="0.131615">
        <ele>1793.2</ele>
      </trkpt>
      <trkpt lat="42.903156" lon="0.131637">
        <ele>1793.6</ele>
      </trkpt>
      <trkpt lat="42.903141" lon="0.131658">
        <ele>1794.0</ele>
      </trkpt>
      <trkpt lat="42.903122" lon="0.13168">
        <ele>1794.4</ele>
      </trkpt>
      <trkpt lat="42.903019" lon="0.131807">
        <ele>1794.8</ele>
      </trkpt>
      <trkpt lat="42.903" lon="0.131828">
        <ele>1795.4</ele>
      </trkpt>
      <trkpt lat="42.902985" lon="0.131851">
        <ele>1795.8</ele>
      </trkpt>
      <trkpt lat="42.902969" lon="0.131876">
        <ele>1796.2</ele>
      </trkpt>
      <trkpt lat="42.902954" lon="0.1319">
        <ele>1796.6</ele>
      </trkpt>
      <trkpt lat="42.90284" lon="0.132099">
        <ele>1797.0</ele>
      </trkpt>
      <trkpt lat="42.902824" lon="0.132122">
        <ele>1797.4</ele>
      </trkpt>
      <trkpt lat="42.902809" lon="0.132145">
        <ele>1798.0</ele>
      </trkpt>
      <trkpt lat="42.90279" lon="0.132167">
        <ele>1798.4</ele>
      </trkpt>
      <trkpt lat="42.902771" lon="0.132187">
        <ele>1798.8</ele>
      </trkpt>
      <trkpt lat="42.902664" lon="0.132253">
        <ele>1799.4</ele>
      </trkpt>
      <trkpt lat="42.902641" lon="0.132262">
        <ele>1799.8</ele>
      </trkpt>
      <trkpt lat="42.902617" lon="0.13227">
        <ele>1800.2</ele>
      </trkpt>
      <trkpt lat="42.902596" lon="0.132278">
        <ele>1800.6</ele>
      </trkpt>
      <trkpt lat="42.902572" lon="0.132283">
        <ele>1801.0</ele>
      </trkpt>
      <trkpt lat="42.902416" lon="0.132308">
        <ele>1801.0</ele>
      </trkpt>
      <trkpt lat="42.902397" lon="0.132311">
        <ele>1801.4</ele>
      </trkpt>
      <trkpt lat="42.902374" lon="0.132312">
        <ele>1802.0</ele>
      </trkpt>
      <trkpt lat="42.902351" lon="0.132312">
        <ele>1802.4</ele>
      </trkpt>
      <trkpt lat="42.902309" lon="0.13232">
        <ele>1803.2</ele>
      </trkpt>
      <trkpt lat="42.90218" lon="0.132338">
        <ele>1803.2</ele>
      </trkpt>
      <trkpt lat="42.902157" lon="0.132344">
        <ele>1803.6</ele>
      </trkpt>
      <trkpt lat="42.902138" lon="0.13235">
        <ele>1804.0</ele>
      </trkpt>
      <trkpt lat="42.902115" lon="0.132359">
        <ele>1804.6</ele>
      </trkpt>
      <trkpt lat="42.902092" lon="0.132365">
        <ele>1805.0</ele>
      </trkpt>
      <trkpt lat="42.902073" lon="0.132372">
        <ele>1805.4</ele>
      </trkpt>
      <trkpt lat="42.901997" lon="0.132413">
        <ele>1805.4</ele>
      </trkpt>
      <trkpt lat="42.901936" lon="0.132527">
        <ele>1806.0</ele>
      </trkpt>
      <trkpt lat="42.901932" lon="0.132556">
        <ele>1806.4</ele>
      </trkpt>
      <trkpt lat="42.901932" lon="0.132589">
        <ele>1807.0</ele>
      </trkpt>
      <trkpt lat="42.901936" lon="0.132623">
        <ele>1807.4</ele>
      </trkpt>
      <trkpt lat="42.901936" lon="0.13266">
        <ele>1808.0</ele>
      </trkpt>
      <trkpt lat="42.901947" lon="0.132734">
        <ele>1808.0</ele>
      </trkpt>
      <trkpt lat="42.902026" lon="0.132905">
        <ele>1808.4</ele>
      </trkpt>
      <trkpt lat="42.902039" lon="0.132932">
        <ele>1808.8</ele>
      </trkpt>
      <trkpt lat="42.902054" lon="0.132957">
        <ele>1809.2</ele>
      </trkpt>
      <trkpt lat="42.902069" lon="0.132983">
        <ele>1809.6</ele>
      </trkpt>
      <trkpt lat="42.902081" lon="0.13301">
        <ele>1810.2</ele>
      </trkpt>
      <trkpt lat="42.902145" lon="0.133149">
        <ele>1810.6</ele>
      </trkpt>
      <trkpt lat="42.902157" lon="0.133176">
        <ele>1811.0</ele>
      </trkpt>
      <trkpt lat="42.902176" lon="0.133237">
        <ele>1811.8</ele>
      </trkpt>
      <trkpt lat="42.902187" lon="0.133268">
        <ele>1812.2</ele>
      </trkpt>
      <trkpt lat="42.902229" lon="0.133459">
        <ele>1812.6</ele>
      </trkpt>
      <trkpt lat="42.902237" lon="0.133491">
        <ele>1812.6</ele>
      </trkpt>
      <trkpt lat="42.902237" lon="0.133523">
        <ele>1813.4</ele>
      </trkpt>
      <trkpt lat="42.90224" lon="0.133551">
        <ele>1813.8</ele>
      </trkpt>
      <trkpt lat="42.90224" lon="0.133583">
        <ele>1814.2</ele>
      </trkpt>
      <trkpt lat="42.902248" lon="0.133763">
        <ele>1814.6</ele>
      </trkpt>
      <trkpt lat="42.902252" lon="0.133797">
        <ele>1815.2</ele>
      </trkpt>
      <trkpt lat="42.90226" lon="0.133824">
        <ele>1815.6</ele>
      </trkpt>
      <trkpt lat="42.902267" lon="0.133854">
        <ele>1816.0</ele>
      </trkpt>
      <trkpt lat="42.902279" lon="0.133884">
        <ele>1816.4</ele>
      </trkpt>
      <trkpt lat="42.902294" lon="0.133911">
        <ele>1816.4</ele>
      </trkpt>
      <trkpt lat="42.902328" lon="0.133958">
        <ele>1816.8</ele>
      </trkpt>
      <trkpt lat="42.902351" lon="0.133978">
        <ele>1817.2</ele>
      </trkpt>
      <trkpt lat="42.902374" lon="0.133998">
        <ele>1817.8</ele>
      </trkpt>
      <trkpt lat="42.902397" lon="0.134018">
        <ele>1818.2</ele>
      </trkpt>
      <trkpt lat="42.90242" lon="0.134034">
        <ele>1818.8</ele>
      </trkpt>
      <trkpt lat="42.902447" lon="0.134051">
        <ele>1818.8</ele>
      </trkpt>
      <trkpt lat="42.902599" lon="0.134127">
        <ele>1819.2</ele>
      </trkpt>
      <trkpt lat="42.902622" lon="0.134142">
        <ele>1819.6</ele>
      </trkpt>
      <trkpt lat="42.902645" lon="0.134157">
        <ele>1820.0</ele>
      </trkpt>
      <trkpt lat="42.902664" lon="0.134176">
        <ele>1820.4</ele>
      </trkpt>
      <trkpt lat="42.902679" lon="0.134196">
        <ele>1820.8</ele>
      </trkpt>
      <trkpt lat="42.902724" lon="0.134271">
        <ele>1821.2</ele>
      </trkpt>
      <trkpt lat="42.90274" lon="0.134299">
        <ele>1821.6</ele>
      </trkpt>
      <trkpt lat="42.902752" lon="0.134329">
        <ele>1822.2</ele>
      </trkpt>
      <trkpt lat="42.902763" lon="0.13436">
        <ele>1822.6</ele>
      </trkpt>
      <trkpt lat="42.902775" lon="0.134393">
        <ele>1823.0</ele>
      </trkpt>
      <trkpt lat="42.902813" lon="0.134591">
        <ele>1823.4</ele>
      </trkpt>
      <trkpt lat="42.902813" lon="0.134626">
        <ele>1824.0</ele>
      </trkpt>
      <trkpt lat="42.902813" lon="0.134661">
        <ele>1824.4</ele>
      </trkpt>
      <trkpt lat="42.902813" lon="0.134694">
        <ele>1824.8</ele>
      </trkpt>
      <trkpt lat="42.902813" lon="0.134727">
        <ele>1825.4</ele>
      </trkpt>
      <trkpt lat="42.90279" lon="0.134854">
        <ele>1825.4</ele>
      </trkpt>
      <trkpt lat="42.902782" lon="0.134885">
        <ele>1825.8</ele>
      </trkpt>
      <trkpt lat="42.902775" lon="0.134915">
        <ele>1826.2</ele>
      </trkpt>
      <trkpt lat="42.902767" lon="0.134944">
        <ele>1826.8</ele>
      </trkpt>
      <trkpt lat="42.90276" lon="0.134973">
        <ele>1827.2</ele>
      </trkpt>
      <trkpt lat="42.902755" lon="0.135003">
        <ele>1827.8</ele>
      </trkpt>
      <trkpt lat="42.90274" lon="0.135215">
        <ele>1827.8</ele>
      </trkpt>
      <trkpt lat="42.902763" lon="0.135308">
        <ele>1828.2</ele>
      </trkpt>
      <trkpt lat="42.902771" lon="0.135338">
        <ele>1828.6</ele>
      </trkpt>
      <trkpt lat="42.902782" lon="0.135367">
        <ele>1829.2</ele>
      </trkpt>
      <trkpt lat="42.90279" lon="0.135397">
        <ele>1829.6</ele>
      </trkpt>
      <trkpt lat="42.902798" lon="0.135425">
        <ele>1830.0</ele>
      </trkpt>
      <trkpt lat="42.90284" lon="0.135568">
        <ele>1830.4</ele>
      </trkpt>
      <trkpt lat="42.902847" lon="0.135599">
        <ele>1830.8</ele>
      </trkpt>
      <trkpt lat="42.902855" lon="0.13563">
        <ele>1831.2</ele>
      </trkpt>
      <trkpt lat="42.902863" lon="0.135662">
        <ele>1831.6</ele>
      </trkpt>
      <trkpt lat="42.902866" lon="0.135695">
        <ele>1832.0</ele>
      </trkpt>
      <trkpt lat="42.902901" lon="0.135929">
        <ele>1832.6</ele>
      </trkpt>
      <trkpt lat="42.902907" lon="0.135961">
        <ele>1833.0</ele>
      </trkpt>
      <trkpt lat="42.90292" lon="0.135991">
        <ele>1833.4</ele>
      </trkpt>
      <trkpt lat="42.902927" lon="0.136018">
        <ele>1834.0</ele>
      </trkpt>
      <trkpt lat="42.902943" lon="0.136043">
        <ele>1834.4</ele>
      </trkpt>
      <trkpt lat="42.903" lon="0.136096">
        <ele>1834.4</ele>
      </trkpt>
      <trkpt lat="42.903023" lon="0.136108">
        <ele>1834.8</ele>
      </trkpt>
      <trkpt lat="42.903046" lon="0.136115">
        <ele>1835.2</ele>
      </trkpt>
      <trkpt lat="42.903072" lon="0.136122">
        <ele>1835.6</ele>
      </trkpt>
      <trkpt lat="42.903095" lon="0.136126">
        <ele>1836.0</ele>
      </trkpt>
      <trkpt lat="42.903118" lon="0.136129">
        <ele>1836.4</ele>
      </trkpt>
      <trkpt lat="42.903191" lon="0.136137">
        <ele>1836.4</ele>
      </trkpt>
      <trkpt lat="42.903313" lon="0.136162">
        <ele>1837.0</ele>
      </trkpt>
      <trkpt lat="42.903336" lon="0.13617">
        <ele>1837.4</ele>
      </trkpt>
      <trkpt lat="42.903355" lon="0.136182">
        <ele>1837.8</ele>
      </trkpt>
      <trkpt lat="42.903374" lon="0.136193">
        <ele>1838.2</ele>
      </trkpt>
      <trkpt lat="42.903393" lon="0.136207">
        <ele>1838.8</ele>
      </trkpt>
      <trkpt lat="42.903507" lon="0.13633">
        <ele>1839.2</ele>
      </trkpt>
      <trkpt lat="42.903526" lon="0.136352">
        <ele>1839.6</ele>
      </trkpt>
      <trkpt lat="42.903542" lon="0.136372">
        <ele>1840.0</ele>
      </trkpt>
      <trkpt lat="42.903557" lon="0.136392">
        <ele>1840.4</ele>
      </trkpt>
      <trkpt lat="42.903571" lon="0.136418">
        <ele>1840.8</ele>
      </trkpt>
      <trkpt lat="42.903618" lon="0.136557">
        <ele>1840.8</ele>
      </trkpt>
      <trkpt lat="42.903625" lon="0.136614">
        <ele>1841.4</ele>
      </trkpt>
      <trkpt lat="42.903629" lon="0.136642">
        <ele>1842.0</ele>
      </trkpt>
      <trkpt lat="42.903633" lon="0.13667">
        <ele>1842.4</ele>
      </trkpt>
      <trkpt lat="42.903645" lon="0.136725">
        <ele>1843.4</ele>
      </trkpt>
      <trkpt lat="42.903664" lon="0.136802">
        <ele>1843.4</ele>
      </trkpt>
      <trkpt lat="42.903709" lon="0.136882">
        <ele>1844.0</ele>
      </trkpt>
      <trkpt lat="42.903725" lon="0.136895">
        <ele>1844.4</ele>
      </trkpt>
      <trkpt lat="42.903744" lon="0.136907">
        <ele>1844.8</ele>
      </trkpt>
      <trkpt lat="42.903767" lon="0.136916">
        <ele>1845.2</ele>
      </trkpt>
      <trkpt lat="42.90379" lon="0.136925">
        <ele>1845.6</ele>
      </trkpt>
      <trkpt lat="42.903866" lon="0.136947">
        <ele>1845.6</ele>
      </trkpt>
      <trkpt lat="42.903908" lon="0.136966">
        <ele>1846.0</ele>
      </trkpt>
      <trkpt lat="42.903931" lon="0.136976">
        <ele>1846.4</ele>
      </trkpt>
      <trkpt lat="42.90395" lon="0.136986">
        <ele>1846.8</ele>
      </trkpt>
      <trkpt lat="42.903973" lon="0.136996">
        <ele>1847.2</ele>
      </trkpt>
      <trkpt lat="42.903992" lon="0.137006">
        <ele>1847.6</ele>
      </trkpt>
      <trkpt lat="42.904053" lon="0.137031">
        <ele>1847.6</ele>
      </trkpt>
      <trkpt lat="42.90416" lon="0.137085">
        <ele>1848.2</ele>
      </trkpt>
      <trkpt lat="42.904186" lon="0.137093">
        <ele>1848.6</ele>
      </trkpt>
      <trkpt lat="42.904209" lon="0.137099">
        <ele>1849.0</ele>
      </trkpt>
      <trkpt lat="42.904232" lon="0.137105">
        <ele>1849.6</ele>
      </trkpt>
      <trkpt lat="42.904259" lon="0.13711">
        <ele>1850.0</ele>
      </trkpt>
      <trkpt lat="42.904423" lon="0.137135">
        <ele>1850.4</ele>
      </trkpt>
      <trkpt lat="42.904446" lon="0.137137">
        <ele>1851.0</ele>
      </trkpt>
      <trkpt lat="42.904469" lon="0.13714">
        <ele>1851.4</ele>
      </trkpt>
      <trkpt lat="42.904491" lon="0.137141">
        <ele>1851.8</ele>
      </trkpt>
      <trkpt lat="42.90451" lon="0.137145">
        <ele>1852.4</ele>
      </trkpt>
      <trkpt lat="42.904617" lon="0.137133">
        <ele>1852.4</ele>
      </trkpt>
      <trkpt lat="42.904724" lon="0.137113">
        <ele>1852.8</ele>
      </trkpt>
      <trkpt lat="42.904751" lon="0.137111">
        <ele>1853.2</ele>
      </trkpt>
      <trkpt lat="42.904778" lon="0.137112">
        <ele>1853.6</ele>
      </trkpt>
      <trkpt lat="42.904804" lon="0.137114">
        <ele>1854.0</ele>
      </trkpt>
      <trkpt lat="42.904831" lon="0.13712">
        <ele>1854.4</ele>
      </trkpt>
      <trkpt lat="42.904938" lon="0.137166">
        <ele>1854.8</ele>
      </trkpt>
      <trkpt lat="42.904964" lon="0.137183">
        <ele>1855.2</ele>
      </trkpt>
      <trkpt lat="42.904987" lon="0.1372">
        <ele>1855.6</ele>
      </trkpt>
      <trkpt lat="42.90501" lon="0.137221">
        <ele>1856.0</ele>
      </trkpt>
      <trkpt lat="42.905033" lon="0.137242">
        <ele>1856.4</ele>
      </trkpt>
      <trkpt lat="42.905132" lon="0.137365">
        <ele>1857.0</ele>
      </trkpt>
      <trkpt lat="42.90515" lon="0.137391">
        <ele>1857.4</ele>
      </trkpt>
      <trkpt lat="42.90517" lon="0.137419">
        <ele>1857.8</ele>
      </trkpt>
      <trkpt lat="42.90519" lon="0.137444">
        <ele>1858.2</ele>
      </trkpt>
      <trkpt lat="42.905205" lon="0.137473">
        <ele>1858.6</ele>
      </trkpt>
      <trkpt lat="42.905231" lon="0.137529">
        <ele>1858.6</ele>
      </trkpt>
      <trkpt lat="42.905251" lon="0.137586">
        <ele>1859.0</ele>
      </trkpt>
      <trkpt lat="42.905262" lon="0.137613">
        <ele>1859.4</ele>
      </trkpt>
      <trkpt lat="42.90527" lon="0.137641">
        <ele>1859.8</ele>
      </trkpt>
      <trkpt lat="42.905277" lon="0.137669">
        <ele>1860.2</ele>
      </trkpt>
      <trkpt lat="42.905285" lon="0.137697">
        <ele>1860.8</ele>
      </trkpt>
      <trkpt lat="42.905319" lon="0.137773">
        <ele>1860.8</ele>
      </trkpt>
      <trkpt lat="42.905346" lon="0.137821">
        <ele>1861.2</ele>
      </trkpt>
      <trkpt lat="42.905357" lon="0.137844">
        <ele>1861.6</ele>
      </trkpt>
      <trkpt lat="42.905373" lon="0.137866">
        <ele>1862.0</ele>
      </trkpt>
      <trkpt lat="42.905388" lon="0.137888">
        <ele>1862.4</ele>
      </trkpt>
      <trkpt lat="42.905399" lon="0.13791">
        <ele>1862.8</ele>
      </trkpt>
      <trkpt lat="42.905482" lon="0.138002">
        <ele>1862.8</ele>
      </trkpt>
      <trkpt lat="42.905563" lon="0.138092">
        <ele>1863.2</ele>
      </trkpt>
      <trkpt lat="42.905579" lon="0.138112">
        <ele>1863.8</ele>
      </trkpt>
      <trkpt lat="42.905589" lon="0.138133">
        <ele>1864.2</ele>
      </trkpt>
      <trkpt lat="42.905605" lon="0.138153">
        <ele>1864.6</ele>
      </trkpt>
      <trkpt lat="42.90562" lon="0.138169">
        <ele>1865.0</ele>
      </trkpt>
      <trkpt lat="42.905766" lon="0.138278">
        <ele>1865.0</ele>
      </trkpt>
      <trkpt lat="42.905788" lon="0.138288">
        <ele>1865.6</ele>
      </trkpt>
      <trkpt lat="42.905807" lon="0.138298">
        <ele>1866.0</ele>
      </trkpt>
      <trkpt lat="42.90583" lon="0.13831">
        <ele>1866.6</ele>
      </trkpt>
      <trkpt lat="42.905849" lon="0.138321">
        <ele>1867.0</ele>
      </trkpt>
      <trkpt lat="42.905872" lon="0.138332">
        <ele>1867.6</ele>
      </trkpt>
      <trkpt lat="42.905933" lon="0.138363">
        <ele>1867.6</ele>
      </trkpt>
      <trkpt lat="42.905991" lon="0.138391">
        <ele>1868.0</ele>
      </trkpt>
      <trkpt lat="42.906013" lon="0.138404">
        <ele>1868.4</ele>
      </trkpt>
      <trkpt lat="42.906036" lon="0.138416">
        <ele>1868.8</ele>
      </trkpt>
      <trkpt lat="42.906055" lon="0.13843">
        <ele>1869.2</ele>
      </trkpt>
      <trkpt lat="42.906078" lon="0.138444">
        <ele>1869.6</ele>
      </trkpt>
      <trkpt lat="42.90612" lon="0.138479">
        <ele>1869.6</ele>
      </trkpt>
      <trkpt lat="42.906139" lon="0.138499">
        <ele>1870.4</ele>
      </trkpt>
      <trkpt lat="42.906162" lon="0.138519">
        <ele>1870.8</ele>
      </trkpt>
      <trkpt lat="42.90618" lon="0.138536">
        <ele>1871.2</ele>
      </trkpt>
      <trkpt lat="42.906204" lon="0.138556">
        <ele>1871.6</ele>
      </trkpt>
      <trkpt lat="42.906277" lon="0.138609">
        <ele>1872.0</ele>
      </trkpt>
      <trkpt lat="42.9063" lon="0.138625">
        <ele>1872.4</ele>
      </trkpt>
      <trkpt lat="42.906326" lon="0.13864">
        <ele>1872.8</ele>
      </trkpt>
      <trkpt lat="42.906349" lon="0.138656">
        <ele>1873.2</ele>
      </trkpt>
      <trkpt lat="42.906372" lon="0.138668">
        <ele>1873.6</ele>
      </trkpt>
      <trkpt lat="42.906543" lon="0.138713">
        <ele>1873.6</ele>
      </trkpt>
      <trkpt lat="42.90659" lon="0.138705">
        <ele>1874.0</ele>
      </trkpt>
      <trkpt lat="42.906616" lon="0.138697">
        <ele>1874.4</ele>
      </trkpt>
      <trkpt lat="42.906639" lon="0.13869">
        <ele>1875.0</ele>
      </trkpt>
      <trkpt lat="42.906662" lon="0.138682">
        <ele>1875.4</ele>
      </trkpt>
      <trkpt lat="42.906685" lon="0.138674">
        <ele>1875.8</ele>
      </trkpt>
      <trkpt lat="42.906776" lon="0.138649">
        <ele>1875.8</ele>
      </trkpt>
      <trkpt lat="42.906849" lon="0.138629">
        <ele>1876.2</ele>
      </trkpt>
      <trkpt lat="42.906875" lon="0.13862">
        <ele>1876.6</ele>
      </trkpt>
      <trkpt lat="42.906898" lon="0.138611">
        <ele>1877.2</ele>
      </trkpt>
      <trkpt lat="42.906925" lon="0.138602">
        <ele>1877.6</ele>
      </trkpt>
      <trkpt lat="42.906951" lon="0.138594">
        <ele>1878.0</ele>
      </trkpt>
      <trkpt lat="42.907024" lon="0.138577">
        <ele>1878.0</ele>
      </trkpt>
      <trkpt lat="42.907074" lon="0.138573">
        <ele>1878.4</ele>
      </trkpt>
      <trkpt lat="42.907101" lon="0.138573">
        <ele>1878.8</ele>
      </trkpt>
      <trkpt lat="42.907127" lon="0.138575">
        <ele>1879.2</ele>
      </trkpt>
      <trkpt lat="42.90715" lon="0.138578">
        <ele>1879.6</ele>
      </trkpt>
      <trkpt lat="42.907177" lon="0.138582">
        <ele>1880.0</ele>
      </trkpt>
      <trkpt lat="42.907227" lon="0.138589">
        <ele>1880.0</ele>
      </trkpt>
      <trkpt lat="42.907295" lon="0.138593">
        <ele>1880.6</ele>
      </trkpt>
      <trkpt lat="42.907317" lon="0.138592">
        <ele>1881.0</ele>
      </trkpt>
      <trkpt lat="42.907341" lon="0.13859">
        <ele>1881.4</ele>
      </trkpt>
      <trkpt lat="42.907364" lon="0.138586">
        <ele>1881.8</ele>
      </trkpt>
      <trkpt lat="42.907383" lon="0.138583">
        <ele>1882.2</ele>
      </trkpt>
      <trkpt lat="42.907455" lon="0.13855">
        <ele>1882.6</ele>
      </trkpt>
      <trkpt lat="42.907475" lon="0.138534">
        <ele>1883.0</ele>
      </trkpt>
      <trkpt lat="42.90749" lon="0.138515">
        <ele>1883.0</ele>
      </trkpt>
      <trkpt lat="42.907509" lon="0.138494">
        <ele>1883.8</ele>
      </trkpt>
      <trkpt lat="42.907524" lon="0.138473">
        <ele>1884.2</ele>
      </trkpt>
      <trkpt lat="42.907658" lon="0.138331">
        <ele>1884.8</ele>
      </trkpt>
      <trkpt lat="42.907673" lon="0.138307">
        <ele>1885.2</ele>
      </trkpt>
      <trkpt lat="42.907696" lon="0.138285">
        <ele>1885.6</ele>
      </trkpt>
      <trkpt lat="42.907715" lon="0.138261">
        <ele>1886.0</ele>
      </trkpt>
      <trkpt lat="42.907734" lon="0.138238">
        <ele>1886.6</ele>
      </trkpt>
      <trkpt lat="42.907784" lon="0.138175">
        <ele>1886.6</ele>
      </trkpt>
      <trkpt lat="42.907818" lon="0.138136">
        <ele>1887.0</ele>
      </trkpt>
      <trkpt lat="42.907837" lon="0.138117">
        <ele>1887.4</ele>
      </trkpt>
      <trkpt lat="42.90786" lon="0.138099">
        <ele>1887.8</ele>
      </trkpt>
      <trkpt lat="42.907883" lon="0.138079">
        <ele>1888.2</ele>
      </trkpt>
      <trkpt lat="42.907902" lon="0.138062">
        <ele>1888.6</ele>
      </trkpt>
      <trkpt lat="42.907928" lon="0.138046">
        <ele>1888.6</ele>
      </trkpt>
      <trkpt lat="42.908016" lon="0.137987">
        <ele>1889.0</ele>
      </trkpt>
      <trkpt lat="42.908035" lon="0.137975">
        <ele>1889.6</ele>
      </trkpt>
      <trkpt lat="42.908057" lon="0.137964">
        <ele>1890.0</ele>
      </trkpt>
      <trkpt lat="42.908077" lon="0.137953">
        <ele>1890.4</ele>
      </trkpt>
      <trkpt lat="42.9081" lon="0.137942">
        <ele>1890.8</ele>
      </trkpt>
      <trkpt lat="42.908271" lon="0.137831">
        <ele>1891.2</ele>
      </trkpt>
      <trkpt lat="42.908291" lon="0.13782">
        <ele>1891.6</ele>
      </trkpt>
      <trkpt lat="42.908314" lon="0.137808">
        <ele>1892.2</ele>
      </trkpt>
      <trkpt lat="42.908337" lon="0.137801">
        <ele>1892.6</ele>
      </trkpt>
      <trkpt lat="42.908363" lon="0.137795">
        <ele>1893.0</ele>
      </trkpt>
      <trkpt lat="42.908436" lon="0.137791">
        <ele>1893.4</ele>
      </trkpt>
      <trkpt lat="42.908463" lon="0.137791">
        <ele>1893.8</ele>
      </trkpt>
      <trkpt lat="42.908485" lon="0.137792">
        <ele>1894.2</ele>
      </trkpt>
      <trkpt lat="42.908512" lon="0.137793">
        <ele>1894.6</ele>
      </trkpt>
      <trkpt lat="42.908535" lon="0.137793">
        <ele>1895.0</ele>
      </trkpt>
      <trkpt lat="42.908726" lon="0.137796">
        <ele>1895.6</ele>
      </trkpt>
      <trkpt lat="42.908749" lon="0.137797">
        <ele>1896.0</ele>
      </trkpt>
      <trkpt lat="42.908772" lon="0.137798">
        <ele>1896.6</ele>
      </trkpt>
      <trkpt lat="42.908791" lon="0.137799">
        <ele>1897.0</ele>
      </trkpt>
      <trkpt lat="42.908813" lon="0.137799">
        <ele>1897.4</ele>
      </trkpt>
      <trkpt lat="42.908938" lon="0.137821">
        <ele>1897.8</ele>
      </trkpt>
      <trkpt lat="42.908969" lon="0.137829">
        <ele>1898.2</ele>
      </trkpt>
      <trkpt lat="42.908997" lon="0.137837">
        <ele>1898.8</ele>
      </trkpt>
      <trkpt lat="42.909023" lon="0.137847">
        <ele>1899.2</ele>
      </trkpt>
      <trkpt lat="42.909045" lon="0.137856">
        <ele>1899.6</ele>
      </trkpt>
      <trkpt lat="42.90921" lon="0.137913">
        <ele>1899.6</ele>
      </trkpt>
      <trkpt lat="42.909233" lon="0.137923">
        <ele>1900.0</ele>
      </trkpt>
      <trkpt lat="42.909252" lon="0.137932">
        <ele>1900.4</ele>
      </trkpt>
      <trkpt lat="42.909275" lon="0.137941">
        <ele>1900.8</ele>
      </trkpt>
      <trkpt lat="42.909298" lon="0.13795">
        <ele>1901.2</ele>
      </trkpt>
      <trkpt lat="42.909321" lon="0.137957">
        <ele>1901.6</ele>
      </trkpt>
      <trkpt lat="42.909428" lon="0.137988">
        <ele>1902.0</ele>
      </trkpt>
      <trkpt lat="42.909447" lon="0.137991">
        <ele>1902.6</ele>
      </trkpt>
      <trkpt lat="42.909466" lon="0.137993">
        <ele>1903.0</ele>
      </trkpt>
      <trkpt lat="42.909484" lon="0.137995">
        <ele>1903.4</ele>
      </trkpt>
      <trkpt lat="42.909504" lon="0.137997">
        <ele>1903.8</ele>
      </trkpt>
      <trkpt lat="42.909615" lon="0.138016">
        <ele>1904.2</ele>
      </trkpt>
      <trkpt lat="42.909636" lon="0.13802">
        <ele>1904.6</ele>
      </trkpt>
      <trkpt lat="42.90966" lon="0.138023">
        <ele>1905.0</ele>
      </trkpt>
      <trkpt lat="42.909678" lon="0.138025">
        <ele>1905.4</ele>
      </trkpt>
      <trkpt lat="42.909706" lon="0.138028">
        <ele>1905.8</ele>
      </trkpt>
      <trkpt lat="42.909851" lon="0.13803">
        <ele>1906.2</ele>
      </trkpt>
      <trkpt lat="42.909874" lon="0.138031">
        <ele>1906.8</ele>
      </trkpt>
      <trkpt lat="42.909901" lon="0.138033">
        <ele>1907.2</ele>
      </trkpt>
      <trkpt lat="42.909923" lon="0.138035">
        <ele>1907.6</ele>
      </trkpt>
      <trkpt lat="42.90995" lon="0.138039">
        <ele>1908.0</ele>
      </trkpt>
      <trkpt lat="42.91008" lon="0.138061">
        <ele>1908.4</ele>
      </trkpt>
      <trkpt lat="42.910103" lon="0.138064">
        <ele>1908.8</ele>
      </trkpt>
      <trkpt lat="42.910122" lon="0.138067">
        <ele>1909.2</ele>
      </trkpt>
      <trkpt lat="42.910145" lon="0.138069">
        <ele>1909.6</ele>
      </trkpt>
      <trkpt lat="42.910164" lon="0.138071">
        <ele>1910.0</ele>
      </trkpt>
      <trkpt lat="42.910294" lon="0.138065">
        <ele>1910.4</ele>
      </trkpt>
      <trkpt lat="42.910309" lon="0.138062">
        <ele>1911.0</ele>
      </trkpt>
      <trkpt lat="42.910328" lon="0.138057">
        <ele>1911.4</ele>
      </trkpt>
      <trkpt lat="42.910351" lon="0.138054">
        <ele>1911.8</ele>
      </trkpt>
      <trkpt lat="42.91037" lon="0.138051">
        <ele>1912.2</ele>
      </trkpt>
      <trkpt lat="42.910603" lon="0.138073">
        <ele>1912.6</ele>
      </trkpt>
      <trkpt lat="42.910625" lon="0.138084">
        <ele>1913.0</ele>
      </trkpt>
      <trkpt lat="42.910648" lon="0.138098">
        <ele>1913.6</ele>
      </trkpt>
      <trkpt lat="42.910666" lon="0.138114">
        <ele>1914.0</ele>
      </trkpt>
      <trkpt lat="42.910686" lon="0.138135">
        <ele>1914.4</ele>
      </trkpt>
      <trkpt lat="42.910739" lon="0.138216">
        <ele>1914.4</ele>
      </trkpt>
      <trkpt lat="42.910815" lon="0.138358">
        <ele>1914.8</ele>
      </trkpt>
      <trkpt lat="42.910831" lon="0.138383">
        <ele>1915.2</ele>
      </trkpt>
      <trkpt lat="42.910843" lon="0.138408">
        <ele>1915.6</ele>
      </trkpt>
      <trkpt lat="42.910858" lon="0.138433">
        <ele>1916.2</ele>
      </trkpt>
      <trkpt lat="42.91087" lon="0.138457">
        <ele>1916.6</ele>
      </trkpt>
      <trkpt lat="42.910969" lon="0.13855">
        <ele>1916.6</ele>
      </trkpt>
      <trkpt lat="42.911007" lon="0.138551">
        <ele>1917.0</ele>
      </trkpt>
      <trkpt lat="42.911029" lon="0.138544">
        <ele>1917.4</ele>
      </trkpt>
      <trkpt lat="42.911053" lon="0.138532">
        <ele>1918.0</ele>
      </trkpt>
      <trkpt lat="42.911072" lon="0.138515">
        <ele>1918.4</ele>
      </trkpt>
      <trkpt lat="42.911098" lon="0.138494">
        <ele>1918.8</ele>
      </trkpt>
      <trkpt lat="42.911209" lon="0.138308">
        <ele>1918.8</ele>
      </trkpt>
      <trkpt lat="42.911339" lon="0.138106">
        <ele>1918.8</ele>
      </trkpt>
      <trkpt lat="42.911503" lon="0.13792">
        <ele>1918.8</ele>
      </trkpt>
      <trkpt lat="42.911526" lon="0.137902">
        <ele>1919.2</ele>
      </trkpt>
      <trkpt lat="42.911549" lon="0.137885">
        <ele>1919.6</ele>
      </trkpt>
      <trkpt lat="42.911572" lon="0.137872">
        <ele>1920.0</ele>
      </trkpt>
      <trkpt lat="42.911598" lon="0.13786">
        <ele>1920.6</ele>
      </trkpt>
      <trkpt lat="42.911625" lon="0.137849">
        <ele>1921.0</ele>
      </trkpt>
      <trkpt lat="42.911716" lon="0.137822">
        <ele>1921.0</ele>
      </trkpt>
      <trkpt lat="42.911961" lon="0.137853">
        <ele>1921.0</ele>
      </trkpt>
      <trkpt lat="42.912025" lon="0.137866">
        <ele>1921.4</ele>
      </trkpt>
      <trkpt lat="42.912059" lon="0.137868">
        <ele>1921.8</ele>
      </trkpt>
      <trkpt lat="42.91209" lon="0.137866">
        <ele>1922.2</ele>
      </trkpt>
      <trkpt lat="42.912121" lon="0.137862">
        <ele>1922.6</ele>
      </trkpt>
      <trkpt lat="42.912155" lon="0.137855">
        <ele>1923.0</ele>
      </trkpt>
      <trkpt lat="42.912186" lon="0.137845">
        <ele>1923.0</ele>
      </trkpt>
      <trkpt lat="42.91243" lon="0.137715">
        <ele>1923.0</ele>
      </trkpt>
      <trkpt lat="42.912552" lon="0.137642">
        <ele>1923.4</ele>
      </trkpt>
      <trkpt lat="42.912579" lon="0.137619">
        <ele>1923.8</ele>
      </trkpt>
      <trkpt lat="42.912605" lon="0.137592">
        <ele>1924.4</ele>
      </trkpt>
      <trkpt lat="42.912628" lon="0.137562">
        <ele>1924.8</ele>
      </trkpt>
      <trkpt lat="42.91265" lon="0.13753">
        <ele>1925.2</ele>
      </trkpt>
      <trkpt lat="42.912781" lon="0.137264">
        <ele>1925.2</ele>
      </trkpt>
      <trkpt lat="42.912945" lon="0.136934">
        <ele>1925.2</ele>
      </trkpt>
      <trkpt lat="42.912971" lon="0.136904">
        <ele>1925.2</ele>
      </trkpt>
      <trkpt lat="42.913136" lon="0.136773">
        <ele>1925.6</ele>
      </trkpt>
      <trkpt lat="42.913162" lon="0.136759">
        <ele>1926.0</ele>
      </trkpt>
      <trkpt lat="42.913189" lon="0.136749">
        <ele>1926.4</ele>
      </trkpt>
      <trkpt lat="42.913216" lon="0.136744">
        <ele>1926.8</ele>
      </trkpt>
      <trkpt lat="42.91325" lon="0.136743">
        <ele>1927.4</ele>
      </trkpt>
      <trkpt lat="42.913311" lon="0.136757">
        <ele>1927.4</ele>
      </trkpt>
      <trkpt lat="42.913406" lon="0.136898">
        <ele>1927.8</ele>
      </trkpt>
      <trkpt lat="42.91341" lon="0.136935">
        <ele>1928.2</ele>
      </trkpt>
      <trkpt lat="42.91341" lon="0.136973">
        <ele>1928.6</ele>
      </trkpt>
      <trkpt lat="42.913406" lon="0.137009">
        <ele>1929.0</ele>
      </trkpt>
      <trkpt lat="42.913395" lon="0.137045">
        <ele>1929.4</ele>
      </trkpt>
      <trkpt lat="42.913353" lon="0.137132">
        <ele>1929.8</ele>
      </trkpt>
      <trkpt lat="42.913334" lon="0.137155">
        <ele>1930.4</ele>
      </trkpt>
      <trkpt lat="42.913311" lon="0.137177">
        <ele>1930.8</ele>
      </trkpt>
      <trkpt lat="42.913292" lon="0.137196">
        <ele>1931.2</ele>
      </trkpt>
      <trkpt lat="42.913269" lon="0.137212">
        <ele>1931.8</ele>
      </trkpt>
      <trkpt lat="42.913246" lon="0.137225">
        <ele>1932.2</ele>
      </trkpt>
      <trkpt lat="42.913223" lon="0.137237">
        <ele>1932.6</ele>
      </trkpt>
      <trkpt lat="42.9132" lon="0.137248">
        <ele>1933.0</ele>
      </trkpt>
      <trkpt lat="42.913177" lon="0.137259">
        <ele>1933.4</ele>
      </trkpt>
      <trkpt lat="42.913155" lon="0.137269">
        <ele>1933.8</ele>
      </trkpt>
      <trkpt lat="42.913109" lon="0.13729">
        <ele>1933.8</ele>
      </trkpt>
      <trkpt lat="42.912975" lon="0.137378">
        <ele>1933.8</ele>
      </trkpt>
      <trkpt lat="42.912956" lon="0.137395">
        <ele>1934.2</ele>
      </trkpt>
      <trkpt lat="42.91294" lon="0.137414">
        <ele>1934.8</ele>
      </trkpt>
      <trkpt lat="42.912926" lon="0.137436">
        <ele>1935.2</ele>
      </trkpt>
      <trkpt lat="42.912909" lon="0.13746">
        <ele>1935.6</ele>
      </trkpt>
      <trkpt lat="42.912895" lon="0.137485">
        <ele>1936.2</ele>
      </trkpt>
      <trkpt lat="42.912849" lon="0.137565">
        <ele>1936.6</ele>
      </trkpt>
      <trkpt lat="42.912833" lon="0.137593">
        <ele>1937.0</ele>
      </trkpt>
      <trkpt lat="42.912819" lon="0.137622">
        <ele>1937.4</ele>
      </trkpt>
      <trkpt lat="42.912804" lon="0.137651">
        <ele>1938.0</ele>
      </trkpt>
      <trkpt lat="42.912788" lon="0.13768">
        <ele>1938.4</ele>
      </trkpt>
      <trkpt lat="42.912678" lon="0.137878">
        <ele>1938.8</ele>
      </trkpt>
      <trkpt lat="42.912663" lon="0.137904">
        <ele>1939.2</ele>
      </trkpt>
      <trkpt lat="42.912643" lon="0.137929">
        <ele>1939.8</ele>
      </trkpt>
      <trkpt lat="42.912628" lon="0.137953">
        <ele>1940.2</ele>
      </trkpt>
      <trkpt lat="42.912613" lon="0.137974">
        <ele>1940.6</ele>
      </trkpt>
      <trkpt lat="42.912502" lon="0.138102">
        <ele>1941.0</ele>
      </trkpt>
      <trkpt lat="42.912483" lon="0.138122">
        <ele>1941.4</ele>
      </trkpt>
      <trkpt lat="42.91246" lon="0.138141">
        <ele>1942.0</ele>
      </trkpt>
      <trkpt lat="42.912437" lon="0.138157">
        <ele>1942.4</ele>
      </trkpt>
      <trkpt lat="42.912418" lon="0.138173">
        <ele>1942.8</ele>
      </trkpt>
      <trkpt lat="42.91235" lon="0.138216">
        <ele>1943.2</ele>
      </trkpt>
      <trkpt lat="42.912331" lon="0.138232">
        <ele>1943.6</ele>
      </trkpt>
      <trkpt lat="42.912308" lon="0.138247">
        <ele>1944.0</ele>
      </trkpt>
      <trkpt lat="42.912289" lon="0.13826">
        <ele>1944.4</ele>
      </trkpt>
      <trkpt lat="42.912266" lon="0.138272">
        <ele>1944.8</ele>
      </trkpt>
      <trkpt lat="42.912159" lon="0.138324">
        <ele>1945.2</ele>
      </trkpt>
      <trkpt lat="42.91214" lon="0.138333">
        <ele>1945.6</ele>
      </trkpt>
      <trkpt lat="42.912121" lon="0.13834">
        <ele>1946.0</ele>
      </trkpt>
      <trkpt lat="42.912098" lon="0.138346">
        <ele>1946.4</ele>
      </trkpt>
      <trkpt lat="42.912079" lon="0.138352">
        <ele>1946.8</ele>
      </trkpt>
      <trkpt lat="42.911952" lon="0.138379">
        <ele>1947.4</ele>
      </trkpt>
      <trkpt lat="42.911934" lon="0.138383">
        <ele>1947.8</ele>
      </trkpt>
      <trkpt lat="42.911915" lon="0.138388">
        <ele>1948.2</ele>
      </trkpt>
      <trkpt lat="42.911896" lon="0.138392">
        <ele>1948.6</ele>
      </trkpt>
      <trkpt lat="42.911876" lon="0.1384">
        <ele>1949.0</ele>
      </trkpt>
      <trkpt lat="42.911755" lon="0.138469">
        <ele>1949.6</ele>
      </trkpt>
      <trkpt lat="42.911736" lon="0.138487">
        <ele>1950.0</ele>
      </trkpt>
      <trkpt lat="42.911716" lon="0.138508">
        <ele>1950.4</ele>
      </trkpt>
      <trkpt lat="42.911701" lon="0.138529">
        <ele>1950.8</ele>
      </trkpt>
      <trkpt lat="42.911682" lon="0.138551">
        <ele>1951.2</ele>
      </trkpt>
      <trkpt lat="42.911594" lon="0.138684">
        <ele>1951.6</ele>
      </trkpt>
      <trkpt lat="42.911583" lon="0.138709">
        <ele>1952.0</ele>
      </trkpt>
      <trkpt lat="42.911572" lon="0.138734">
        <ele>1952.4</ele>
      </trkpt>
      <trkpt lat="42.91156" lon="0.138759">
        <ele>1952.8</ele>
      </trkpt>
      <trkpt lat="42.911549" lon="0.138783">
        <ele>1953.2</ele>
      </trkpt>
      <trkpt lat="42.911472" lon="0.138912">
        <ele>1953.8</ele>
      </trkpt>
      <trkpt lat="42.911457" lon="0.138933">
        <ele>1954.2</ele>
      </trkpt>
      <trkpt lat="42.911446" lon="0.138953">
        <ele>1954.6</ele>
      </trkpt>
      <trkpt lat="42.911434" lon="0.138974">
        <ele>1955.0</ele>
      </trkpt>
      <trkpt lat="42.911427" lon="0.138995">
        <ele>1955.4</ele>
      </trkpt>
      <trkpt lat="42.911406" lon="0.139037">
        <ele>1955.8</ele>
      </trkpt>
      <trkpt lat="42.9114" lon="0.13906">
        <ele>1956.4</ele>
      </trkpt>
      <trkpt lat="42.911392" lon="0.139083">
        <ele>1956.8</ele>
      </trkpt>
      <trkpt lat="42.911385" lon="0.139106">
        <ele>1957.2</ele>
      </trkpt>
      <trkpt lat="42.911381" lon="0.139127">
        <ele>1957.6</ele>
      </trkpt>
      <trkpt lat="42.91133" lon="0.139261">
        <ele>1957.6</ele>
      </trkpt>
      <trkpt lat="42.911324" lon="0.139278">
        <ele>1958.0</ele>
      </trkpt>
      <trkpt lat="42.911316" lon="0.139296">
        <ele>1958.4</ele>
      </trkpt>
      <trkpt lat="42.911308" lon="0.139315">
        <ele>1958.8</ele>
      </trkpt>
      <trkpt lat="42.911297" lon="0.139331">
        <ele>1959.4</ele>
      </trkpt>
      <trkpt lat="42.911285" lon="0.139348">
        <ele>1959.8</ele>
      </trkpt>
      <trkpt lat="42.911263" lon="0.139378">
        <ele>1959.8</ele>
      </trkpt>
      <trkpt lat="42.911232" lon="0.139401">
        <ele>1960.2</ele>
      </trkpt>
      <trkpt lat="42.911209" lon="0.13941">
        <ele>1960.6</ele>
      </trkpt>
      <trkpt lat="42.91119" lon="0.139416">
        <ele>1961.0</ele>
      </trkpt>
      <trkpt lat="42.911163" lon="0.139421">
        <ele>1961.4</ele>
      </trkpt>
      <trkpt lat="42.91114" lon="0.139423">
        <ele>1961.8</ele>
      </trkpt>
      <trkpt lat="42.91098" lon="0.139418">
        <ele>1961.8</ele>
      </trkpt>
      <trkpt lat="42.910866" lon="0.139398">
        <ele>1962.2</ele>
      </trkpt>
      <trkpt lat="42.910843" lon="0.139393">
        <ele>1962.8</ele>
      </trkpt>
      <trkpt lat="42.91082" lon="0.139387">
        <ele>1963.2</ele>
      </trkpt>
      <trkpt lat="42.910801" lon="0.139381">
        <ele>1963.6</ele>
      </trkpt>
      <trkpt lat="42.910778" lon="0.139376">
        <ele>1964.0</ele>
      </trkpt>
      <trkpt lat="42.910679" lon="0.13934">
        <ele>1964.4</ele>
      </trkpt>
      <trkpt lat="42.91066" lon="0.139333">
        <ele>1964.8</ele>
      </trkpt>
      <trkpt lat="42.910637" lon="0.139327">
        <ele>1965.2</ele>
      </trkpt>
      <trkpt lat="42.910618" lon="0.139322">
        <ele>1965.8</ele>
      </trkpt>
      <trkpt lat="42.910599" lon="0.139319">
        <ele>1966.2</ele>
      </trkpt>
      <trkpt lat="42.910522" lon="0.13931">
        <ele>1966.2</ele>
      </trkpt>
      <trkpt lat="42.910465" lon="0.1393">
        <ele>1966.6</ele>
      </trkpt>
      <trkpt lat="42.910442" lon="0.139295">
        <ele>1967.0</ele>
      </trkpt>
      <trkpt lat="42.910423" lon="0.13929">
        <ele>1967.4</ele>
      </trkpt>
      <trkpt lat="42.9104" lon="0.139285">
        <ele>1968.0</ele>
      </trkpt>
      <trkpt lat="42.910378" lon="0.13928">
        <ele>1968.4</ele>
      </trkpt>
      <trkpt lat="42.910331" lon="0.139271">
        <ele>1968.4</ele>
      </trkpt>
      <trkpt lat="42.910259" lon="0.139259">
        <ele>1968.8</ele>
      </trkpt>
      <trkpt lat="42.91021" lon="0.139255">
        <ele>1969.6</ele>
      </trkpt>
      <trkpt lat="42.910187" lon="0.139255">
        <ele>1970.0</ele>
      </trkpt>
      <trkpt lat="42.910164" lon="0.139256">
        <ele>1970.4</ele>
      </trkpt>
      <trkpt lat="42.910095" lon="0.13926">
        <ele>1971.0</ele>
      </trkpt>
      <trkpt lat="42.910072" lon="0.139261">
        <ele>1971.4</ele>
      </trkpt>
      <trkpt lat="42.910049" lon="0.139262">
        <ele>1971.8</ele>
      </trkpt>
      <trkpt lat="42.910023" lon="0.139265">
        <ele>1972.2</ele>
      </trkpt>
      <trkpt lat="42.909999" lon="0.139268">
        <ele>1972.6</ele>
      </trkpt>
      <trkpt lat="42.909904" lon="0.13928">
        <ele>1973.2</ele>
      </trkpt>
      <trkpt lat="42.909878" lon="0.139284">
        <ele>1973.6</ele>
      </trkpt>
      <trkpt lat="42.909855" lon="0.139286">
        <ele>1974.0</ele>
      </trkpt>
      <trkpt lat="42.909832" lon="0.139289">
        <ele>1974.4</ele>
      </trkpt>
      <trkpt lat="42.909809" lon="0.139293">
        <ele>1974.8</ele>
      </trkpt>
      <trkpt lat="42.909709" lon="0.139303">
        <ele>1975.2</ele>
      </trkpt>
      <trkpt lat="42.909687" lon="0.139301">
        <ele>1975.8</ele>
      </trkpt>
      <trkpt lat="42.909668" lon="0.139298">
        <ele>1976.2</ele>
      </trkpt>
      <trkpt lat="42.909645" lon="0.139294">
        <ele>1976.8</ele>
      </trkpt>
      <trkpt lat="42.909622" lon="0.139292">
        <ele>1977.2</ele>
      </trkpt>
      <trkpt lat="42.909599" lon="0.139288">
        <ele>1977.2</ele>
      </trkpt>
      <trkpt lat="42.909466" lon="0.139264">
        <ele>1977.6</ele>
      </trkpt>
      <trkpt lat="42.909447" lon="0.139264">
        <ele>1978.2</ele>
      </trkpt>
      <trkpt lat="42.909428" lon="0.139265">
        <ele>1978.6</ele>
      </trkpt>
      <trkpt lat="42.909408" lon="0.139268">
        <ele>1979.0</ele>
      </trkpt>
      <trkpt lat="42.909389" lon="0.139271">
        <ele>1979.6</ele>
      </trkpt>
      <trkpt lat="42.909267" lon="0.139292">
        <ele>1979.6</ele>
      </trkpt>
      <trkpt lat="42.909248" lon="0.139298">
        <ele>1980.2</ele>
      </trkpt>
      <trkpt lat="42.909229" lon="0.139305">
        <ele>1980.6</ele>
      </trkpt>
      <trkpt lat="42.909206" lon="0.139313">
        <ele>1981.2</ele>
      </trkpt>
      <trkpt lat="42.909187" lon="0.139321">
        <ele>1981.8</ele>
      </trkpt>
      <trkpt lat="42.909168" lon="0.139327">
        <ele>1982.2</ele>
      </trkpt>
      <trkpt lat="42.909096" lon="0.139353">
        <ele>1982.2</ele>
      </trkpt>
      <trkpt lat="42.909058" lon="0.139371">
        <ele>1982.8</ele>
      </trkpt>
      <trkpt lat="42.909039" lon="0.139382">
        <ele>1983.2</ele>
      </trkpt>
      <trkpt lat="42.909023" lon="0.139395">
        <ele>1983.6</ele>
      </trkpt>
      <trkpt lat="42.909004" lon="0.139408">
        <ele>1984.0</ele>
      </trkpt>
      <trkpt lat="42.908985" lon="0.139422">
        <ele>1984.4</ele>
      </trkpt>
      <trkpt lat="42.908893" lon="0.139494">
        <ele>1984.4</ele>
      </trkpt>
      <trkpt lat="42.908825" lon="0.139561">
        <ele>1985.0</ele>
      </trkpt>
      <trkpt lat="42.90881" lon="0.139579">
        <ele>1985.4</ele>
      </trkpt>
      <trkpt lat="42.908794" lon="0.139598">
        <ele>1985.8</ele>
      </trkpt>
      <trkpt lat="42.908779" lon="0.139617">
        <ele>1986.2</ele>
      </trkpt>
      <trkpt lat="42.908768" lon="0.139636">
        <ele>1986.6</ele>
      </trkpt>
      <trkpt lat="42.908741" lon="0.139674">
        <ele>1986.6</ele>
      </trkpt>
      <trkpt lat="42.908714" lon="0.139711">
        <ele>1987.0</ele>
      </trkpt>
      <trkpt lat="42.908699" lon="0.139729">
        <ele>1987.4</ele>
      </trkpt>
      <trkpt lat="42.908684" lon="0.139747">
        <ele>1987.8</ele>
      </trkpt>
      <trkpt lat="42.908672" lon="0.139765">
        <ele>1988.2</ele>
      </trkpt>
      <trkpt lat="42.908657" lon="0.139783">
        <ele>1988.6</ele>
      </trkpt>
      <trkpt lat="42.908572" lon="0.139897">
        <ele>1988.6</ele>
      </trkpt>
      <trkpt lat="42.908558" lon="0.139916">
        <ele>1989.2</ele>
      </trkpt>
      <trkpt lat="42.908543" lon="0.139935">
        <ele>1989.6</ele>
      </trkpt>
      <trkpt lat="42.908527" lon="0.139954">
        <ele>1990.0</ele>
      </trkpt>
      <trkpt lat="42.908512" lon="0.139972">
        <ele>1990.4</ele>
      </trkpt>
      <trkpt lat="42.908496" lon="0.139993">
        <ele>1990.8</ele>
      </trkpt>
      <trkpt lat="42.908409" lon="0.140079">
        <ele>1991.2</ele>
      </trkpt>
      <trkpt lat="42.90839" lon="0.140092">
        <ele>1991.6</ele>
      </trkpt>
      <trkpt lat="42.908367" lon="0.140104">
        <ele>1992.0</ele>
      </trkpt>
      <trkpt lat="42.908347" lon="0.140116">
        <ele>1992.4</ele>
      </trkpt>
      <trkpt lat="42.908325" lon="0.140127">
        <ele>1992.8</ele>
      </trkpt>
      <trkpt lat="42.908234" lon="0.140185">
        <ele>1993.2</ele>
      </trkpt>
      <trkpt lat="42.908215" lon="0.140198">
        <ele>1993.8</ele>
      </trkpt>
      <trkpt lat="42.908199" lon="0.14021">
        <ele>1994.2</ele>
      </trkpt>
      <trkpt lat="42.90818" lon="0.140223">
        <ele>1994.6</ele>
      </trkpt>
      <trkpt lat="42.908164" lon="0.140239">
        <ele>1995.0</ele>
      </trkpt>
      <trkpt lat="42.908073" lon="0.140338">
        <ele>1995.0</ele>
      </trkpt>
      <trkpt lat="42.908062" lon="0.140355">
        <ele>1995.4</ele>
      </trkpt>
      <trkpt lat="42.908047" lon="0.140372">
        <ele>1995.8</ele>
      </trkpt>
      <trkpt lat="42.908035" lon="0.140389">
        <ele>1996.2</ele>
      </trkpt>
      <trkpt lat="42.908028" lon="0.140408">
        <ele>1996.6</ele>
      </trkpt>
      <trkpt lat="42.908016" lon="0.140428">
        <ele>1997.0</ele>
      </trkpt>
      <trkpt lat="42.907974" lon="0.140515">
        <ele>1997.0</ele>
      </trkpt>
      <trkpt lat="42.907917" lon="0.140589">
        <ele>1997.6</ele>
      </trkpt>
      <trkpt lat="42.907887" lon="0.140623">
        <ele>1998.4</ele>
      </trkpt>
      <trkpt lat="42.907875" lon="0.140638">
        <ele>1999.0</ele>
      </trkpt>
      <trkpt lat="42.90786" lon="0.140655">
        <ele>1999.4</ele>
      </trkpt>
      <trkpt lat="42.907845" lon="0.140669">
        <ele>1999.4</ele>
      </trkpt>
      <trkpt lat="42.907753" lon="0.14076">
        <ele>1999.8</ele>
      </trkpt>
      <trkpt lat="42.907738" lon="0.140777">
        <ele>2000.2</ele>
      </trkpt>
      <trkpt lat="42.907725" lon="0.140796">
        <ele>2000.6</ele>
      </trkpt>
      <trkpt lat="42.907711" lon="0.140815">
        <ele>2001.0</ele>
      </trkpt>
      <trkpt lat="42.9077" lon="0.140833">
        <ele>2001.4</ele>
      </trkpt>
      <trkpt lat="42.907618" lon="0.14095">
        <ele>2002.0</ele>
      </trkpt>
      <trkpt lat="42.907604" lon="0.140971">
        <ele>2002.4</ele>
      </trkpt>
      <trkpt lat="42.907589" lon="0.140994">
        <ele>2002.8</ele>
      </trkpt>
      <trkpt lat="42.907573" lon="0.141017">
        <ele>2003.2</ele>
      </trkpt>
      <trkpt lat="42.907558" lon="0.14104">
        <ele>2003.8</ele>
      </trkpt>
      <trkpt lat="42.907513" lon="0.141109">
        <ele>2004.2</ele>
      </trkpt>
      <trkpt lat="42.907497" lon="0.141132">
        <ele>2004.6</ele>
      </trkpt>
      <trkpt lat="42.907486" lon="0.141156">
        <ele>2005.0</ele>
      </trkpt>
      <trkpt lat="42.907471" lon="0.141179">
        <ele>2005.4</ele>
      </trkpt>
      <trkpt lat="42.907459" lon="0.141203">
        <ele>2005.8</ele>
      </trkpt>
      <trkpt lat="42.907444" lon="0.141226">
        <ele>2005.8</ele>
      </trkpt>
      <trkpt lat="42.907393" lon="0.141345">
        <ele>2006.2</ele>
      </trkpt>
      <trkpt lat="42.907383" lon="0.141369">
        <ele>2006.6</ele>
      </trkpt>
      <trkpt lat="42.907375" lon="0.141394">
        <ele>2007.0</ele>
      </trkpt>
      <trkpt lat="42.907368" lon="0.141419">
        <ele>2007.4</ele>
      </trkpt>
      <trkpt lat="42.90736" lon="0.141444">
        <ele>2007.8</ele>
      </trkpt>
      <trkpt lat="42.907326" lon="0.141572">
        <ele>2008.2</ele>
      </trkpt>
      <trkpt lat="42.907317" lon="0.141599">
        <ele>2008.6</ele>
      </trkpt>
      <trkpt lat="42.907314" lon="0.141625">
        <ele>2009.0</ele>
      </trkpt>
      <trkpt lat="42.90731" lon="0.14165">
        <ele>2009.4</ele>
      </trkpt>
      <trkpt lat="42.907303" lon="0.141675">
        <ele>2010.0</ele>
      </trkpt>
      <trkpt lat="42.907299" lon="0.141701">
        <ele>2010.0</ele>
      </trkpt>
      <trkpt lat="42.907261" lon="0.141889">
        <ele>2010.4</ele>
      </trkpt>
      <trkpt lat="42.907257" lon="0.141919">
        <ele>2010.8</ele>
      </trkpt>
      <trkpt lat="42.907253" lon="0.141948">
        <ele>2011.4</ele>
      </trkpt>
      <trkpt lat="42.907249" lon="0.141978">
        <ele>2011.8</ele>
      </trkpt>
      <trkpt lat="42.907246" lon="0.142005">
        <ele>2012.2</ele>
      </trkpt>
      <trkpt lat="42.907219" lon="0.142134">
        <ele>2012.8</ele>
      </trkpt>
      <trkpt lat="42.907215" lon="0.142159">
        <ele>2013.2</ele>
      </trkpt>
      <trkpt lat="42.907215" lon="0.142185">
        <ele>2013.6</ele>
      </trkpt>
      <trkpt lat="42.90721" lon="0.142211">
        <ele>2014.0</ele>
      </trkpt>
      <trkpt lat="42.907207" lon="0.142237">
        <ele>2014.4</ele>
      </trkpt>
      <trkpt lat="42.907196" lon="0.142408">
        <ele>2014.4</ele>
      </trkpt>
      <trkpt lat="42.90721" lon="0.142521">
        <ele>2015.0</ele>
      </trkpt>
      <trkpt lat="42.907219" lon="0.142551">
        <ele>2015.4</ele>
      </trkpt>
      <trkpt lat="42.907223" lon="0.14258">
        <ele>2015.8</ele>
      </trkpt>
      <trkpt lat="42.90723" lon="0.142608">
        <ele>2016.2</ele>
      </trkpt>
      <trkpt lat="42.907238" lon="0.142635">
        <ele>2016.8</ele>
      </trkpt>
      <trkpt lat="42.907253" lon="0.142684">
        <ele>2017.2</ele>
      </trkpt>
      <trkpt lat="42.907261" lon="0.142707">
        <ele>2017.6</ele>
      </trkpt>
      <trkpt lat="42.907269" lon="0.142729">
        <ele>2018.0</ele>
      </trkpt>
      <trkpt lat="42.907276" lon="0.142749">
        <ele>2018.4</ele>
      </trkpt>
      <trkpt lat="42.907288" lon="0.142769">
        <ele>2018.8</ele>
      </trkpt>
      <trkpt lat="42.90733" lon="0.142846">
        <ele>2018.8</ele>
      </trkpt>
      <trkpt lat="42.90741" lon="0.143038">
        <ele>2019.6</ele>
      </trkpt>
      <trkpt lat="42.907425" lon="0.143088">
        <ele>2020.2</ele>
      </trkpt>
      <trkpt lat="42.907433" lon="0.143115">
        <ele>2020.6</ele>
      </trkpt>
      <trkpt lat="42.90744" lon="0.143141">
        <ele>2021.0</ele>
      </trkpt>
      <trkpt lat="42.907478" lon="0.143349">
        <ele>2021.4</ele>
      </trkpt>
      <trkpt lat="42.907482" lon="0.143375">
        <ele>2022.0</ele>
      </trkpt>
      <trkpt lat="42.907482" lon="0.143401">
        <ele>2022.4</ele>
      </trkpt>
      <trkpt lat="42.907482" lon="0.143426">
        <ele>2023.0</ele>
      </trkpt>
      <trkpt lat="42.907486" lon="0.143451">
        <ele>2023.6</ele>
      </trkpt>
      <trkpt lat="42.907486" lon="0.143533">
        <ele>2023.6</ele>
      </trkpt>
      <trkpt lat="42.907486" lon="0.143653">
        <ele>2024.0</ele>
      </trkpt>
      <trkpt lat="42.907482" lon="0.143682">
        <ele>2024.4</ele>
      </trkpt>
      <trkpt lat="42.907478" lon="0.143712">
        <ele>2024.8</ele>
      </trkpt>
      <trkpt lat="42.907475" lon="0.143742">
        <ele>2025.2</ele>
      </trkpt>
      <trkpt lat="42.907471" lon="0.143773">
        <ele>2025.6</ele>
      </trkpt>
      <trkpt lat="42.907459" lon="0.143801">
        <ele>2025.6</ele>
      </trkpt>
      <trkpt lat="42.907433" lon="0.143855">
        <ele>2026.0</ele>
      </trkpt>
      <trkpt lat="42.907413" lon="0.143877">
        <ele>2026.4</ele>
      </trkpt>
      <trkpt lat="42.907398" lon="0.143898">
        <ele>2026.8</ele>
      </trkpt>
      <trkpt lat="42.907375" lon="0.143917">
        <ele>2027.2</ele>
      </trkpt>
      <trkpt lat="42.907356" lon="0.143934">
        <ele>2027.6</ele>
      </trkpt>
      <trkpt lat="42.907295" lon="0.143979">
        <ele>2027.6</ele>
      </trkpt>
      <trkpt lat="42.907276" lon="0.143993">
        <ele>2028.0</ele>
      </trkpt>
      <trkpt lat="42.907253" lon="0.144006">
        <ele>2028.4</ele>
      </trkpt>
      <trkpt lat="42.907234" lon="0.144019">
        <ele>2028.8</ele>
      </trkpt>
      <trkpt lat="42.90721" lon="0.144031">
        <ele>2029.2</ele>
      </trkpt>
      <trkpt lat="42.907188" lon="0.144043">
        <ele>2029.6</ele>
      </trkpt>
      <trkpt lat="42.907124" lon="0.144088">
        <ele>2029.6</ele>
      </trkpt>
      <trkpt lat="42.907103" lon="0.144106">
        <ele>2030.0</ele>
      </trkpt>
      <trkpt lat="42.907085" lon="0.144125">
        <ele>2030.4</ele>
      </trkpt>
      <trkpt lat="42.907066" lon="0.144146">
        <ele>2031.0</ele>
      </trkpt>
      <trkpt lat="42.907047" lon="0.144164">
        <ele>2031.4</ele>
      </trkpt>
      <trkpt lat="42.907027" lon="0.144183">
        <ele>2031.8</ele>
      </trkpt>
      <trkpt lat="42.906948" lon="0.144243">
        <ele>2031.8</ele>
      </trkpt>
      <trkpt lat="42.906902" lon="0.14427">
        <ele>2032.2</ele>
      </trkpt>
      <trkpt lat="42.906879" lon="0.144282">
        <ele>2032.6</ele>
      </trkpt>
      <trkpt lat="42.906857" lon="0.144294">
        <ele>2033.0</ele>
      </trkpt>
      <trkpt lat="42.90683" lon="0.144303">
        <ele>2033.4</ele>
      </trkpt>
      <trkpt lat="42.906807" lon="0.144313">
        <ele>2033.8</ele>
      </trkpt>
      <trkpt lat="42.906784" lon="0.144322">
        <ele>2033.8</ele>
      </trkpt>
      <trkpt lat="42.906619" lon="0.144403">
        <ele>2034.2</ele>
      </trkpt>
      <trkpt lat="42.906601" lon="0.144413">
        <ele>2034.6</ele>
      </trkpt>
      <trkpt lat="42.906582" lon="0.144422">
        <ele>2035.2</ele>
      </trkpt>
      <trkpt lat="42.906563" lon="0.144432">
        <ele>2035.6</ele>
      </trkpt>
      <trkpt lat="42.906543" lon="0.144441">
        <ele>2036.0</ele>
      </trkpt>
      <trkpt lat="42.906448" lon="0.144485">
        <ele>2036.4</ele>
      </trkpt>
      <trkpt lat="42.906429" lon="0.144493">
        <ele>2036.8</ele>
      </trkpt>
      <trkpt lat="42.90641" lon="0.144502">
        <ele>2037.4</ele>
      </trkpt>
      <trkpt lat="42.906395" lon="0.144514">
        <ele>2037.8</ele>
      </trkpt>
      <trkpt lat="42.906376" lon="0.144525">
        <ele>2038.2</ele>
      </trkpt>
      <trkpt lat="42.906277" lon="0.144623">
        <ele>2038.6</ele>
      </trkpt>
      <trkpt lat="42.906261" lon="0.144641">
        <ele>2039.0</ele>
      </trkpt>
      <trkpt lat="42.90625" lon="0.14466">
        <ele>2039.4</ele>
      </trkpt>
      <trkpt lat="42.906239" lon="0.14468">
        <ele>2039.8</ele>
      </trkpt>
      <trkpt lat="42.906227" lon="0.144701">
        <ele>2040.2</ele>
      </trkpt>
      <trkpt lat="42.90617" lon="0.144818">
        <ele>2040.8</ele>
      </trkpt>
      <trkpt lat="42.906158" lon="0.144842">
        <ele>2041.2</ele>
      </trkpt>
      <trkpt lat="42.906147" lon="0.144866">
        <ele>2041.6</ele>
      </trkpt>
      <trkpt lat="42.906139" lon="0.144891">
        <ele>2042.0</ele>
      </trkpt>
      <trkpt lat="42.906132" lon="0.144913">
        <ele>2042.4</ele>
      </trkpt>
      <trkpt lat="42.906082" lon="0.145056">
        <ele>2042.8</ele>
      </trkpt>
      <trkpt lat="42.906075" lon="0.145079">
        <ele>2043.2</ele>
      </trkpt>
      <trkpt lat="42.906067" lon="0.145103">
        <ele>2043.6</ele>
      </trkpt>
      <trkpt lat="42.906059" lon="0.145126">
        <ele>2044.0</ele>
      </trkpt>
      <trkpt lat="42.906052" lon="0.14515">
        <ele>2044.4</ele>
      </trkpt>
      <trkpt lat="42.906048" lon="0.145175">
        <ele>2044.4</ele>
      </trkpt>
      <trkpt lat="42.90604" lon="0.145273">
        <ele>2044.8</ele>
      </trkpt>
      <trkpt lat="42.906036" lon="0.145298">
        <ele>2045.2</ele>
      </trkpt>
      <trkpt lat="42.906033" lon="0.145322">
        <ele>2045.8</ele>
      </trkpt>
      <trkpt lat="42.906028" lon="0.145345">
        <ele>2046.2</ele>
      </trkpt>
      <trkpt lat="42.906025" lon="0.145369">
        <ele>2046.6</ele>
      </trkpt>
      <trkpt lat="42.905983" lon="0.145564">
        <ele>2047.0</ele>
      </trkpt>
      <trkpt lat="42.905979" lon="0.14559">
        <ele>2047.4</ele>
      </trkpt>
      <trkpt lat="42.905972" lon="0.145614">
        <ele>2047.8</ele>
      </trkpt>
      <trkpt lat="42.905968" lon="0.145638">
        <ele>2048.4</ele>
      </trkpt>
      <trkpt lat="42.90596" lon="0.145661">
        <ele>2048.8</ele>
      </trkpt>
      <trkpt lat="42.90593" lon="0.145745">
        <ele>2049.2</ele>
      </trkpt>
      <trkpt lat="42.905921" lon="0.14577">
        <ele>2049.6</ele>
      </trkpt>
      <trkpt lat="42.90591" lon="0.145795">
        <ele>2050.0</ele>
      </trkpt>
      <trkpt lat="42.905899" lon="0.145821">
        <ele>2050.4</ele>
      </trkpt>
      <trkpt lat="42.905888" lon="0.145846">
        <ele>2050.8</ele>
      </trkpt>
      <trkpt lat="42.905827" lon="0.14595">
        <ele>2050.8</ele>
      </trkpt>
      <trkpt lat="42.905804" lon="0.145989">
        <ele>2051.2</ele>
      </trkpt>
      <trkpt lat="42.905788" lon="0.146007">
        <ele>2051.6</ele>
      </trkpt>
      <trkpt lat="42.905773" lon="0.146024">
        <ele>2052.0</ele>
      </trkpt>
      <trkpt lat="42.905762" lon="0.146047">
        <ele>2052.4</ele>
      </trkpt>
      <trkpt lat="42.905746" lon="0.146072">
        <ele>2052.8</ele>
      </trkpt>
      <trkpt lat="42.905731" lon="0.146096">
        <ele>2052.8</ele>
      </trkpt>
      <trkpt lat="42.905682" lon="0.146189">
        <ele>2053.2</ele>
      </trkpt>
      <trkpt lat="42.90567" lon="0.146212">
        <ele>2053.6</ele>
      </trkpt>
      <trkpt lat="42.905659" lon="0.146232">
        <ele>2054.0</ele>
      </trkpt>
      <trkpt lat="42.905643" lon="0.146254">
        <ele>2054.4</ele>
      </trkpt>
      <trkpt lat="42.905628" lon="0.146273">
        <ele>2054.8</ele>
      </trkpt>
      <trkpt lat="42.905552" lon="0.146365">
        <ele>2054.8</ele>
      </trkpt>
      <trkpt lat="42.905537" lon="0.146377">
        <ele>2055.4</ele>
      </trkpt>
      <trkpt lat="42.905518" lon="0.146387">
        <ele>2055.8</ele>
      </trkpt>
      <trkpt lat="42.905499" lon="0.146396">
        <ele>2056.2</ele>
      </trkpt>
      <trkpt lat="42.905476" lon="0.146404">
        <ele>2056.6</ele>
      </trkpt>
      <trkpt lat="42.905457" lon="0.146411">
        <ele>2057.0</ele>
      </trkpt>
      <trkpt lat="42.905392" lon="0.146432">
        <ele>2057.0</ele>
      </trkpt>
      <trkpt lat="42.905334" lon="0.146456">
        <ele>2057.4</ele>
      </trkpt>
      <trkpt lat="42.905315" lon="0.146468">
        <ele>2057.8</ele>
      </trkpt>
      <trkpt lat="42.905299" lon="0.14648">
        <ele>2058.2</ele>
      </trkpt>
      <trkpt lat="42.905285" lon="0.146491">
        <ele>2058.6</ele>
      </trkpt>
      <trkpt lat="42.905266" lon="0.146505">
        <ele>2059.2</ele>
      </trkpt>
      <trkpt lat="42.905205" lon="0.146583">
        <ele>2059.2</ele>
      </trkpt>
      <trkpt lat="42.905205" lon="0.146683">
        <ele>2059.2</ele>
      </trkpt>
      <trkpt lat="42.905212" lon="0.1467">
        <ele>2059.6</ele>
      </trkpt>
      <trkpt lat="42.905223" lon="0.146715">
        <ele>2060.0</ele>
      </trkpt>
      <trkpt lat="42.905239" lon="0.146725">
        <ele>2060.4</ele>
      </trkpt>
      <trkpt lat="42.905254" lon="0.146727">
        <ele>2060.8</ele>
      </trkpt>
      <trkpt lat="42.905273" lon="0.146728">
        <ele>2061.2</ele>
      </trkpt>
      <trkpt lat="42.905365" lon="0.146686">
        <ele>2061.6</ele>
      </trkpt>
      <trkpt lat="42.905388" lon="0.146671">
        <ele>2062.0</ele>
      </trkpt>
      <trkpt lat="42.905403" lon="0.146659">
        <ele>2062.4</ele>
      </trkpt>
      <trkpt lat="42.905422" lon="0.146648">
        <ele>2063.0</ele>
      </trkpt>
      <trkpt lat="42.905441" lon="0.146639">
        <ele>2063.4</ele>
      </trkpt>
      <trkpt lat="42.905513" lon="0.146605">
        <ele>2063.4</ele>
      </trkpt>
      <trkpt lat="42.905556" lon="0.146589">
        <ele>2063.8</ele>
      </trkpt>
      <trkpt lat="42.905571" lon="0.146581">
        <ele>2064.2</ele>
      </trkpt>
      <trkpt lat="42.905586" lon="0.146574">
        <ele>2064.6</ele>
      </trkpt>
      <trkpt lat="42.905605" lon="0.146566">
        <ele>2065.0</ele>
      </trkpt>
      <trkpt lat="42.90562" lon="0.146556">
        <ele>2065.4</ele>
      </trkpt>
      <trkpt lat="42.90564" lon="0.146545">
        <ele>2065.4</ele>
      </trkpt>
      <trkpt lat="42.90575" lon="0.146467">
        <ele>2065.8</ele>
      </trkpt>
      <trkpt lat="42.905769" lon="0.146452">
        <ele>2066.2</ele>
      </trkpt>
      <trkpt lat="42.905785" lon="0.146435">
        <ele>2066.8</ele>
      </trkpt>
      <trkpt lat="42.905796" lon="0.146418">
        <ele>2067.2</ele>
      </trkpt>
      <trkpt lat="42.905811" lon="0.146397">
        <ele>2067.6</ele>
      </trkpt>
      <trkpt lat="42.905869" lon="0.146303">
        <ele>2068.0</ele>
      </trkpt>
      <trkpt lat="42.90588" lon="0.146286">
        <ele>2068.4</ele>
      </trkpt>
      <trkpt lat="42.90589" lon="0.146273">
        <ele>2068.8</ele>
      </trkpt>
      <trkpt lat="42.905899" lon="0.146253">
        <ele>2069.2</ele>
      </trkpt>
      <trkpt lat="42.905914" lon="0.146242">
        <ele>2069.6</ele>
      </trkpt>
      <trkpt lat="42.905921" lon="0.146224">
        <ele>2069.6</ele>
      </trkpt>
      <trkpt lat="42.905987" lon="0.146113">
        <ele>2070.0</ele>
      </trkpt>
      <trkpt lat="42.905994" lon="0.146095">
        <ele>2070.6</ele>
      </trkpt>
      <trkpt lat="42.906006" lon="0.146078">
        <ele>2071.0</ele>
      </trkpt>
      <trkpt lat="42.906017" lon="0.14606">
        <ele>2071.4</ele>
      </trkpt>
      <trkpt lat="42.906025" lon="0.146043">
        <ele>2071.8</ele>
      </trkpt>
      <trkpt lat="42.906048" lon="0.146008">
        <ele>2071.8</ele>
      </trkpt>
      <trkpt lat="42.906086" lon="0.145959">
        <ele>2072.4</ele>
      </trkpt>
      <trkpt lat="42.906101" lon="0.145947">
        <ele>2072.8</ele>
      </trkpt>
      <trkpt lat="42.906109" lon="0.145934">
        <ele>2073.2</ele>
      </trkpt>
      <trkpt lat="42.906124" lon="0.145919">
        <ele>2073.6</ele>
      </trkpt>
      <trkpt lat="42.906135" lon="0.145906">
        <ele>2074.0</ele>
      </trkpt>
      <trkpt lat="42.906151" lon="0.145897">
        <ele>2074.0</ele>
      </trkpt>
      <trkpt lat="42.906246" lon="0.145828">
        <ele>2074.0</ele>
      </trkpt>
      <trkpt lat="42.906311" lon="0.145781">
        <ele>2074.6</ele>
      </trkpt>
      <trkpt lat="42.906322" lon="0.14577">
        <ele>2075.0</ele>
      </trkpt>
      <trkpt lat="42.906338" lon="0.145759">
        <ele>2075.4</ele>
      </trkpt>
      <trkpt lat="42.906353" lon="0.145746">
        <ele>2075.8</ele>
      </trkpt>
      <trkpt lat="42.906364" lon="0.145736">
        <ele>2076.4</ele>
      </trkpt>
      <trkpt lat="42.90649" lon="0.145665">
        <ele>2076.8</ele>
      </trkpt>
      <trkpt lat="42.906506" lon="0.145659">
        <ele>2077.2</ele>
      </trkpt>
      <trkpt lat="42.906521" lon="0.145648">
        <ele>2077.6</ele>
      </trkpt>
      <trkpt lat="42.906532" lon="0.145637">
        <ele>2078.0</ele>
      </trkpt>
      <trkpt lat="42.906548" lon="0.145622">
        <ele>2078.6</ele>
      </trkpt>
      <trkpt lat="42.906616" lon="0.145538">
        <ele>2079.0</ele>
      </trkpt>
      <trkpt lat="42.906631" lon="0.145521">
        <ele>2079.4</ele>
      </trkpt>
      <trkpt lat="42.906647" lon="0.145503">
        <ele>2079.8</ele>
      </trkpt>
      <trkpt lat="42.906662" lon="0.145485">
        <ele>2080.2</ele>
      </trkpt>
      <trkpt lat="42.906673" lon="0.145467">
        <ele>2080.6</ele>
      </trkpt>
      <trkpt lat="42.906754" lon="0.145352">
        <ele>2080.6</ele>
      </trkpt>
      <trkpt lat="42.906776" lon="0.145318">
        <ele>2081.0</ele>
      </trkpt>
      <trkpt lat="42.906788" lon="0.145301">
        <ele>2081.6</ele>
      </trkpt>
      <trkpt lat="42.906802" lon="0.145285">
        <ele>2082.0</ele>
      </trkpt>
      <trkpt lat="42.906815" lon="0.145268">
        <ele>2082.4</ele>
      </trkpt>
      <trkpt lat="42.90683" lon="0.145252">
        <ele>2082.8</ele>
      </trkpt>
      <trkpt lat="42.90686" lon="0.145221">
        <ele>2083.2</ele>
      </trkpt>
      <trkpt lat="42.906875" lon="0.145209">
        <ele>2083.6</ele>
      </trkpt>
      <trkpt lat="42.906891" lon="0.145199">
        <ele>2084.0</ele>
      </trkpt>
      <trkpt lat="42.906906" lon="0.14519">
        <ele>2084.4</ele>
      </trkpt>
      <trkpt lat="42.90692" lon="0.145184">
        <ele>2085.0</ele>
      </trkpt>
      <trkpt lat="42.906951" lon="0.145175">
        <ele>2085.4</ele>
      </trkpt>
      <trkpt lat="42.906971" lon="0.14517">
        <ele>2085.8</ele>
      </trkpt>
      <trkpt lat="42.906986" lon="0.145166">
        <ele>2086.2</ele>
      </trkpt>
      <trkpt lat="42.907001" lon="0.145162">
        <ele>2086.6</ele>
      </trkpt>
      <trkpt lat="42.907017" lon="0.145159">
        <ele>2087.0</ele>
      </trkpt>
      <trkpt lat="42.907089" lon="0.145157">
        <ele>2087.0</ele>
      </trkpt>
      <trkpt lat="42.90715" lon="0.145156">
        <ele>2087.4</ele>
      </trkpt>
      <trkpt lat="42.907169" lon="0.145154">
        <ele>2087.8</ele>
      </trkpt>
      <trkpt lat="42.907192" lon="0.14515">
        <ele>2088.4</ele>
      </trkpt>
      <trkpt lat="42.90721" lon="0.145144">
        <ele>2088.8</ele>
      </trkpt>
      <trkpt lat="42.907234" lon="0.145139">
        <ele>2089.2</ele>
      </trkpt>
      <trkpt lat="42.907333" lon="0.145112">
        <ele>2089.6</ele>
      </trkpt>
      <trkpt lat="42.907356" lon="0.14511">
        <ele>2090.2</ele>
      </trkpt>
      <trkpt lat="42.907375" lon="0.145107">
        <ele>2090.6</ele>
      </trkpt>
      <trkpt lat="42.907398" lon="0.145107">
        <ele>2091.0</ele>
      </trkpt>
      <trkpt lat="42.907417" lon="0.145107">
        <ele>2091.4</ele>
      </trkpt>
      <trkpt lat="42.90744" lon="0.14511">
        <ele>2091.4</ele>
      </trkpt>
      <trkpt lat="42.907516" lon="0.145126">
        <ele>2091.8</ele>
      </trkpt>
      <trkpt lat="42.907536" lon="0.145132">
        <ele>2092.4</ele>
      </trkpt>
      <trkpt lat="42.907555" lon="0.145139">
        <ele>2092.8</ele>
      </trkpt>
      <trkpt lat="42.90757" lon="0.145146">
        <ele>2093.2</ele>
      </trkpt>
      <trkpt lat="42.907589" lon="0.145154">
        <ele>2093.8</ele>
      </trkpt>
      <trkpt lat="42.907665" lon="0.145186">
        <ele>2094.2</ele>
      </trkpt>
      <trkpt lat="42.907688" lon="0.145194">
        <ele>2094.8</ele>
      </trkpt>
      <trkpt lat="42.907711" lon="0.145199">
        <ele>2095.2</ele>
      </trkpt>
      <trkpt lat="42.90773" lon="0.145205">
        <ele>2095.6</ele>
      </trkpt>
      <trkpt lat="42.907749" lon="0.145208">
        <ele>2096.2</ele>
      </trkpt>
      <trkpt lat="42.907829" lon="0.145199">
        <ele>2096.6</ele>
      </trkpt>
      <trkpt lat="42.907852" lon="0.14519">
        <ele>2097.2</ele>
      </trkpt>
      <trkpt lat="42.907875" lon="0.145182">
        <ele>2097.6</ele>
      </trkpt>
      <trkpt lat="42.907898" lon="0.145173">
        <ele>2098.0</ele>
      </trkpt>
      <trkpt lat="42.907921" lon="0.145162">
        <ele>2098.4</ele>
      </trkpt>
      <trkpt lat="42.908012" lon="0.145119">
        <ele>2098.4</ele>
      </trkpt>
      <trkpt lat="42.908057" lon="0.145099">
        <ele>2099.0</ele>
      </trkpt>
      <trkpt lat="42.908085" lon="0.145092">
        <ele>2099.4</ele>
      </trkpt>
      <trkpt lat="42.908112" lon="0.145098">
        <ele>2100.0</ele>
      </trkpt>
      <trkpt lat="42.908142" lon="0.145107">
        <ele>2100.4</ele>
      </trkpt>
      <trkpt lat="42.908173" lon="0.145122">
        <ele>2101.0</ele>
      </trkpt>
      <trkpt lat="42.908352" lon="0.145253">
        <ele>2101.0</ele>
      </trkpt>
      <trkpt lat="42.908421" lon="0.145391">
        <ele>2101.0</ele>
      </trkpt>
      <trkpt lat="42.908428" lon="0.145415">
        <ele>2101.0</ele>
      </trkpt>
      <trkpt lat="42.908428" lon="0.145416">
        <ele>2101.0</ele>
      </trkpt>
      <trkpt lat="42.908443" lon="0.145406">
        <ele>2101.0</ele>
      </trkpt>
      <trkpt lat="42.908451" lon="0.145394">
        <ele>2119.6</ele>
      </trkpt>
      <trkpt lat="42.908466" lon="0.14537">
        <ele>2101.0</ele>
      </trkpt>
      <trkpt lat="42.908463" lon="0.145353">
        <ele>2101.0</ele>
      </trkpt>
      <trkpt lat="42.908432" lon="0.145296">
        <ele>2101.0</ele>
      </trkpt>
      <trkpt lat="42.908401" lon="0.145256">
        <ele>2101.0</ele>
      </trkpt>
      <trkpt lat="42.908356" lon="0.145202">
        <ele>2101.0</ele>
      </trkpt>
      <trkpt lat="42.908298" lon="0.145105">
        <ele>2101.0</ele>
      </trkpt>
      <trkpt lat="42.908291" lon="0.145065">
        <ele>2101.0</ele>
      </trkpt>
      <trkpt lat="42.908287" lon="0.144991">
        <ele>2101.0</ele>
      </trkpt>
      <trkpt lat="42.90831" lon="0.144926">
        <ele>2101.0</ele>
      </trkpt>
      <trkpt lat="42.908314" lon="0.144919">
        <ele>2101.0</ele>
      </trkpt>
      <trkpt lat="42.908325" lon="0.144923">
        <ele>2101.0</ele>
      </trkpt>
      <trkpt lat="42.908329" lon="0.144916">
        <ele>2103.0</ele>
      </trkpt>
      <trkpt lat="42.908329" lon="0.144917">
        <ele>2103.0</ele>
      </trkpt>
      <trkpt lat="42.908329" lon="0.144919">
        <ele>2103.0</ele>
      </trkpt>
      <trkpt lat="42.908329" lon="0.144919">
        <ele>2103.0</ele>
      </trkpt>
      <trkpt lat="42.908329" lon="0.144919">
        <ele>2103.0</ele>
      </trkpt>
      <trkpt lat="42.908329" lon="0.144917">
        <ele>2103.0</ele>
      </trkpt>
      <trkpt lat="42.908329" lon="0.144917">
        <ele>2103.0</ele>
      </trkpt>
      <trkpt lat="42.908333" lon="0.144917">
        <ele>2103.0</ele>
      </trkpt>
      <trkpt lat="42.908333" lon="0.144917">
        <ele>2103.0</ele>
      </trkpt>
      <trkpt lat="42.908333" lon="0.144917">
        <ele>2103.0</ele>
      </trkpt>
      <trkpt lat="42.908325" lon="0.144934">
        <ele>2103.0</ele>
      </trkpt>
      <trkpt lat="42.90831" lon="0.144976">
        <ele>2103.0</ele>
      </trkpt>
      <trkpt lat="42.908287" lon="0.145038">
        <ele>2102.6</ele>
      </trkpt>
      <trkpt lat="42.908283" lon="0.145072">
        <ele>2102.2</ele>
      </trkpt>
      <trkpt lat="42.908279" lon="0.145106">
        <ele>2101.8</ele>
      </trkpt>
      <trkpt lat="42.908279" lon="0.145134">
        <ele>2101.2</ele>
      </trkpt>
      <trkpt lat="42.908295" lon="0.145183">
        <ele>2102.0</ele>
      </trkpt>
      <trkpt lat="42.908306" lon="0.145201">
        <ele>2102.2</ele>
      </trkpt>
      <trkpt lat="42.908318" lon="0.145216">
        <ele>2102.6</ele>
      </trkpt>
      <trkpt lat="42.908329" lon="0.14523">
        <ele>2103.0</ele>
      </trkpt>
      <trkpt lat="42.908371" lon="0.145268">
        <ele>2103.0</ele>
      </trkpt>
      <trkpt lat="42.908386" lon="0.145281">
        <ele>2103.0</ele>
      </trkpt>
      <trkpt lat="42.90839" lon="0.145279">
        <ele>2103.0</ele>
      </trkpt>
      <trkpt lat="42.90839" lon="0.145274">
        <ele>2103.0</ele>
      </trkpt>
      <trkpt lat="42.908337" lon="0.145234">
        <ele>2103.0</ele>
      </trkpt>
      <trkpt lat="42.908333" lon="0.145233">
        <ele>2103.0</ele>
      </trkpt>
      <trkpt lat="42.908333" lon="0.14523">
        <ele>2103.0</ele>
      </trkpt>
      <trkpt lat="42.908329" lon="0.145224">
        <ele>2103.0</ele>
      </trkpt>
      <trkpt lat="42.908318" lon="0.145186">
        <ele>2103.0</ele>
      </trkpt>
      <trkpt lat="42.908298" lon="0.145051">
        <ele>2103.0</ele>
      </trkpt>
      <trkpt lat="42.908318" lon="0.144914">
        <ele>2103.0</ele>
      </trkpt>
      <trkpt lat="42.908333" lon="0.144872">
        <ele>2105.2</ele>
      </trkpt>
      <trkpt lat="42.908333" lon="0.144878">
        <ele>2105.2</ele>
      </trkpt>
      <trkpt lat="42.908283" lon="0.145018">
        <ele>2105.2</ele>
      </trkpt>
      <trkpt lat="42.908283" lon="0.145048">
        <ele>2105.2</ele>
      </trkpt>
      <trkpt lat="42.908295" lon="0.145133">
        <ele>2105.2</ele>
      </trkpt>
      <trkpt lat="42.908352" lon="0.145246">
        <ele>2105.2</ele>
      </trkpt>
      <trkpt lat="42.90836" lon="0.145262">
        <ele>2105.2</ele>
      </trkpt>
      <trkpt lat="42.908363" lon="0.14528">
        <ele>2105.2</ele>
      </trkpt>
      <trkpt lat="42.908375" lon="0.145211">
        <ele>2105.2</ele>
      </trkpt>
      <trkpt lat="42.908378" lon="0.145195">
        <ele>2105.2</ele>
      </trkpt>
      <trkpt lat="42.908378" lon="0.145191">
        <ele>2105.2</ele>
      </trkpt>
      <trkpt lat="42.908378" lon="0.14519">
        <ele>2105.2</ele>
      </trkpt>
      <trkpt lat="42.908356" lon="0.145171">
        <ele>2107.2</ele>
      </trkpt>
      <trkpt lat="42.908295" lon="0.145124">
        <ele>2107.2</ele>
      </trkpt>
      <trkpt lat="42.908257" lon="0.145112">
        <ele>2106.8</ele>
      </trkpt>
      <trkpt lat="42.908211" lon="0.1451">
        <ele>2106.4</ele>
      </trkpt>
      <trkpt lat="42.908173" lon="0.145093">
        <ele>2105.8</ele>
      </trkpt>
      <trkpt lat="42.908119" lon="0.145089">
        <ele>2105.4</ele>
      </trkpt>
      <trkpt lat="42.908057" lon="0.145092">
        <ele>2105.0</ele>
      </trkpt>
      <trkpt lat="42.907948" lon="0.14512">
        <ele>2105.0</ele>
      </trkpt>
      <trkpt lat="42.90789" lon="0.145134">
        <ele>2105.0</ele>
      </trkpt>
      <trkpt lat="42.907787" lon="0.14516">
        <ele>2104.6</ele>
      </trkpt>
      <trkpt lat="42.907722" lon="0.145169">
        <ele>2104.2</ele>
      </trkpt>
      <trkpt lat="42.907654" lon="0.145159">
        <ele>2103.8</ele>
      </trkpt>
      <trkpt lat="42.907604" lon="0.145133">
        <ele>2103.2</ele>
      </trkpt>
      <trkpt lat="42.907551" lon="0.1451">
        <ele>2102.6</ele>
      </trkpt>
      <trkpt lat="42.907509" lon="0.14507">
        <ele>2102.0</ele>
      </trkpt>
      <trkpt lat="42.907487" lon="0.145063">
        <ele>2103.2</ele>
      </trkpt>
      <trkpt lat="42.907463" lon="0.145055">
        <ele>2101.4</ele>
      </trkpt>
      <trkpt lat="42.907402" lon="0.145063">
        <ele>2100.6</ele>
      </trkpt>
      <trkpt lat="42.907326" lon="0.145079">
        <ele>2100.0</ele>
      </trkpt>
      <trkpt lat="42.907238" lon="0.145106">
        <ele>2099.0</ele>
      </trkpt>
      <trkpt lat="42.907143" lon="0.145125">
        <ele>2098.0</ele>
      </trkpt>
      <trkpt lat="42.907036" lon="0.14514">
        <ele>2097.0</ele>
      </trkpt>
      <trkpt lat="42.906937" lon="0.145158">
        <ele>2095.8</ele>
      </trkpt>
      <trkpt lat="42.906834" lon="0.145193">
        <ele>2094.4</ele>
      </trkpt>
      <trkpt lat="42.906746" lon="0.145268">
        <ele>2093.0</ele>
      </trkpt>
      <trkpt lat="42.906666" lon="0.145377">
        <ele>2091.4</ele>
      </trkpt>
      <trkpt lat="42.906586" lon="0.145495">
        <ele>2090.0</ele>
      </trkpt>
      <trkpt lat="42.906512" lon="0.145652">
        <ele>2088.6</ele>
      </trkpt>
      <trkpt lat="42.906395" lon="0.145726">
        <ele>2087.0</ele>
      </trkpt>
      <trkpt lat="42.906277" lon="0.145808">
        <ele>2085.2</ele>
      </trkpt>
      <trkpt lat="42.906151" lon="0.145913">
        <ele>2083.2</ele>
      </trkpt>
      <trkpt lat="42.90604" lon="0.146017">
        <ele>2081.2</ele>
      </trkpt>
      <trkpt lat="42.905945" lon="0.146113">
        <ele>2079.2</ele>
      </trkpt>
      <trkpt lat="42.905838" lon="0.146225">
        <ele>2077.2</ele>
      </trkpt>
      <trkpt lat="42.905758" lon="0.146324">
        <ele>2075.2</ele>
      </trkpt>
      <trkpt lat="42.905674" lon="0.146434">
        <ele>2074.8</ele>
      </trkpt>
      <trkpt lat="42.905589" lon="0.146514">
        <ele>2074.4</ele>
      </trkpt>
      <trkpt lat="42.905499" lon="0.146573">
        <ele>2073.6</ele>
      </trkpt>
      <trkpt lat="42.905406" lon="0.146616">
        <ele>2072.8</ele>
      </trkpt>
      <trkpt lat="42.905319" lon="0.146655">
        <ele>2072.0</ele>
      </trkpt>
      <trkpt lat="42.905235" lon="0.14668">
        <ele>2071.4</ele>
      </trkpt>
      <trkpt lat="42.90517" lon="0.146662">
        <ele>2070.6</ele>
      </trkpt>
      <trkpt lat="42.905128" lon="0.146626">
        <ele>2070.0</ele>
      </trkpt>
      <trkpt lat="42.90514" lon="0.14655">
        <ele>2069.4</ele>
      </trkpt>
      <trkpt lat="42.905167" lon="0.146483">
        <ele>2068.6</ele>
      </trkpt>
      <trkpt lat="42.905289" lon="0.14641">
        <ele>2068.0</ele>
      </trkpt>
      <trkpt lat="42.905315" lon="0.146383">
        <ele>2066.8</ele>
      </trkpt>
      <trkpt lat="42.905411" lon="0.146342">
        <ele>2065.8</ele>
      </trkpt>
      <trkpt lat="42.90551" lon="0.146309">
        <ele>2064.8</ele>
      </trkpt>
      <trkpt lat="42.905609" lon="0.146262">
        <ele>2063.8</ele>
      </trkpt>
      <trkpt lat="42.905685" lon="0.146152">
        <ele>2063.0</ele>
      </trkpt>
      <trkpt lat="42.905758" lon="0.146044">
        <ele>2062.2</ele>
      </trkpt>
      <trkpt lat="42.905845" lon="0.145889">
        <ele>2061.2</ele>
      </trkpt>
      <trkpt lat="42.905903" lon="0.145769">
        <ele>2060.2</ele>
      </trkpt>
      <trkpt lat="42.905952" lon="0.145564">
        <ele>2059.0</ele>
      </trkpt>
      <trkpt lat="42.905987" lon="0.14539">
        <ele>2057.8</ele>
      </trkpt>
      <trkpt lat="42.906028" lon="0.145233">
        <ele>2056.4</ele>
      </trkpt>
      <trkpt lat="42.906082" lon="0.145037">
        <ele>2055.0</ele>
      </trkpt>
      <trkpt lat="42.906132" lon="0.14488">
        <ele>2053.8</ele>
      </trkpt>
      <trkpt lat="42.906193" lon="0.14473">
        <ele>2052.6</ele>
      </trkpt>
      <trkpt lat="42.906273" lon="0.144591">
        <ele>2051.4</ele>
      </trkpt>
      <trkpt lat="42.906376" lon="0.144491">
        <ele>2050.4</ele>
      </trkpt>
      <trkpt lat="42.906498" lon="0.144417">
        <ele>2049.4</ele>
      </trkpt>
      <trkpt lat="42.906639" lon="0.144349">
        <ele>2048.0</ele>
      </trkpt>
      <trkpt lat="42.906799" lon="0.144285">
        <ele>2046.2</ele>
      </trkpt>
      <trkpt lat="42.906933" lon="0.144205">
        <ele>2044.6</ele>
      </trkpt>
      <trkpt lat="42.907051" lon="0.14412">
        <ele>2043.0</ele>
      </trkpt>
      <trkpt lat="42.907185" lon="0.14403">
        <ele>2041.6</ele>
      </trkpt>
      <trkpt lat="42.907291" lon="0.143925">
        <ele>2040.0</ele>
      </trkpt>
      <trkpt lat="42.907383" lon="0.143831">
        <ele>2038.6</ele>
      </trkpt>
      <trkpt lat="42.907463" lon="0.143733">
        <ele>2037.2</ele>
      </trkpt>
      <trkpt lat="42.907513" lon="0.143597">
        <ele>2035.8</ele>
      </trkpt>
      <trkpt lat="42.907513" lon="0.143441">
        <ele>2034.4</ele>
      </trkpt>
      <trkpt lat="42.907536" lon="0.143293">
        <ele>2033.0</ele>
      </trkpt>
      <trkpt lat="42.907513" lon="0.143144">
        <ele>2032.0</ele>
      </trkpt>
      <trkpt lat="42.907398" lon="0.142953">
        <ele>2031.0</ele>
      </trkpt>
      <trkpt lat="42.907345" lon="0.142808">
        <ele>2030.0</ele>
      </trkpt>
      <trkpt lat="42.907276" lon="0.142664">
        <ele>2029.0</ele>
      </trkpt>
      <trkpt lat="42.907215" lon="0.142502">
        <ele>2027.6</ele>
      </trkpt>
      <trkpt lat="42.907185" lon="0.142329">
        <ele>2026.4</ele>
      </trkpt>
      <trkpt lat="42.907192" lon="0.142147">
        <ele>2025.2</ele>
      </trkpt>
      <trkpt lat="42.907192" lon="0.141988">
        <ele>2024.0</ele>
      </trkpt>
      <trkpt lat="42.907269" lon="0.141807">
        <ele>2022.6</ele>
      </trkpt>
      <trkpt lat="42.907303" lon="0.141626">
        <ele>2021.2</ele>
      </trkpt>
      <trkpt lat="42.907349" lon="0.14143">
        <ele>2019.6</ele>
      </trkpt>
      <trkpt lat="42.907398" lon="0.141246">
        <ele>2018.4</ele>
      </trkpt>
      <trkpt lat="42.907475" lon="0.141082">
        <ele>2017.0</ele>
      </trkpt>
      <trkpt lat="42.907578" lon="0.140934">
        <ele>2015.8</ele>
      </trkpt>
      <trkpt lat="42.90768" lon="0.140792">
        <ele>2014.4</ele>
      </trkpt>
      <trkpt lat="42.907784" lon="0.140638">
        <ele>2013.0</ele>
      </trkpt>
      <trkpt lat="42.907894" lon="0.140481">
        <ele>2011.4</ele>
      </trkpt>
      <trkpt lat="42.908001" lon="0.140324">
        <ele>2009.8</ele>
      </trkpt>
      <trkpt lat="42.908112" lon="0.140167">
        <ele>2008.2</ele>
      </trkpt>
      <trkpt lat="42.908253" lon="0.14008">
        <ele>2006.4</ele>
      </trkpt>
      <trkpt lat="42.908382" lon="0.139979">
        <ele>2004.6</ele>
      </trkpt>
      <trkpt lat="42.908489" lon="0.139866">
        <ele>2003.0</ele>
      </trkpt>
      <trkpt lat="42.908596" lon="0.139717">
        <ele>2001.6</ele>
      </trkpt>
      <trkpt lat="42.908703" lon="0.13957">
        <ele>2000.0</ele>
      </trkpt>
      <trkpt lat="42.908825" lon="0.139445">
        <ele>1998.4</ele>
      </trkpt>
      <trkpt lat="42.908966" lon="0.139355">
        <ele>1996.8</ele>
      </trkpt>
      <trkpt lat="42.909103" lon="0.139306">
        <ele>1995.0</ele>
      </trkpt>
      <trkpt lat="42.909248" lon="0.139261">
        <ele>1993.2</ele>
      </trkpt>
      <trkpt lat="42.909382" lon="0.139223">
        <ele>1991.2</ele>
      </trkpt>
      <trkpt lat="42.909527" lon="0.139214">
        <ele>1989.4</ele>
      </trkpt>
      <trkpt lat="42.909678" lon="0.139229">
        <ele>1987.4</ele>
      </trkpt>
      <trkpt lat="42.90984" lon="0.139252">
        <ele>1985.8</ele>
      </trkpt>
      <trkpt lat="42.910027" lon="0.13927">
        <ele>1984.0</ele>
      </trkpt>
      <trkpt lat="42.910191" lon="0.139275">
        <ele>1982.2</ele>
      </trkpt>
      <trkpt lat="42.910355" lon="0.139294">
        <ele>1980.6</ele>
      </trkpt>
      <trkpt lat="42.910522" lon="0.139323">
        <ele>1978.8</ele>
      </trkpt>
      <trkpt lat="42.910664" lon="0.139346">
        <ele>1977.2</ele>
      </trkpt>
      <trkpt lat="42.910835" lon="0.139403">
        <ele>1975.6</ele>
      </trkpt>
      <trkpt lat="42.910969" lon="0.139439">
        <ele>1974.2</ele>
      </trkpt>
      <trkpt lat="42.911087" lon="0.139457">
        <ele>1972.6</ele>
      </trkpt>
      <trkpt lat="42.91119" lon="0.139462">
        <ele>1971.2</ele>
      </trkpt>
      <trkpt lat="42.91127" lon="0.139381">
        <ele>1969.6</ele>
      </trkpt>
      <trkpt lat="42.911327" lon="0.139268">
        <ele>1969.6</ele>
      </trkpt>
      <trkpt lat="42.911449" lon="0.139042">
        <ele>1969.0</ele>
      </trkpt>
      <trkpt lat="42.911499" lon="0.138852">
        <ele>1968.2</ele>
      </trkpt>
      <trkpt lat="42.911572" lon="0.138701">
        <ele>1967.0</ele>
      </trkpt>
      <trkpt lat="42.911648" lon="0.138561">
        <ele>1966.0</ele>
      </trkpt>
      <trkpt lat="42.911736" lon="0.138452">
        <ele>1964.6</ele>
      </trkpt>
      <trkpt lat="42.911842" lon="0.138376">
        <ele>1963.4</ele>
      </trkpt>
      <trkpt lat="42.911952" lon="0.138317">
        <ele>1962.0</ele>
      </trkpt>
      <trkpt lat="42.912071" lon="0.138279">
        <ele>1960.6</ele>
      </trkpt>
      <trkpt lat="42.912182" lon="0.138196">
        <ele>1959.0</ele>
      </trkpt>
      <trkpt lat="42.912346" lon="0.13816">
        <ele>1957.4</ele>
      </trkpt>
      <trkpt lat="42.912464" lon="0.138091">
        <ele>1955.8</ele>
      </trkpt>
      <trkpt lat="42.912582" lon="0.137987">
        <ele>1954.2</ele>
      </trkpt>
      <trkpt lat="42.912685" lon="0.137814">
        <ele>1952.6</ele>
      </trkpt>
      <trkpt lat="42.912769" lon="0.137674">
        <ele>1951.0</ele>
      </trkpt>
      <trkpt lat="42.912846" lon="0.137526">
        <ele>1949.4</ele>
      </trkpt>
      <trkpt lat="42.912926" lon="0.13738">
        <ele>1948.0</ele>
      </trkpt>
      <trkpt lat="42.913025" lon="0.13729">
        <ele>1946.4</ele>
      </trkpt>
      <trkpt lat="42.913155" lon="0.13724">
        <ele>1944.8</ele>
      </trkpt>
      <trkpt lat="42.913254" lon="0.13718">
        <ele>1944.2</ele>
      </trkpt>
      <trkpt lat="42.913348" lon="0.13713">
        <ele>1943.8</ele>
      </trkpt>
      <trkpt lat="42.913424" lon="0.137039">
        <ele>1943.2</ele>
      </trkpt>
      <trkpt lat="42.913475" lon="0.136958">
        <ele>1942.4</ele>
      </trkpt>
      <trkpt lat="42.913479" lon="0.13685">
        <ele>1941.6</ele>
      </trkpt>
      <trkpt lat="42.913441" lon="0.136742">
        <ele>1940.8</ele>
      </trkpt>
      <trkpt lat="42.913265" lon="0.136705">
        <ele>1939.6</ele>
      </trkpt>
      <trkpt lat="42.913162" lon="0.13672">
        <ele>1938.2</ele>
      </trkpt>
      <trkpt lat="42.913071" lon="0.136774">
        <ele>1937.0</ele>
      </trkpt>
      <trkpt lat="42.912991" lon="0.136834">
        <ele>1935.6</ele>
      </trkpt>
      <trkpt lat="42.912918" lon="0.136936">
        <ele>1934.2</ele>
      </trkpt>
      <trkpt lat="42.912853" lon="0.137048">
        <ele>1932.8</ele>
      </trkpt>
      <trkpt lat="42.912777" lon="0.137162">
        <ele>1931.4</ele>
      </trkpt>
      <trkpt lat="42.912579" lon="0.137542">
        <ele>1931.4</ele>
      </trkpt>
      <trkpt lat="42.912498" lon="0.137627">
        <ele>1931.4</ele>
      </trkpt>
      <trkpt lat="42.912384" lon="0.137718">
        <ele>1931.0</ele>
      </trkpt>
      <trkpt lat="42.912289" lon="0.137773">
        <ele>1930.6</ele>
      </trkpt>
      <trkpt lat="42.912166" lon="0.137814">
        <ele>1930.2</ele>
      </trkpt>
      <trkpt lat="42.912052" lon="0.137831">
        <ele>1929.8</ele>
      </trkpt>
      <trkpt lat="42.911926" lon="0.137842">
        <ele>1929.2</ele>
      </trkpt>
      <trkpt lat="42.911808" lon="0.137832">
        <ele>1929.2</ele>
      </trkpt>
      <trkpt lat="42.91169" lon="0.137827">
        <ele>1929.2</ele>
      </trkpt>
      <trkpt lat="42.911564" lon="0.137846">
        <ele>1929.2</ele>
      </trkpt>
      <trkpt lat="42.911465" lon="0.137898">
        <ele>1928.8</ele>
      </trkpt>
      <trkpt lat="42.911366" lon="0.137985">
        <ele>1928.2</ele>
      </trkpt>
      <trkpt lat="42.911285" lon="0.138094">
        <ele>1927.4</ele>
      </trkpt>
      <trkpt lat="42.911209" lon="0.138187">
        <ele>1926.6</ele>
      </trkpt>
      <trkpt lat="42.91114" lon="0.138318">
        <ele>1926.0</ele>
      </trkpt>
      <trkpt lat="42.911079" lon="0.138404">
        <ele>1925.2</ele>
      </trkpt>
      <trkpt lat="42.911015" lon="0.138494">
        <ele>1924.4</ele>
      </trkpt>
      <trkpt lat="42.910889" lon="0.138547">
        <ele>1924.4</ele>
      </trkpt>
      <trkpt lat="42.910831" lon="0.138505">
        <ele>1924.8</ele>
      </trkpt>
      <trkpt lat="42.910782" lon="0.138432">
        <ele>1925.2</ele>
      </trkpt>
      <trkpt lat="42.910725" lon="0.138287">
        <ele>1925.6</ele>
      </trkpt>
      <trkpt lat="42.910675" lon="0.138187">
        <ele>1925.4</ele>
      </trkpt>
      <trkpt lat="42.910625" lon="0.138071">
        <ele>1925.2</ele>
      </trkpt>
      <trkpt lat="42.910561" lon="0.137994">
        <ele>1924.6</ele>
      </trkpt>
      <trkpt lat="42.910477" lon="0.137955">
        <ele>1924.0</ele>
      </trkpt>
      <trkpt lat="42.910381" lon="0.137938">
        <ele>1923.2</ele>
      </trkpt>
      <trkpt lat="42.910229" lon="0.137983">
        <ele>1922.4</ele>
      </trkpt>
      <trkpt lat="42.910126" lon="0.13799">
        <ele>1921.4</ele>
      </trkpt>
      <trkpt lat="42.910007" lon="0.137986">
        <ele>1920.6</ele>
      </trkpt>
      <trkpt lat="42.909874" lon="0.137959">
        <ele>1919.6</ele>
      </trkpt>
      <trkpt lat="42.909733" lon="0.13794">
        <ele>1918.6</ele>
      </trkpt>
      <trkpt lat="42.909611" lon="0.137927">
        <ele>1917.4</ele>
      </trkpt>
      <trkpt lat="42.909466" lon="0.137908">
        <ele>1916.2</ele>
      </trkpt>
      <trkpt lat="42.909328" lon="0.137888">
        <ele>1915.0</ele>
      </trkpt>
      <trkpt lat="42.909199" lon="0.137859">
        <ele>1913.8</ele>
      </trkpt>
      <trkpt lat="42.909073" lon="0.137821">
        <ele>1912.6</ele>
      </trkpt>
      <trkpt lat="42.908947" lon="0.137775">
        <ele>1911.4</ele>
      </trkpt>
      <trkpt lat="42.90881" lon="0.13774">
        <ele>1910.2</ele>
      </trkpt>
      <trkpt lat="42.908679" lon="0.13771">
        <ele>1909.2</ele>
      </trkpt>
      <trkpt lat="42.908558" lon="0.137708">
        <ele>1908.0</ele>
      </trkpt>
      <trkpt lat="42.908428" lon="0.137706">
        <ele>1907.2</ele>
      </trkpt>
      <trkpt lat="42.908318" lon="0.137704">
        <ele>1906.4</ele>
      </trkpt>
      <trkpt lat="42.908211" lon="0.137745">
        <ele>1905.4</ele>
      </trkpt>
      <trkpt lat="42.908115" lon="0.1378">
        <ele>1904.4</ele>
      </trkpt>
      <trkpt lat="42.908012" lon="0.137837">
        <ele>1903.4</ele>
      </trkpt>
      <trkpt lat="42.907921" lon="0.137896">
        <ele>1902.2</ele>
      </trkpt>
      <trkpt lat="42.907829" lon="0.137966">
        <ele>1901.0</ele>
      </trkpt>
      <trkpt lat="42.907742" lon="0.13807">
        <ele>1899.8</ele>
      </trkpt>
      <trkpt lat="42.907665" lon="0.13816">
        <ele>1898.6</ele>
      </trkpt>
      <trkpt lat="42.907597" lon="0.138268">
        <ele>1897.4</ele>
      </trkpt>
      <trkpt lat="42.907528" lon="0.138373">
        <ele>1896.2</ele>
      </trkpt>
      <trkpt lat="42.907459" lon="0.138477">
        <ele>1895.6</ele>
      </trkpt>
      <trkpt lat="42.907383" lon="0.138535">
        <ele>1894.8</ele>
      </trkpt>
      <trkpt lat="42.907299" lon="0.138564">
        <ele>1894.2</ele>
      </trkpt>
      <trkpt lat="42.90721" lon="0.138576">
        <ele>1893.6</ele>
      </trkpt>
      <trkpt lat="42.907108" lon="0.138557">
        <ele>1893.0</ele>
      </trkpt>
      <trkpt lat="42.907005" lon="0.138543">
        <ele>1892.4</ele>
      </trkpt>
      <trkpt lat="42.906906" lon="0.138533">
        <ele>1891.4</ele>
      </trkpt>
      <trkpt lat="42.906799" lon="0.138533">
        <ele>1890.6</ele>
      </trkpt>
      <trkpt lat="42.906685" lon="0.13859">
        <ele>1889.8</ele>
      </trkpt>
      <trkpt lat="42.90659" lon="0.13862">
        <ele>1888.8</ele>
      </trkpt>
      <trkpt lat="42.906487" lon="0.138651">
        <ele>1887.8</ele>
      </trkpt>
      <trkpt lat="42.906376" lon="0.138651">
        <ele>1886.8</ele>
      </trkpt>
      <trkpt lat="42.906265" lon="0.138618">
        <ele>1885.8</ele>
      </trkpt>
      <trkpt lat="42.906162" lon="0.138555">
        <ele>1885.0</ele>
      </trkpt>
      <trkpt lat="42.906048" lon="0.138398">
        <ele>1884.0</ele>
      </trkpt>
      <trkpt lat="42.905945" lon="0.138305">
        <ele>1883.0</ele>
      </trkpt>
      <trkpt lat="42.905827" lon="0.138237">
        <ele>1882.0</ele>
      </trkpt>
      <trkpt lat="42.905689" lon="0.138141">
        <ele>1881.0</ele>
      </trkpt>
      <trkpt lat="42.905579" lon="0.138052">
        <ele>1879.8</ele>
      </trkpt>
      <trkpt lat="42.905449" lon="0.137906">
        <ele>1878.6</ele>
      </trkpt>
      <trkpt lat="42.905338" lon="0.137759">
        <ele>1877.2</ele>
      </trkpt>
      <trkpt lat="42.905247" lon="0.137618">
        <ele>1876.0</ele>
      </trkpt>
      <trkpt lat="42.905163" lon="0.137423">
        <ele>1874.8</ele>
      </trkpt>
      <trkpt lat="42.905071" lon="0.137272">
        <ele>1873.6</ele>
      </trkpt>
      <trkpt lat="42.904961" lon="0.137148">
        <ele>1872.2</ele>
      </trkpt>
      <trkpt lat="42.904869" lon="0.137041">
        <ele>1870.8</ele>
      </trkpt>
      <trkpt lat="42.904728" lon="0.136995">
        <ele>1869.8</ele>
      </trkpt>
      <trkpt lat="42.90461" lon="0.136968">
        <ele>1868.8</ele>
      </trkpt>
      <trkpt lat="42.904461" lon="0.136998">
        <ele>1867.4</ele>
      </trkpt>
      <trkpt lat="42.904327" lon="0.137008">
        <ele>1866.0</ele>
      </trkpt>
      <trkpt lat="42.904198" lon="0.137001">
        <ele>1864.4</ele>
      </trkpt>
      <trkpt lat="42.90406" lon="0.13697">
        <ele>1863.0</ele>
      </trkpt>
      <trkpt lat="42.903912" lon="0.13693">
        <ele>1861.4</ele>
      </trkpt>
      <trkpt lat="42.903801" lon="0.136892">
        <ele>1860.0</ele>
      </trkpt>
      <trkpt lat="42.903694" lon="0.136816">
        <ele>1858.6</ele>
      </trkpt>
      <trkpt lat="42.903622" lon="0.136689">
        <ele>1857.2</ele>
      </trkpt>
      <trkpt lat="42.903564" lon="0.136553">
        <ele>1855.6</ele>
      </trkpt>
      <trkpt lat="42.903534" lon="0.136392">
        <ele>1855.6</ele>
      </trkpt>
      <trkpt lat="42.903431" lon="0.13626">
        <ele>1855.2</ele>
      </trkpt>
      <trkpt lat="42.903346" lon="0.13616">
        <ele>1854.8</ele>
      </trkpt>
      <trkpt lat="42.90321" lon="0.136105">
        <ele>1853.8</ele>
      </trkpt>
      <trkpt lat="42.903099" lon="0.136066">
        <ele>1852.8</ele>
      </trkpt>
      <trkpt lat="42.902977" lon="0.136028">
        <ele>1851.6</ele>
      </trkpt>
      <trkpt lat="42.902878" lon="0.136001">
        <ele>1850.6</ele>
      </trkpt>
      <trkpt lat="42.902836" lon="0.13583">
        <ele>1849.6</ele>
      </trkpt>
      <trkpt lat="42.902821" lon="0.135665">
        <ele>1848.6</ele>
      </trkpt>
      <trkpt lat="42.902763" lon="0.135552">
        <ele>1847.4</ele>
      </trkpt>
      <trkpt lat="42.902767" lon="0.13535">
        <ele>1846.8</ele>
      </trkpt>
      <trkpt lat="42.90274" lon="0.135175">
        <ele>1846.2</ele>
      </trkpt>
      <trkpt lat="42.902733" lon="0.134991">
        <ele>1845.2</ele>
      </trkpt>
      <trkpt lat="42.90274" lon="0.13482">
        <ele>1844.4</ele>
      </trkpt>
      <trkpt lat="42.902798" lon="0.134657">
        <ele>1843.4</ele>
      </trkpt>
      <trkpt lat="42.902794" lon="0.134487">
        <ele>1842.4</ele>
      </trkpt>
      <trkpt lat="42.902752" lon="0.134316">
        <ele>1841.4</ele>
      </trkpt>
      <trkpt lat="42.902721" lon="0.134172">
        <ele>1840.2</ele>
      </trkpt>
      <trkpt lat="42.902588" lon="0.134077">
        <ele>1839.0</ele>
      </trkpt>
      <trkpt lat="42.902489" lon="0.133989">
        <ele>1837.8</ele>
      </trkpt>
      <trkpt lat="42.90237" lon="0.133922">
        <ele>1836.4</ele>
      </trkpt>
      <trkpt lat="42.90229" lon="0.133762">
        <ele>1835.0</ele>
      </trkpt>
      <trkpt lat="42.90224" lon="0.133597">
        <ele>1833.6</ele>
      </trkpt>
      <trkpt lat="42.902203" lon="0.133417">
        <ele>1832.4</ele>
      </trkpt>
      <trkpt lat="42.902161" lon="0.133235">
        <ele>1831.0</ele>
      </trkpt>
      <trkpt lat="42.9021" lon="0.13306">
        <ele>1829.6</ele>
      </trkpt>
      <trkpt lat="42.902035" lon="0.132895">
        <ele>1828.2</ele>
      </trkpt>
      <trkpt lat="42.90197" lon="0.13274">
        <ele>1826.8</ele>
      </trkpt>
      <trkpt lat="42.901936" lon="0.132587">
        <ele>1825.4</ele>
      </trkpt>
      <trkpt lat="42.901947" lon="0.132451">
        <ele>1824.0</ele>
      </trkpt>
      <trkpt lat="42.90202" lon="0.132374">
        <ele>1823.4</ele>
      </trkpt>
      <trkpt lat="42.902119" lon="0.132336">
        <ele>1822.6</ele>
      </trkpt>
      <trkpt lat="42.90226" lon="0.132309">
        <ele>1821.6</ele>
      </trkpt>
      <trkpt lat="42.902386" lon="0.132289">
        <ele>1820.6</ele>
      </trkpt>
      <trkpt lat="42.902512" lon="0.132266">
        <ele>1819.4</ele>
      </trkpt>
      <trkpt lat="42.902634" lon="0.132235">
        <ele>1818.0</ele>
      </trkpt>
      <trkpt lat="42.90276" lon="0.132183">
        <ele>1816.6</ele>
      </trkpt>
      <trkpt lat="42.902855" lon="0.132097">
        <ele>1815.2</ele>
      </trkpt>
      <trkpt lat="42.902962" lon="0.132023">
        <ele>1814.0</ele>
      </trkpt>
      <trkpt lat="42.903019" lon="0.131837">
        <ele>1813.0</ele>
      </trkpt>
      <trkpt lat="42.903091" lon="0.131702">
        <ele>1812.0</ele>
      </trkpt>
      <trkpt lat="42.903225" lon="0.131596">
        <ele>1810.6</ele>
      </trkpt>
      <trkpt lat="42.903332" lon="0.131468">
        <ele>1809.2</ele>
      </trkpt>
      <trkpt lat="42.903419" lon="0.131346">
        <ele>1808.0</ele>
      </trkpt>
      <trkpt lat="42.903454" lon="0.13121">
        <ele>1807.0</ele>
      </trkpt>
      <trkpt lat="42.903461" lon="0.131047">
        <ele>1806.0</ele>
      </trkpt>
      <trkpt lat="42.903442" lon="0.130882">
        <ele>1804.4</ele>
      </trkpt>
      <trkpt lat="42.903412" lon="0.130706">
        <ele>1803.0</ele>
      </trkpt>
      <trkpt lat="42.903439" lon="0.130517">
        <ele>1801.8</ele>
      </trkpt>
      <trkpt lat="42.903477" lon="0.130347">
        <ele>1800.4</ele>
      </trkpt>
      <trkpt lat="42.903515" lon="0.130192">
        <ele>1799.0</ele>
      </trkpt>
      <trkpt lat="42.903571" lon="0.130007">
        <ele>1798.0</ele>
      </trkpt>
      <trkpt lat="42.903629" lon="0.129832">
        <ele>1796.8</ele>
      </trkpt>
      <trkpt lat="42.903687" lon="0.129656">
        <ele>1795.4</ele>
      </trkpt>
      <trkpt lat="42.90374" lon="0.129482">
        <ele>1794.2</ele>
      </trkpt>
      <trkpt lat="42.903778" lon="0.129315">
        <ele>1792.8</ele>
      </trkpt>
      <trkpt lat="42.903812" lon="0.129163">
        <ele>1791.6</ele>
      </trkpt>
      <trkpt lat="42.903809" lon="0.129029">
        <ele>1790.4</ele>
      </trkpt>
      <trkpt lat="42.903805" lon="0.128911">
        <ele>1789.0</ele>
      </trkpt>
      <trkpt lat="42.903801" lon="0.128836">
        <ele>1787.8</ele>
      </trkpt>
      <trkpt lat="42.903809" lon="0.128762">
        <ele>1787.8</ele>
      </trkpt>
      <trkpt lat="42.90379" lon="0.128546">
        <ele>1787.2</ele>
      </trkpt>
      <trkpt lat="42.903763" lon="0.12847">
        <ele>1786.8</ele>
      </trkpt>
      <trkpt lat="42.903713" lon="0.128372">
        <ele>1786.0</ele>
      </trkpt>
      <trkpt lat="42.903675" lon="0.128266">
        <ele>1785.4</ele>
      </trkpt>
      <trkpt lat="42.903625" lon="0.128122">
        <ele>1784.2</ele>
      </trkpt>
      <trkpt lat="42.903599" lon="0.127991">
        <ele>1783.2</ele>
      </trkpt>
      <trkpt lat="42.90361" lon="0.127788">
        <ele>1782.0</ele>
      </trkpt>
      <trkpt lat="42.903647" lon="0.127634">
        <ele>1781.0</ele>
      </trkpt>
      <trkpt lat="42.903687" lon="0.12748">
        <ele>1779.8</ele>
      </trkpt>
      <trkpt lat="42.903721" lon="0.127332">
        <ele>1778.6</ele>
      </trkpt>
      <trkpt lat="42.903728" lon="0.127149">
        <ele>1777.2</ele>
      </trkpt>
      <trkpt lat="42.903736" lon="0.126991">
        <ele>1776.0</ele>
      </trkpt>
      <trkpt lat="42.90377" lon="0.12684">
        <ele>1774.8</ele>
      </trkpt>
      <trkpt lat="42.90379" lon="0.126699">
        <ele>1773.4</ele>
      </trkpt>
      <trkpt lat="42.903824" lon="0.126577">
        <ele>1772.2</ele>
      </trkpt>
      <trkpt lat="42.903877" lon="0.126481">
        <ele>1772.2</ele>
      </trkpt>
      <trkpt lat="42.903888" lon="0.126469">
        <ele>1731.6</ele>
      </trkpt>
      <trkpt lat="42.903937" lon="0.126415">
        <ele>1772.2</ele>
      </trkpt>
      <trkpt lat="42.90401" lon="0.12639">
        <ele>1771.6</ele>
      </trkpt>
      <trkpt lat="42.904095" lon="0.126419">
        <ele>1771.2</ele>
      </trkpt>
      <trkpt lat="42.904144" lon="0.126509">
        <ele>1770.2</ele>
      </trkpt>
      <trkpt lat="42.904117" lon="0.126745">
        <ele>1769.2</ele>
      </trkpt>
      <trkpt lat="42.90411" lon="0.126878">
        <ele>1768.2</ele>
      </trkpt>
      <trkpt lat="42.90411" lon="0.127025">
        <ele>1766.6</ele>
      </trkpt>
      <trkpt lat="42.904106" lon="0.127158">
        <ele>1764.8</ele>
      </trkpt>
      <trkpt lat="42.904156" lon="0.127322">
        <ele>1763.0</ele>
      </trkpt>
      <trkpt lat="42.90419" lon="0.127457">
        <ele>1761.4</ele>
      </trkpt>
      <trkpt lat="42.904202" lon="0.12761">
        <ele>1759.6</ele>
      </trkpt>
      <trkpt lat="42.904232" lon="0.127777">
        <ele>1758.8</ele>
      </trkpt>
      <trkpt lat="42.904255" lon="0.127945">
        <ele>1758.0</ele>
      </trkpt>
      <trkpt lat="42.904263" lon="0.128116">
        <ele>1757.2</ele>
      </trkpt>
      <trkpt lat="42.904269" lon="0.128307">
        <ele>1756.2</ele>
      </trkpt>
      <trkpt lat="42.904282" lon="0.128479">
        <ele>1755.4</ele>
      </trkpt>
      <trkpt lat="42.9043" lon="0.128649">
        <ele>1754.4</ele>
      </trkpt>
      <trkpt lat="42.904331" lon="0.128819">
        <ele>1753.6</ele>
      </trkpt>
      <trkpt lat="42.904366" lon="0.12899">
        <ele>1753.0</ele>
      </trkpt>
      <trkpt lat="42.904404" lon="0.129157">
        <ele>1752.4</ele>
      </trkpt>
      <trkpt lat="42.904442" lon="0.129324">
        <ele>1751.4</ele>
      </trkpt>
      <trkpt lat="42.904483" lon="0.129489">
        <ele>1750.4</ele>
      </trkpt>
      <trkpt lat="42.904537" lon="0.129649">
        <ele>1749.4</ele>
      </trkpt>
      <trkpt lat="42.904598" lon="0.129788">
        <ele>1748.2</ele>
      </trkpt>
      <trkpt lat="42.904739" lon="0.1299">
        <ele>1747.2</ele>
      </trkpt>
      <trkpt lat="42.904835" lon="0.129999">
        <ele>1746.0</ele>
      </trkpt>
      <trkpt lat="42.90498" lon="0.130093">
        <ele>1745.0</ele>
      </trkpt>
      <trkpt lat="42.905106" lon="0.130181">
        <ele>1744.4</ele>
      </trkpt>
      <trkpt lat="42.90522" lon="0.130284">
        <ele>1743.4</ele>
      </trkpt>
      <trkpt lat="42.905323" lon="0.13041">
        <ele>1742.0</ele>
      </trkpt>
      <trkpt lat="42.905415" lon="0.130551">
        <ele>1740.6</ele>
      </trkpt>
      <trkpt lat="42.905495" lon="0.130685">
        <ele>1739.2</ele>
      </trkpt>
      <trkpt lat="42.905563" lon="0.130866">
        <ele>1737.8</ele>
      </trkpt>
      <trkpt lat="42.905617" lon="0.131039">
        <ele>1736.0</ele>
      </trkpt>
      <trkpt lat="42.905655" lon="0.131215">
        <ele>1734.4</ele>
      </trkpt>
      <trkpt lat="42.905701" lon="0.131372">
        <ele>1732.8</ele>
      </trkpt>
      <trkpt lat="42.905777" lon="0.131495">
        <ele>1731.0</ele>
      </trkpt>
      <trkpt lat="42.905857" lon="0.131591">
        <ele>1729.4</ele>
      </trkpt>
      <trkpt lat="42.905975" lon="0.131602">
        <ele>1729.4</ele>
      </trkpt>
      <trkpt lat="42.906059" lon="0.131666">
        <ele>1729.4</ele>
      </trkpt>
      <trkpt lat="42.90618" lon="0.131568">
        <ele>1730.0</ele>
      </trkpt>
      <trkpt lat="42.906284" lon="0.131529">
        <ele>1730.4</ele>
      </trkpt>
      <trkpt lat="42.90638" lon="0.131477">
        <ele>1731.0</ele>
      </trkpt>
      <trkpt lat="42.906464" lon="0.131397">
        <ele>1731.4</ele>
      </trkpt>
      <trkpt lat="42.906532" lon="0.131289">
        <ele>1732.0</ele>
      </trkpt>
      <trkpt lat="42.906654" lon="0.131053">
        <ele>1731.4</ele>
      </trkpt>
      <trkpt lat="42.906685" lon="0.130895">
        <ele>1731.0</ele>
      </trkpt>
      <trkpt lat="42.906708" lon="0.130734">
        <ele>1730.4</ele>
      </trkpt>
      <trkpt lat="42.906731" lon="0.130577">
        <ele>1729.6</ele>
      </trkpt>
      <trkpt lat="42.906757" lon="0.130423">
        <ele>1729.0</ele>
      </trkpt>
      <trkpt lat="42.906792" lon="0.130286">
        <ele>1728.4</ele>
      </trkpt>
      <trkpt lat="42.906834" lon="0.130116">
        <ele>1727.6</ele>
      </trkpt>
      <trkpt lat="42.906879" lon="0.129956">
        <ele>1727.0</ele>
      </trkpt>
      <trkpt lat="42.906918" lon="0.129791">
        <ele>1726.4</ele>
      </trkpt>
      <trkpt lat="42.906951" lon="0.129636">
        <ele>1725.8</ele>
      </trkpt>
      <trkpt lat="42.906967" lon="0.129431">
        <ele>1724.8</ele>
      </trkpt>
      <trkpt lat="42.906979" lon="0.129251">
        <ele>1723.8</ele>
      </trkpt>
      <trkpt lat="42.906986" lon="0.129063">
        <ele>1722.6</ele>
      </trkpt>
      <trkpt lat="42.90699" lon="0.12887">
        <ele>1721.6</ele>
      </trkpt>
      <trkpt lat="42.906994" lon="0.128675">
        <ele>1720.2</ele>
      </trkpt>
      <trkpt lat="42.907001" lon="0.12849">
        <ele>1718.8</ele>
      </trkpt>
      <trkpt lat="42.907005" lon="0.128275">
        <ele>1717.4</ele>
      </trkpt>
      <trkpt lat="42.907013" lon="0.128071">
        <ele>1716.0</ele>
      </trkpt>
      <trkpt lat="42.907024" lon="0.127868">
        <ele>1714.6</ele>
      </trkpt>
      <trkpt lat="42.907032" lon="0.12768">
        <ele>1713.6</ele>
      </trkpt>
      <trkpt lat="42.907047" lon="0.127456">
        <ele>1712.6</ele>
      </trkpt>
      <trkpt lat="42.907066" lon="0.127269">
        <ele>1711.4</ele>
      </trkpt>
      <trkpt lat="42.907082" lon="0.127042">
        <ele>1710.0</ele>
      </trkpt>
      <trkpt lat="42.907093" lon="0.126834">
        <ele>1708.4</ele>
      </trkpt>
      <trkpt lat="42.907101" lon="0.126626">
        <ele>1706.8</ele>
      </trkpt>
      <trkpt lat="42.907103" lon="0.126416">
        <ele>1705.1</ele>
      </trkpt>
      <trkpt lat="42.907112" lon="0.126207">
        <ele>1703.8</ele>
      </trkpt>
      <trkpt lat="42.907124" lon="0.125999">
        <ele>1702.6</ele>
      </trkpt>
      <trkpt lat="42.907131" lon="0.12579">
        <ele>1701.1</ele>
      </trkpt>
      <trkpt lat="42.907127" lon="0.125583">
        <ele>1699.8</ele>
      </trkpt>
      <trkpt lat="42.907112" lon="0.125374">
        <ele>1698.6</ele>
      </trkpt>
      <trkpt lat="42.907093" lon="0.125166">
        <ele>1697.1</ele>
      </trkpt>
      <trkpt lat="42.907082" lon="0.124957">
        <ele>1695.8</ele>
      </trkpt>
      <trkpt lat="42.907074" lon="0.124745">
        <ele>1694.1</ele>
      </trkpt>
      <trkpt lat="42.907066" lon="0.124533">
        <ele>1692.8</ele>
      </trkpt>
      <trkpt lat="42.907066" lon="0.124321">
        <ele>1691.1</ele>
      </trkpt>
      <trkpt lat="42.907066" lon="0.124107">
        <ele>1689.6</ele>
      </trkpt>
      <trkpt lat="42.907066" lon="0.123889">
        <ele>1688.0</ele>
      </trkpt>
      <trkpt lat="42.907074" lon="0.123669">
        <ele>1686.4</ele>
      </trkpt>
      <trkpt lat="42.907078" lon="0.123446">
        <ele>1684.8</ele>
      </trkpt>
      <trkpt lat="42.907082" lon="0.123242">
        <ele>1683.4</ele>
      </trkpt>
      <trkpt lat="42.907089" lon="0.12302">
        <ele>1682.0</ele>
      </trkpt>
      <trkpt lat="42.907093" lon="0.122776">
        <ele>1680.4</ele>
      </trkpt>
      <trkpt lat="42.907093" lon="0.12257">
        <ele>1678.8</ele>
      </trkpt>
      <trkpt lat="42.907082" lon="0.122334">
        <ele>1677.1</ele>
      </trkpt>
      <trkpt lat="42.907078" lon="0.12212">
        <ele>1675.4</ele>
      </trkpt>
      <trkpt lat="42.907078" lon="0.121921">
        <ele>1673.8</ele>
      </trkpt>
      <trkpt lat="42.907078" lon="0.121711">
        <ele>1672.4</ele>
      </trkpt>
      <trkpt lat="42.907066" lon="0.121467">
        <ele>1671.0</ele>
      </trkpt>
      <trkpt lat="42.907063" lon="0.121262">
        <ele>1669.4</ele>
      </trkpt>
      <trkpt lat="42.907055" lon="0.121019">
        <ele>1668.0</ele>
      </trkpt>
      <trkpt lat="42.907058" lon="0.120796">
        <ele>1666.6</ele>
      </trkpt>
      <trkpt lat="42.907063" lon="0.120571">
        <ele>1665.1</ele>
      </trkpt>
      <trkpt lat="42.90707" lon="0.120342">
        <ele>1663.8</ele>
      </trkpt>
      <trkpt lat="42.907082" lon="0.120114">
        <ele>1662.1</ele>
      </trkpt>
      <trkpt lat="42.907101" lon="0.119886">
        <ele>1660.8</ele>
      </trkpt>
      <trkpt lat="42.907116" lon="0.119658">
        <ele>1659.1</ele>
      </trkpt>
      <trkpt lat="42.907146" lon="0.119441">
        <ele>1657.6</ele>
      </trkpt>
      <trkpt lat="42.907169" lon="0.119215">
        <ele>1656.0</ele>
      </trkpt>
      <trkpt lat="42.907196" lon="0.118987">
        <ele>1654.4</ele>
      </trkpt>
      <trkpt lat="42.907223" lon="0.118759">
        <ele>1653.0</ele>
      </trkpt>
      <trkpt lat="42.907249" lon="0.118532">
        <ele>1651.4</ele>
      </trkpt>
      <trkpt lat="42.90728" lon="0.118306">
        <ele>1649.8</ele>
      </trkpt>
      <trkpt lat="42.907314" lon="0.118079">
        <ele>1648.4</ele>
      </trkpt>
      <trkpt lat="42.907345" lon="0.11785">
        <ele>1646.6</ele>
      </trkpt>
      <trkpt lat="42.907379" lon="0.117627">
        <ele>1645.0</ele>
      </trkpt>
      <trkpt lat="42.907417" lon="0.11741">
        <ele>1643.1</ele>
      </trkpt>
      <trkpt lat="42.907463" lon="0.117204">
        <ele>1641.6</ele>
      </trkpt>
      <trkpt lat="42.907513" lon="0.117002">
        <ele>1640.0</ele>
      </trkpt>
      <trkpt lat="42.907562" lon="0.116817">
        <ele>1638.1</ele>
      </trkpt>
      <trkpt lat="42.907642" lon="0.11662">
        <ele>1636.6</ele>
      </trkpt>
      <trkpt lat="42.907725" lon="0.116441">
        <ele>1635.8</ele>
      </trkpt>
      <trkpt lat="42.907803" lon="0.116266">
        <ele>1634.8</ele>
      </trkpt>
      <trkpt lat="42.907879" lon="0.116112">
        <ele>1633.8</ele>
      </trkpt>
      <trkpt lat="42.907951" lon="0.115977">
        <ele>1632.8</ele>
      </trkpt>
      <trkpt lat="42.908024" lon="0.115859">
        <ele>1631.8</ele>
      </trkpt>
      <trkpt lat="42.908085" lon="0.115752">
        <ele>1631.0</ele>
      </trkpt>
      <trkpt lat="42.908123" lon="0.115643">
        <ele>1630.0</ele>
      </trkpt>
      <trkpt lat="42.908133" lon="0.115537">
        <ele>1630.0</ele>
      </trkpt>
      <trkpt lat="42.9081" lon="0.115391">
        <ele>1630.0</ele>
      </trkpt>
      <trkpt lat="42.907902" lon="0.115498">
        <ele>1630.0</ele>
      </trkpt>
      <trkpt lat="42.907749" lon="0.11566">
        <ele>1630.0</ele>
      </trkpt>
      <trkpt lat="42.907665" lon="0.115761">
        <ele>1629.4</ele>
      </trkpt>
      <trkpt lat="42.907589" lon="0.115868">
        <ele>1629.0</ele>
      </trkpt>
      <trkpt lat="42.907509" lon="0.115981">
        <ele>1628.4</ele>
      </trkpt>
      <trkpt lat="42.907429" lon="0.116083">
        <ele>1627.8</ele>
      </trkpt>
      <trkpt lat="42.907341" lon="0.116179">
        <ele>1627.1</ele>
      </trkpt>
      <trkpt lat="42.907246" lon="0.116233">
        <ele>1626.6</ele>
      </trkpt>
      <trkpt lat="42.907162" lon="0.116217">
        <ele>1626.0</ele>
      </trkpt>
      <trkpt lat="42.907131" lon="0.116032">
        <ele>1625.1</ele>
      </trkpt>
      <trkpt lat="42.907134" lon="0.115912">
        <ele>1624.4</ele>
      </trkpt>
      <trkpt lat="42.907162" lon="0.115785">
        <ele>1623.1</ele>
      </trkpt>
      <trkpt lat="42.907204" lon="0.115649">
        <ele>1622.0</ele>
      </trkpt>
      <trkpt lat="42.907241" lon="0.115501">
        <ele>1620.4</ele>
      </trkpt>
      <trkpt lat="42.907276" lon="0.115343">
        <ele>1619.0</ele>
      </trkpt>
      <trkpt lat="42.907307" lon="0.115192">
        <ele>1617.6</ele>
      </trkpt>
      <trkpt lat="42.907326" lon="0.115007">
        <ele>1616.0</ele>
      </trkpt>
      <trkpt lat="42.907345" lon="0.114832">
        <ele>1614.6</ele>
      </trkpt>
      <trkpt lat="42.907356" lon="0.114654">
        <ele>1613.4</ele>
      </trkpt>
      <trkpt lat="42.90736" lon="0.114466">
        <ele>1612.0</ele>
      </trkpt>
      <trkpt lat="42.907356" lon="0.114277">
        <ele>1610.6</ele>
      </trkpt>
      <trkpt lat="42.907345" lon="0.114088">
        <ele>1609.1</ele>
      </trkpt>
      <trkpt lat="42.90733" lon="0.113896">
        <ele>1607.8</ele>
      </trkpt>
      <trkpt lat="42.90731" lon="0.113703">
        <ele>1606.4</ele>
      </trkpt>
      <trkpt lat="42.907288" lon="0.113503">
        <ele>1605.0</ele>
      </trkpt>
      <trkpt lat="42.907269" lon="0.113299">
        <ele>1603.6</ele>
      </trkpt>
      <trkpt lat="42.907257" lon="0.113094">
        <ele>1602.4</ele>
      </trkpt>
      <trkpt lat="42.907246" lon="0.112885">
        <ele>1601.1</ele>
      </trkpt>
      <trkpt lat="42.90723" lon="0.112669">
        <ele>1599.8</ele>
      </trkpt>
      <trkpt lat="42.907215" lon="0.112453">
        <ele>1598.4</ele>
      </trkpt>
      <trkpt lat="42.9072" lon="0.112237">
        <ele>1597.0</ele>
      </trkpt>
      <trkpt lat="42.907177" lon="0.112021">
        <ele>1595.6</ele>
      </trkpt>
      <trkpt lat="42.90715" lon="0.111809">
        <ele>1594.1</ele>
      </trkpt>
      <trkpt lat="42.907108" lon="0.111599">
        <ele>1592.8</ele>
      </trkpt>
      <trkpt lat="42.907055" lon="0.111393">
        <ele>1591.4</ele>
      </trkpt>
      <trkpt lat="42.907001" lon="0.111192">
        <ele>1590.1</ele>
      </trkpt>
      <trkpt lat="42.906951" lon="0.110989">
        <ele>1588.8</ele>
      </trkpt>
      <trkpt lat="42.906898" lon="0.110785">
        <ele>1587.4</ele>
      </trkpt>
      <trkpt lat="42.906844" lon="0.110579">
        <ele>1585.8</ele>
      </trkpt>
      <trkpt lat="42.906784" lon="0.110373">
        <ele>1584.4</ele>
      </trkpt>
      <trkpt lat="42.906723" lon="0.110165">
        <ele>1582.8</ele>
      </trkpt>
      <trkpt lat="42.906662" lon="0.109957">
        <ele>1581.1</ele>
      </trkpt>
      <trkpt lat="42.906601" lon="0.109742">
        <ele>1579.8</ele>
      </trkpt>
      <trkpt lat="42.906543" lon="0.109523">
        <ele>1578.1</ele>
      </trkpt>
      <trkpt lat="42.906498" lon="0.109307">
        <ele>1576.4</ele>
      </trkpt>
      <trkpt lat="42.906456" lon="0.109085">
        <ele>1574.8</ele>
      </trkpt>
      <trkpt lat="42.906422" lon="0.108856">
        <ele>1573.1</ele>
      </trkpt>
      <trkpt lat="42.906391" lon="0.108626">
        <ele>1571.6</ele>
      </trkpt>
      <trkpt lat="42.906364" lon="0.1084">
        <ele>1569.8</ele>
      </trkpt>
      <trkpt lat="42.906342" lon="0.108171">
        <ele>1568.0</ele>
      </trkpt>
      <trkpt lat="42.906329" lon="0.107938">
        <ele>1566.0</ele>
      </trkpt>
      <trkpt lat="42.906319" lon="0.107702">
        <ele>1564.0</ele>
      </trkpt>
      <trkpt lat="42.906307" lon="0.107468">
        <ele>1562.1</ele>
      </trkpt>
      <trkpt lat="42.906296" lon="0.107232">
        <ele>1560.1</ele>
      </trkpt>
      <trkpt lat="42.906284" lon="0.107009">
        <ele>1558.8</ele>
      </trkpt>
      <trkpt lat="42.906261" lon="0.106775">
        <ele>1557.4</ele>
      </trkpt>
      <trkpt lat="42.906227" lon="0.106553">
        <ele>1556.0</ele>
      </trkpt>
      <trkpt lat="42.906185" lon="0.106337">
        <ele>1554.1</ele>
      </trkpt>
      <trkpt lat="42.906151" lon="0.106134">
        <ele>1552.6</ele>
      </trkpt>
      <trkpt lat="42.906124" lon="0.105941">
        <ele>1550.8</ele>
      </trkpt>
      <trkpt lat="42.906128" lon="0.105752">
        <ele>1549.1</ele>
      </trkpt>
      <trkpt lat="42.906162" lon="0.105564">
        <ele>1548.4</ele>
      </trkpt>
      <trkpt lat="42.906197" lon="0.105375">
        <ele>1547.6</ele>
      </trkpt>
      <trkpt lat="42.906223" lon="0.105179">
        <ele>1546.8</ele>
      </trkpt>
      <trkpt lat="42.906239" lon="0.104979">
        <ele>1546.0</ele>
      </trkpt>
      <trkpt lat="42.90625" lon="0.104782">
        <ele>1544.8</ele>
      </trkpt>
      <trkpt lat="42.906258" lon="0.104598">
        <ele>1543.4</ele>
      </trkpt>
      <trkpt lat="42.906281" lon="0.104389">
        <ele>1542.2</ele>
      </trkpt>
      <trkpt lat="42.906296" lon="0.104214">
        <ele>1541.0</ele>
      </trkpt>
      <trkpt lat="42.906322" lon="0.103992">
        <ele>1539.8</ele>
      </trkpt>
      <trkpt lat="42.906345" lon="0.103793">
        <ele>1538.6</ele>
      </trkpt>
      <trkpt lat="42.906368" lon="0.103591">
        <ele>1537.4</ele>
      </trkpt>
      <trkpt lat="42.906391" lon="0.103405">
        <ele>1536.2</ele>
      </trkpt>
      <trkpt lat="42.906418" lon="0.103189">
        <ele>1535.0</ele>
      </trkpt>
      <trkpt lat="42.906441" lon="0.103001">
        <ele>1533.6</ele>
      </trkpt>
      <trkpt lat="42.906467" lon="0.102786">
        <ele>1532.0</ele>
      </trkpt>
      <trkpt lat="42.906487" lon="0.102596">
        <ele>1530.4</ele>
      </trkpt>
      <trkpt lat="42.906517" lon="0.102402">
        <ele>1528.8</ele>
      </trkpt>
      <trkpt lat="42.906543" lon="0.102239">
        <ele>1527.4</ele>
      </trkpt>
      <trkpt lat="42.90657" lon="0.102092">
        <ele>1525.8</ele>
      </trkpt>
      <trkpt lat="42.906582" lon="0.10186">
        <ele>1525.8</ele>
      </trkpt>
      <trkpt lat="42.906509" lon="0.10183">
        <ele>1525.8</ele>
      </trkpt>
      <trkpt lat="42.906414" lon="0.101789">
        <ele>1525.8</ele>
      </trkpt>
      <trkpt lat="42.906345" lon="0.101989">
        <ele>1525.8</ele>
      </trkpt>
      <trkpt lat="42.906338" lon="0.102099">
        <ele>1525.8</ele>
      </trkpt>
      <trkpt lat="42.906334" lon="0.102343">
        <ele>1525.4</ele>
      </trkpt>
      <trkpt lat="42.906338" lon="0.10246">
        <ele>1525.0</ele>
      </trkpt>
      <trkpt lat="42.906296" lon="0.102589">
        <ele>1524.0</ele>
      </trkpt>
      <trkpt lat="42.906253" lon="0.102746">
        <ele>1523.2</ele>
      </trkpt>
      <trkpt lat="42.906174" lon="0.102907">
        <ele>1522.4</ele>
      </trkpt>
      <trkpt lat="42.906124" lon="0.10304">
        <ele>1521.4</ele>
      </trkpt>
      <trkpt lat="42.906063" lon="0.103227">
        <ele>1520.4</ele>
      </trkpt>
      <trkpt lat="42.906013" lon="0.103377">
        <ele>1519.4</ele>
      </trkpt>
      <trkpt lat="42.90596" lon="0.103563">
        <ele>1518.6</ele>
      </trkpt>
      <trkpt lat="42.905907" lon="0.103712">
        <ele>1517.4</ele>
      </trkpt>
      <trkpt lat="42.905834" lon="0.103892">
        <ele>1516.4</ele>
      </trkpt>
      <trkpt lat="42.905762" lon="0.104053">
        <ele>1515.4</ele>
      </trkpt>
      <trkpt lat="42.905689" lon="0.104214">
        <ele>1514.4</ele>
      </trkpt>
      <trkpt lat="42.905613" lon="0.104362">
        <ele>1513.4</ele>
      </trkpt>
      <trkpt lat="42.905533" lon="0.104486">
        <ele>1512.6</ele>
      </trkpt>
      <trkpt lat="42.905449" lon="0.104573">
        <ele>1511.6</ele>
      </trkpt>
      <trkpt lat="42.905357" lon="0.104607">
        <ele>1510.6</ele>
      </trkpt>
      <trkpt lat="42.905277" lon="0.104586">
        <ele>1510.6</ele>
      </trkpt>
      <trkpt lat="42.905201" lon="0.104591">
        <ele>1510.2</ele>
      </trkpt>
      <trkpt lat="42.90515" lon="0.104488">
        <ele>1509.8</ele>
      </trkpt>
      <trkpt lat="42.905178" lon="0.104267">
        <ele>1508.8</ele>
      </trkpt>
      <trkpt lat="42.905258" lon="0.104164">
        <ele>1508.0</ele>
      </trkpt>
      <trkpt lat="42.905323" lon="0.104058">
        <ele>1507.0</ele>
      </trkpt>
      <trkpt lat="42.905388" lon="0.103963">
        <ele>1506.0</ele>
      </trkpt>
      <trkpt lat="42.905445" lon="0.103808">
        <ele>1504.8</ele>
      </trkpt>
      <trkpt lat="42.905495" lon="0.103682">
        <ele>1503.8</ele>
      </trkpt>
      <trkpt lat="42.905529" lon="0.10355">
        <ele>1502.6</ele>
      </trkpt>
      <trkpt lat="42.905563" lon="0.103368">
        <ele>1501.4</ele>
      </trkpt>
      <trkpt lat="42.905586" lon="0.103206">
        <ele>1500.2</ele>
      </trkpt>
      <trkpt lat="42.905605" lon="0.103062">
        <ele>1499.2</ele>
      </trkpt>
      <trkpt lat="42.90562" lon="0.102878">
        <ele>1498.0</ele>
      </trkpt>
      <trkpt lat="42.905632" lon="0.102724">
        <ele>1497.0</ele>
      </trkpt>
      <trkpt lat="42.905643" lon="0.102539">
        <ele>1495.8</ele>
      </trkpt>
      <trkpt lat="42.905647" lon="0.102364">
        <ele>1494.4</ele>
      </trkpt>
      <trkpt lat="42.905651" lon="0.102192">
        <ele>1493.2</ele>
      </trkpt>
      <trkpt lat="42.905643" lon="0.10202">
        <ele>1492.0</ele>
      </trkpt>
      <trkpt lat="42.905632" lon="0.101858">
        <ele>1490.6</ele>
      </trkpt>
      <trkpt lat="42.905602" lon="0.101705">
        <ele>1489.4</ele>
      </trkpt>
      <trkpt lat="42.905563" lon="0.101574">
        <ele>1488.0</ele>
      </trkpt>
      <trkpt lat="42.905506" lon="0.101477">
        <ele>1486.8</ele>
      </trkpt>
      <trkpt lat="42.905453" lon="0.101423">
        <ele>1486.8</ele>
      </trkpt>
      <trkpt lat="42.905357" lon="0.101438">
        <ele>1486.8</ele>
      </trkpt>
      <trkpt lat="42.905277" lon="0.101486">
        <ele>1486.8</ele>
      </trkpt>
      <trkpt lat="42.905228" lon="0.101843">
        <ele>1486.8</ele>
      </trkpt>
      <trkpt lat="42.905235" lon="0.102151">
        <ele>1486.2</ele>
      </trkpt>
      <trkpt lat="42.905239" lon="0.102293">
        <ele>1485.8</ele>
      </trkpt>
      <trkpt lat="42.90519" lon="0.102457">
        <ele>1485.2</ele>
      </trkpt>
      <trkpt lat="42.905136" lon="0.102598">
        <ele>1484.4</ele>
      </trkpt>
      <trkpt lat="42.905041" lon="0.102753">
        <ele>1483.6</ele>
      </trkpt>
      <trkpt lat="42.904934" lon="0.102893">
        <ele>1482.6</ele>
      </trkpt>
      <trkpt lat="42.904842" lon="0.103008">
        <ele>1481.4</ele>
      </trkpt>
      <trkpt lat="42.904724" lon="0.103149">
        <ele>1480.4</ele>
      </trkpt>
      <trkpt lat="42.904629" lon="0.103266">
        <ele>1479.0</ele>
      </trkpt>
      <trkpt lat="42.90451" lon="0.103397">
        <ele>1477.6</ele>
      </trkpt>
      <trkpt lat="42.904407" lon="0.103503">
        <ele>1476.4</ele>
      </trkpt>
      <trkpt lat="42.9043" lon="0.103578">
        <ele>1475.4</ele>
      </trkpt>
      <trkpt lat="42.90419" lon="0.103612">
        <ele>1474.4</ele>
      </trkpt>
      <trkpt lat="42.904086" lon="0.103609">
        <ele>1473.4</ele>
      </trkpt>
      <trkpt lat="42.903996" lon="0.10357">
        <ele>1472.6</ele>
      </trkpt>
      <trkpt lat="42.9039" lon="0.103558">
        <ele>1471.6</ele>
      </trkpt>
      <trkpt lat="42.90382" lon="0.103455">
        <ele>1471.2</ele>
      </trkpt>
      <trkpt lat="42.903751" lon="0.103359">
        <ele>1470.8</ele>
      </trkpt>
      <trkpt lat="42.903683" lon="0.103159">
        <ele>1470.0</ele>
      </trkpt>
      <trkpt lat="42.903625" lon="0.103036">
        <ele>1469.2</ele>
      </trkpt>
      <trkpt lat="42.903557" lon="0.102884">
        <ele>1468.0</ele>
      </trkpt>
      <trkpt lat="42.903495" lon="0.102746">
        <ele>1467.0</ele>
      </trkpt>
      <trkpt lat="42.903442" lon="0.102616">
        <ele>1466.0</ele>
      </trkpt>
      <trkpt lat="42.903389" lon="0.102434">
        <ele>1465.0</ele>
      </trkpt>
      <trkpt lat="42.903381" lon="0.102249">
        <ele>1464.0</ele>
      </trkpt>
      <trkpt lat="42.903366" lon="0.102105">
        <ele>1463.0</ele>
      </trkpt>
      <trkpt lat="42.903346" lon="0.101927">
        <ele>1462.2</ele>
      </trkpt>
      <trkpt lat="42.903328" lon="0.101763">
        <ele>1461.2</ele>
      </trkpt>
      <trkpt lat="42.903309" lon="0.101602">
        <ele>1460.2</ele>
      </trkpt>
      <trkpt lat="42.903286" lon="0.10144">
        <ele>1459.2</ele>
      </trkpt>
      <trkpt lat="42.903267" lon="0.101278">
        <ele>1458.8</ele>
      </trkpt>
      <trkpt lat="42.903239" lon="0.101121">
        <ele>1458.4</ele>
      </trkpt>
      <trkpt lat="42.903217" lon="0.100966">
        <ele>1458.0</ele>
      </trkpt>
      <trkpt lat="42.903198" lon="0.100815">
        <ele>1457.6</ele>
      </trkpt>
      <trkpt lat="42.903202" lon="0.100665">
        <ele>1457.0</ele>
      </trkpt>
      <trkpt lat="42.90329" lon="0.100389">
        <ele>1456.2</ele>
      </trkpt>
      <trkpt lat="42.9034" lon="0.100284">
        <ele>1455.4</ele>
      </trkpt>
      <trkpt lat="42.903477" lon="0.100159">
        <ele>1454.2</ele>
      </trkpt>
      <trkpt lat="42.903534" lon="0.100019">
        <ele>1453.2</ele>
      </trkpt>
      <trkpt lat="42.903564" lon="0.099866">
        <ele>1452.0</ele>
      </trkpt>
      <trkpt lat="42.903571" lon="0.099703">
        <ele>1450.8</ele>
      </trkpt>
      <trkpt lat="42.903568" lon="0.099537">
        <ele>1449.6</ele>
      </trkpt>
      <trkpt lat="42.903584" lon="0.099379">
        <ele>1448.4</ele>
      </trkpt>
      <trkpt lat="42.903549" lon="0.099196">
        <ele>1447.6</ele>
      </trkpt>
      <trkpt lat="42.903538" lon="0.099023">
        <ele>1446.8</ele>
      </trkpt>
      <trkpt lat="42.903534" lon="0.098849">
        <ele>1445.8</ele>
      </trkpt>
      <trkpt lat="42.903519" lon="0.098673">
        <ele>1444.6</ele>
      </trkpt>
      <trkpt lat="42.903511" lon="0.098495">
        <ele>1443.4</ele>
      </trkpt>
      <trkpt lat="42.903492" lon="0.098313">
        <ele>1442.4</ele>
      </trkpt>
      <trkpt lat="42.903469" lon="0.098128">
        <ele>1441.2</ele>
      </trkpt>
      <trkpt lat="42.90345" lon="0.097942">
        <ele>1440.0</ele>
      </trkpt>
      <trkpt lat="42.903427" lon="0.097751">
        <ele>1438.6</ele>
      </trkpt>
      <trkpt lat="42.903404" lon="0.097561">
        <ele>1437.4</ele>
      </trkpt>
      <trkpt lat="42.903385" lon="0.097369">
        <ele>1436.0</ele>
      </trkpt>
      <trkpt lat="42.903374" lon="0.097176">
        <ele>1435.0</ele>
      </trkpt>
      <trkpt lat="42.90337" lon="0.096982">
        <ele>1434.2</ele>
      </trkpt>
      <trkpt lat="42.903362" lon="0.096788">
        <ele>1433.0</ele>
      </trkpt>
      <trkpt lat="42.903358" lon="0.096595">
        <ele>1432.0</ele>
      </trkpt>
      <trkpt lat="42.903346" lon="0.096397">
        <ele>1431.0</ele>
      </trkpt>
      <trkpt lat="42.903339" lon="0.096199">
        <ele>1429.8</ele>
      </trkpt>
      <trkpt lat="42.903336" lon="0.095999">
        <ele>1428.8</ele>
      </trkpt>
      <trkpt lat="42.903332" lon="0.095798">
        <ele>1428.0</ele>
      </trkpt>
      <trkpt lat="42.903332" lon="0.095599">
        <ele>1427.0</ele>
      </trkpt>
      <trkpt lat="42.903328" lon="0.095398">
        <ele>1426.2</ele>
      </trkpt>
      <trkpt lat="42.903324" lon="0.095198">
        <ele>1425.2</ele>
      </trkpt>
      <trkpt lat="42.90332" lon="0.094997">
        <ele>1424.2</ele>
      </trkpt>
      <trkpt lat="42.903315" lon="0.094799">
        <ele>1423.4</ele>
      </trkpt>
      <trkpt lat="42.903313" lon="0.094599">
        <ele>1422.6</ele>
      </trkpt>
      <trkpt lat="42.903301" lon="0.094395">
        <ele>1421.8</ele>
      </trkpt>
      <trkpt lat="42.903286" lon="0.094199">
        <ele>1420.8</ele>
      </trkpt>
      <trkpt lat="42.903263" lon="0.094011">
        <ele>1420.0</ele>
      </trkpt>
      <trkpt lat="42.903236" lon="0.093824">
        <ele>1419.0</ele>
      </trkpt>
      <trkpt lat="42.903206" lon="0.093641">
        <ele>1418.2</ele>
      </trkpt>
      <trkpt lat="42.903172" lon="0.093459">
        <ele>1417.4</ele>
      </trkpt>
      <trkpt lat="42.903137" lon="0.093283">
        <ele>1416.8</ele>
      </trkpt>
      <trkpt lat="42.903103" lon="0.093106">
        <ele>1416.2</ele>
      </trkpt>
      <trkpt lat="42.903065" lon="0.09293">
        <ele>1415.6</ele>
      </trkpt>
      <trkpt lat="42.90303" lon="0.092754">
        <ele>1415.0</ele>
      </trkpt>
      <trkpt lat="42.902912" lon="0.092235">
        <ele>1414.6</ele>
      </trkpt>
      <trkpt lat="42.90287" lon="0.092068">
        <ele>1414.2</ele>
      </trkpt>
      <trkpt lat="42.902828" lon="0.091902">
        <ele>1413.8</ele>
      </trkpt>
      <trkpt lat="42.902786" lon="0.091737">
        <ele>1413.0</ele>
      </trkpt>
      <trkpt lat="42.902748" lon="0.091568">
        <ele>1412.4</ele>
      </trkpt>
      <trkpt lat="42.902714" lon="0.091395">
        <ele>1411.6</ele>
      </trkpt>
      <trkpt lat="42.902695" lon="0.091206">
        <ele>1411.0</ele>
      </trkpt>
      <trkpt lat="42.902683" lon="0.091027">
        <ele>1410.2</ele>
      </trkpt>
      <trkpt lat="42.902683" lon="0.090842">
        <ele>1409.8</ele>
      </trkpt>
      <trkpt lat="42.902695" lon="0.090658">
        <ele>1409.4</ele>
      </trkpt>
      <trkpt lat="42.90271" lon="0.090474">
        <ele>1408.6</ele>
      </trkpt>
      <trkpt lat="42.902724" lon="0.09029">
        <ele>1407.8</ele>
      </trkpt>
      <trkpt lat="42.902733" lon="0.090106">
        <ele>1407.0</ele>
      </trkpt>
      <trkpt lat="42.902718" lon="0.089927">
        <ele>1406.2</ele>
      </trkpt>
      <trkpt lat="42.902687" lon="0.089752">
        <ele>1405.2</ele>
      </trkpt>
      <trkpt lat="42.902645" lon="0.089582">
        <ele>1404.4</ele>
      </trkpt>
      <trkpt lat="42.902603" lon="0.089413">
        <ele>1403.4</ele>
      </trkpt>
      <trkpt lat="42.902569" lon="0.089242">
        <ele>1402.6</ele>
      </trkpt>
      <trkpt lat="42.902431" lon="0.08875">
        <ele>1402.2</ele>
      </trkpt>
      <trkpt lat="42.902392" lon="0.088586">
        <ele>1401.8</ele>
      </trkpt>
      <trkpt lat="42.902351" lon="0.088426">
        <ele>1401.2</ele>
      </trkpt>
      <trkpt lat="42.902306" lon="0.088269">
        <ele>1400.8</ele>
      </trkpt>
      <trkpt lat="42.902264" lon="0.088112">
        <ele>1400.4</ele>
      </trkpt>
      <trkpt lat="42.902133" lon="0.087637">
        <ele>1400.4</ele>
      </trkpt>
      <trkpt lat="42.902088" lon="0.087479">
        <ele>1399.8</ele>
      </trkpt>
      <trkpt lat="42.902039" lon="0.087326">
        <ele>1399.4</ele>
      </trkpt>
      <trkpt lat="42.901993" lon="0.087174">
        <ele>1399.0</ele>
      </trkpt>
      <trkpt lat="42.90195" lon="0.087015">
        <ele>1398.6</ele>
      </trkpt>
      <trkpt lat="42.901913" lon="0.086854">
        <ele>1398.0</ele>
      </trkpt>
      <trkpt lat="42.901878" lon="0.086689">
        <ele>1397.6</ele>
      </trkpt>
      <trkpt lat="42.901855" lon="0.08652">
        <ele>1397.0</ele>
      </trkpt>
      <trkpt lat="42.90184" lon="0.086346">
        <ele>1396.2</ele>
      </trkpt>
      <trkpt lat="42.901825" lon="0.086172">
        <ele>1395.6</ele>
      </trkpt>
      <trkpt lat="42.901814" lon="0.085994">
        <ele>1394.8</ele>
      </trkpt>
      <trkpt lat="42.901798" lon="0.085805">
        <ele>1393.8</ele>
      </trkpt>
      <trkpt lat="42.901779" lon="0.085618">
        <ele>1393.0</ele>
      </trkpt>
      <trkpt lat="42.901764" lon="0.085428">
        <ele>1391.8</ele>
      </trkpt>
      <trkpt lat="42.901745" lon="0.08524">
        <ele>1390.8</ele>
      </trkpt>
      <trkpt lat="42.90173" lon="0.085048">
        <ele>1389.8</ele>
      </trkpt>
      <trkpt lat="42.901688" lon="0.084661">
        <ele>1387.4</ele>
      </trkpt>
      <trkpt lat="42.901661" lon="0.084466">
        <ele>1386.0</ele>
      </trkpt>
      <trkpt lat="42.901627" lon="0.084262">
        <ele>1384.6</ele>
      </trkpt>
      <trkpt lat="42.901592" lon="0.084049">
        <ele>1383.2</ele>
      </trkpt>
      <trkpt lat="42.901573" lon="0.08383">
        <ele>1381.8</ele>
      </trkpt>
      <trkpt lat="42.901573" lon="0.083615">
        <ele>1380.4</ele>
      </trkpt>
      <trkpt lat="42.901577" lon="0.083401">
        <ele>1378.6</ele>
      </trkpt>
      <trkpt lat="42.901566" lon="0.083189">
        <ele>1376.8</ele>
      </trkpt>
      <trkpt lat="42.90152" lon="0.082982">
        <ele>1375.0</ele>
      </trkpt>
      <trkpt lat="42.901455" lon="0.082786">
        <ele>1373.2</ele>
      </trkpt>
      <trkpt lat="42.901371" lon="0.082589">
        <ele>1371.6</ele>
      </trkpt>
      <trkpt lat="42.901283" lon="0.082395">
        <ele>1370.0</ele>
      </trkpt>
      <trkpt lat="42.901192" lon="0.082205">
        <ele>1368.2</ele>
      </trkpt>
      <trkpt lat="42.9011" lon="0.082005">
        <ele>1366.4</ele>
      </trkpt>
      <trkpt lat="42.901016" lon="0.081798">
        <ele>1364.6</ele>
      </trkpt>
      <trkpt lat="42.900944" lon="0.081584">
        <ele>1363.0</ele>
      </trkpt>
      <trkpt lat="42.900879" lon="0.081368">
        <ele>1361.4</ele>
      </trkpt>
      <trkpt lat="42.900822" lon="0.081153">
        <ele>1359.8</ele>
      </trkpt>
      <trkpt lat="42.900764" lon="0.080934">
        <ele>1358.0</ele>
      </trkpt>
      <trkpt lat="42.900707" lon="0.080713">
        <ele>1356.0</ele>
      </trkpt>
      <trkpt lat="42.900646" lon="0.080494">
        <ele>1354.2</ele>
      </trkpt>
      <trkpt lat="42.900585" lon="0.080288">
        <ele>1352.4</ele>
      </trkpt>
      <trkpt lat="42.900512" lon="0.080056">
        <ele>1350.6</ele>
      </trkpt>
      <trkpt lat="42.90044" lon="0.079841">
        <ele>1349.0</ele>
      </trkpt>
      <trkpt lat="42.900364" lon="0.079653">
        <ele>1347.4</ele>
      </trkpt>
      <trkpt lat="42.900284" lon="0.079434">
        <ele>1345.8</ele>
      </trkpt>
      <trkpt lat="42.900208" lon="0.079213">
        <ele>1344.2</ele>
      </trkpt>
      <trkpt lat="42.900135" lon="0.078991">
        <ele>1342.6</ele>
      </trkpt>
      <trkpt lat="42.900059" lon="0.078769">
        <ele>1340.8</ele>
      </trkpt>
      <trkpt lat="42.89999" lon="0.078557">
        <ele>1339.0</ele>
      </trkpt>
      <trkpt lat="42.899918" lon="0.078346">
        <ele>1337.2</ele>
      </trkpt>
      <trkpt lat="42.899845" lon="0.078113">
        <ele>1335.0</ele>
      </trkpt>
      <trkpt lat="42.899788" lon="0.077884">
        <ele>1333.0</ele>
      </trkpt>
      <trkpt lat="42.899731" lon="0.077686">
        <ele>1331.0</ele>
      </trkpt>
      <trkpt lat="42.899673" lon="0.077469">
        <ele>1328.8</ele>
      </trkpt>
      <trkpt lat="42.899616" lon="0.077248">
        <ele>1326.8</ele>
      </trkpt>
      <trkpt lat="42.899555" lon="0.077027">
        <ele>1324.6</ele>
      </trkpt>
      <trkpt lat="42.899509" lon="0.076806">
        <ele>1322.6</ele>
      </trkpt>
      <trkpt lat="42.899451" lon="0.076533">
        <ele>1321.6</ele>
      </trkpt>
      <trkpt lat="42.899429" lon="0.076326">
        <ele>1320.6</ele>
      </trkpt>
      <trkpt lat="42.899375" lon="0.076138">
        <ele>1319.4</ele>
      </trkpt>
      <trkpt lat="42.899303" lon="0.075944">
        <ele>1318.2</ele>
      </trkpt>
      <trkpt lat="42.8992" lon="0.075752">
        <ele>1317.0</ele>
      </trkpt>
      <trkpt lat="42.899097" lon="0.07558">
        <ele>1315.8</ele>
      </trkpt>
      <trkpt lat="42.898994" lon="0.075412">
        <ele>1314.6</ele>
      </trkpt>
      <trkpt lat="42.898895" lon="0.075224">
        <ele>1313.2</ele>
      </trkpt>
      <trkpt lat="42.898788" lon="0.075031">
        <ele>1311.8</ele>
      </trkpt>
      <trkpt lat="42.89872" lon="0.074827">
        <ele>1310.2</ele>
      </trkpt>
      <trkpt lat="42.898674" lon="0.0746">
        <ele>1308.6</ele>
      </trkpt>
      <trkpt lat="42.898643" lon="0.074362">
        <ele>1306.8</ele>
      </trkpt>
      <trkpt lat="42.898636" lon="0.074131">
        <ele>1304.8</ele>
      </trkpt>
      <trkpt lat="42.898632" lon="0.073905">
        <ele>1303.0</ele>
      </trkpt>
      <trkpt lat="42.898624" lon="0.073679">
        <ele>1301.2</ele>
      </trkpt>
      <trkpt lat="42.898605" lon="0.073451">
        <ele>1299.2</ele>
      </trkpt>
      <trkpt lat="42.898582" lon="0.073225">
        <ele>1297.4</ele>
      </trkpt>
      <trkpt lat="42.898552" lon="0.072997">
        <ele>1295.8</ele>
      </trkpt>
      <trkpt lat="42.89851" lon="0.072772">
        <ele>1294.0</ele>
      </trkpt>
      <trkpt lat="42.898468" lon="0.072534">
        <ele>1292.6</ele>
      </trkpt>
      <trkpt lat="42.898438" lon="0.072345">
        <ele>1291.0</ele>
      </trkpt>
      <trkpt lat="42.898418" lon="0.07208">
        <ele>1289.4</ele>
      </trkpt>
      <trkpt lat="42.898399" lon="0.071801">
        <ele>1288.0</ele>
      </trkpt>
      <trkpt lat="42.89838" lon="0.071558">
        <ele>1286.2</ele>
      </trkpt>
      <trkpt lat="42.898361" lon="0.071327">
        <ele>1284.2</ele>
      </trkpt>
      <trkpt lat="42.898327" lon="0.071082">
        <ele>1282.2</ele>
      </trkpt>
      <trkpt lat="42.898281" lon="0.070834">
        <ele>1280.0</ele>
      </trkpt>
      <trkpt lat="42.898243" lon="0.070585">
        <ele>1278.2</ele>
      </trkpt>
      <trkpt lat="42.898201" lon="0.070333">
        <ele>1276.0</ele>
      </trkpt>
      <trkpt lat="42.898159" lon="0.070081">
        <ele>1274.0</ele>
      </trkpt>
      <trkpt lat="42.898102" lon="0.069842">
        <ele>1272.0</ele>
      </trkpt>
      <trkpt lat="42.89806" lon="0.069594">
        <ele>1270.0</ele>
      </trkpt>
      <trkpt lat="42.898018" lon="0.069343">
        <ele>1268.0</ele>
      </trkpt>
      <trkpt lat="42.897968" lon="0.069096">
        <ele>1266.0</ele>
      </trkpt>
      <trkpt lat="42.897923" lon="0.068848">
        <ele>1264.0</ele>
      </trkpt>
      <trkpt lat="42.897877" lon="0.068586">
        <ele>1261.8</ele>
      </trkpt>
      <trkpt lat="42.897827" lon="0.068338">
        <ele>1259.6</ele>
      </trkpt>
      <trkpt lat="42.897781" lon="0.068083">
        <ele>1257.4</ele>
      </trkpt>
      <trkpt lat="42.897739" lon="0.067849">
        <ele>1255.2</ele>
      </trkpt>
      <trkpt lat="42.897686" lon="0.067613">
        <ele>1252.8</ele>
      </trkpt>
      <trkpt lat="42.897644" lon="0.06738">
        <ele>1250.6</ele>
      </trkpt>
      <trkpt lat="42.897591" lon="0.067183">
        <ele>1248.2</ele>
      </trkpt>
      <trkpt lat="42.897537" lon="0.066979">
        <ele>1245.8</ele>
      </trkpt>
      <trkpt lat="42.89748" lon="0.066781">
        <ele>1243.6</ele>
      </trkpt>
      <trkpt lat="42.897324" lon="0.066336">
        <ele>1243.6</ele>
      </trkpt>
      <trkpt lat="42.897167" lon="0.066025">
        <ele>1243.6</ele>
      </trkpt>
      <trkpt lat="42.897137" lon="0.065922">
        <ele>1243.6</ele>
      </trkpt>
      <trkpt lat="42.897092" lon="0.06578">
        <ele>1244.2</ele>
      </trkpt>
      <trkpt lat="42.897087" lon="0.065765">
        <ele>1243.6</ele>
      </trkpt>
      <trkpt lat="42.897064" lon="0.065695">
        <ele>1243.6</ele>
      </trkpt>
      <trkpt lat="42.897053" lon="0.065589">
        <ele>1243.6</ele>
      </trkpt>
      <trkpt lat="42.897125" lon="0.06549">
        <ele>1243.6</ele>
      </trkpt>
      <trkpt lat="42.897175" lon="0.065444">
        <ele>1243.6</ele>
      </trkpt>
      <trkpt lat="42.897217" lon="0.065386">
        <ele>1243.2</ele>
      </trkpt>
      <trkpt lat="42.897239" lon="0.065323">
        <ele>1242.6</ele>
      </trkpt>
      <trkpt lat="42.897243" lon="0.065264">
        <ele>1242.2</ele>
      </trkpt>
      <trkpt lat="42.897221" lon="0.065196">
        <ele>1241.6</ele>
      </trkpt>
      <trkpt lat="42.89719" lon="0.065127">
        <ele>1241.0</ele>
      </trkpt>
      <trkpt lat="42.897152" lon="0.065051">
        <ele>1240.4</ele>
      </trkpt>
      <trkpt lat="42.897114" lon="0.064974">
        <ele>1239.8</ele>
      </trkpt>
      <trkpt lat="42.897095" lon="0.064889">
        <ele>1239.0</ele>
      </trkpt>
      <trkpt lat="42.897079" lon="0.064796">
        <ele>1238.4</ele>
      </trkpt>
      <trkpt lat="42.897072" lon="0.064697">
        <ele>1237.8</ele>
      </trkpt>
      <trkpt lat="42.897064" lon="0.064594">
        <ele>1237.0</ele>
      </trkpt>
      <trkpt lat="42.89706" lon="0.06449">
        <ele>1236.4</ele>
      </trkpt>
      <trkpt lat="42.89706" lon="0.06439">
        <ele>1235.6</ele>
      </trkpt>
      <trkpt lat="42.89706" lon="0.064295">
        <ele>1235.0</ele>
      </trkpt>
      <trkpt lat="42.89706" lon="0.064201">
        <ele>1234.2</ele>
      </trkpt>
      <trkpt lat="42.897064" lon="0.064116">
        <ele>1233.8</ele>
      </trkpt>
      <trkpt lat="42.897064" lon="0.064029">
        <ele>1233.4</ele>
      </trkpt>
      <trkpt lat="42.897049" lon="0.063947">
        <ele>1232.8</ele>
      </trkpt>
      <trkpt lat="42.897018" lon="0.063867">
        <ele>1232.2</ele>
      </trkpt>
      <trkpt lat="42.896973" lon="0.063793">
        <ele>1231.4</ele>
      </trkpt>
      <trkpt lat="42.896918" lon="0.063719">
        <ele>1230.8</ele>
      </trkpt>
      <trkpt lat="42.896858" lon="0.063641">
        <ele>1230.0</ele>
      </trkpt>
      <trkpt lat="42.896805" lon="0.063559">
        <ele>1229.4</ele>
      </trkpt>
      <trkpt lat="42.896751" lon="0.063475">
        <ele>1228.8</ele>
      </trkpt>
      <trkpt lat="42.896706" lon="0.063383">
        <ele>1228.4</ele>
      </trkpt>
      <trkpt lat="42.896664" lon="0.063293">
        <ele>1228.0</ele>
      </trkpt>
      <trkpt lat="42.896629" lon="0.063201">
        <ele>1227.4</ele>
      </trkpt>
      <trkpt lat="42.896606" lon="0.063117">
        <ele>1227.0</ele>
      </trkpt>
      <trkpt lat="42.896564" lon="0.062977">
        <ele>1227.0</ele>
      </trkpt>
      <trkpt lat="42.896458" lon="0.062913">
        <ele>1227.0</ele>
      </trkpt>
      <trkpt lat="42.896336" lon="0.062962">
        <ele>1227.0</ele>
      </trkpt>
      <trkpt lat="42.896305" lon="0.062978">
        <ele>1227.0</ele>
      </trkpt>
      <trkpt lat="42.896294" lon="0.063006">
        <ele>1227.0</ele>
      </trkpt>
      <trkpt lat="42.896287" lon="0.063008">
        <ele>1222.7</ele>
      </trkpt>
      <trkpt lat="42.896259" lon="0.063022">
        <ele>1227.0</ele>
      </trkpt>
      <trkpt lat="42.896233" lon="0.062942">
        <ele>1227.0</ele>
      </trkpt>
      <trkpt lat="42.896214" lon="0.062738">
        <ele>1226.2</ele>
      </trkpt>
      <trkpt lat="42.896206" lon="0.062605">
        <ele>1225.4</ele>
      </trkpt>
      <trkpt lat="42.896198" lon="0.062463">
        <ele>1224.6</ele>
      </trkpt>
      <trkpt lat="42.896183" lon="0.062316">
        <ele>1224.0</ele>
      </trkpt>
      <trkpt lat="42.896168" lon="0.062171">
        <ele>1223.2</ele>
      </trkpt>
      <trkpt lat="42.896152" lon="0.062025">
        <ele>1222.4</ele>
      </trkpt>
      <trkpt lat="42.896145" lon="0.061881">
        <ele>1221.8</ele>
      </trkpt>
      <trkpt lat="42.896133" lon="0.061737">
        <ele>1221.0</ele>
      </trkpt>
      <trkpt lat="42.89613" lon="0.061583">
        <ele>1220.2</ele>
      </trkpt>
      <trkpt lat="42.89613" lon="0.061425">
        <ele>1219.2</ele>
      </trkpt>
      <trkpt lat="42.89613" lon="0.061271">
        <ele>1218.2</ele>
      </trkpt>
      <trkpt lat="42.896126" lon="0.061119">
        <ele>1217.2</ele>
      </trkpt>
      <trkpt lat="42.896122" lon="0.060971">
        <ele>1216.4</ele>
      </trkpt>
      <trkpt lat="42.896095" lon="0.060679">
        <ele>1215.8</ele>
      </trkpt>
      <trkpt lat="42.896071" lon="0.060525">
        <ele>1215.2</ele>
      </trkpt>
      <trkpt lat="42.896046" lon="0.060377">
        <ele>1214.2</ele>
      </trkpt>
      <trkpt lat="42.896023" lon="0.060219">
        <ele>1213.4</ele>
      </trkpt>
      <trkpt lat="42.895995" lon="0.060059">
        <ele>1212.4</ele>
      </trkpt>
      <trkpt lat="42.895977" lon="0.059901">
        <ele>1211.4</ele>
      </trkpt>
      <trkpt lat="42.895947" lon="0.059742">
        <ele>1210.4</ele>
      </trkpt>
      <trkpt lat="42.895901" lon="0.0596">
        <ele>1209.6</ele>
      </trkpt>
      <trkpt lat="42.895828" lon="0.059484">
        <ele>1208.6</ele>
      </trkpt>
      <trkpt lat="42.895736" lon="0.059401">
        <ele>1207.8</ele>
      </trkpt>
      <trkpt lat="42.895587" lon="0.059418">
        <ele>1207.0</ele>
      </trkpt>
      <trkpt lat="42.89547" lon="0.05942">
        <ele>1206.2</ele>
      </trkpt>
      <trkpt lat="42.895344" lon="0.059448">
        <ele>1205.4</ele>
      </trkpt>
      <trkpt lat="42.895229" lon="0.059471">
        <ele>1204.4</ele>
      </trkpt>
      <trkpt lat="42.89513" lon="0.059498">
        <ele>1203.4</ele>
      </trkpt>
      <trkpt lat="42.895046" lon="0.059461">
        <ele>1202.4</ele>
      </trkpt>
      <trkpt lat="42.894943" lon="0.059437">
        <ele>1201.6</ele>
      </trkpt>
      <trkpt lat="42.894894" lon="0.059224">
        <ele>1201.2</ele>
      </trkpt>
      <trkpt lat="42.895041" lon="0.058978">
        <ele>1200.6</ele>
      </trkpt>
      <trkpt lat="42.895119" lon="0.058947">
        <ele>1200.2</ele>
      </trkpt>
      <trkpt lat="42.895199" lon="0.058986">
        <ele>1199.6</ele>
      </trkpt>
      <trkpt lat="42.895309" lon="0.05908">
        <ele>1199.0</ele>
      </trkpt>
      <trkpt lat="42.895404" lon="0.059128">
        <ele>1198.4</ele>
      </trkpt>
      <trkpt lat="42.895496" lon="0.059113">
        <ele>1197.8</ele>
      </trkpt>
      <trkpt lat="42.895584" lon="0.059105">
        <ele>1197.0</ele>
      </trkpt>
      <trkpt lat="42.895611" lon="0.059">
        <ele>1196.6</ele>
      </trkpt>
      <trkpt lat="42.895565" lon="0.05876">
        <ele>1196.2</ele>
      </trkpt>
      <trkpt lat="42.895504" lon="0.058656">
        <ele>1195.4</ele>
      </trkpt>
      <trkpt lat="42.89542" lon="0.058593">
        <ele>1194.6</ele>
      </trkpt>
      <trkpt lat="42.895328" lon="0.058525">
        <ele>1193.8</ele>
      </trkpt>
      <trkpt lat="42.895221" lon="0.058455">
        <ele>1192.8</ele>
      </trkpt>
      <trkpt lat="42.895119" lon="0.058374">
        <ele>1191.6</ele>
      </trkpt>
      <trkpt lat="42.895035" lon="0.058293">
        <ele>1190.6</ele>
      </trkpt>
      <trkpt lat="42.894932" lon="0.058192">
        <ele>1189.4</ele>
      </trkpt>
      <trkpt lat="42.894836" lon="0.058047">
        <ele>1188.2</ele>
      </trkpt>
      <trkpt lat="42.894745" lon="0.057909">
        <ele>1187.0</ele>
      </trkpt>
      <trkpt lat="42.894657" lon="0.057764">
        <ele>1185.8</ele>
      </trkpt>
      <trkpt lat="42.894581" lon="0.057619">
        <ele>1184.4</ele>
      </trkpt>
      <trkpt lat="42.894508" lon="0.057468">
        <ele>1183.2</ele>
      </trkpt>
      <trkpt lat="42.89444" lon="0.057301">
        <ele>1181.8</ele>
      </trkpt>
      <trkpt lat="42.894382" lon="0.057121">
        <ele>1180.2</ele>
      </trkpt>
      <trkpt lat="42.894337" lon="0.056935">
        <ele>1178.8</ele>
      </trkpt>
      <trkpt lat="42.894272" lon="0.056744">
        <ele>1177.2</ele>
      </trkpt>
      <trkpt lat="42.894218" lon="0.056546">
        <ele>1175.6</ele>
      </trkpt>
      <trkpt lat="42.894157" lon="0.056352">
        <ele>1174.0</ele>
      </trkpt>
      <trkpt lat="42.894084" lon="0.056169">
        <ele>1172.2</ele>
      </trkpt>
      <trkpt lat="42.894011" lon="0.055976">
        <ele>1170.6</ele>
      </trkpt>
      <trkpt lat="42.893932" lon="0.055787">
        <ele>1169.0</ele>
      </trkpt>
      <trkpt lat="42.893852" lon="0.055593">
        <ele>1167.4</ele>
      </trkpt>
      <trkpt lat="42.893761" lon="0.055404">
        <ele>1165.8</ele>
      </trkpt>
      <trkpt lat="42.893673" lon="0.055212">
        <ele>1164.0</ele>
      </trkpt>
      <trkpt lat="42.893585" lon="0.055014">
        <ele>1162.2</ele>
      </trkpt>
      <trkpt lat="42.893497" lon="0.054817">
        <ele>1160.2</ele>
      </trkpt>
      <trkpt lat="42.893406" lon="0.054624">
        <ele>1158.2</ele>
      </trkpt>
      <trkpt lat="42.893318" lon="0.054432">
        <ele>1156.2</ele>
      </trkpt>
      <trkpt lat="42.89323" lon="0.05423">
        <ele>1154.2</ele>
      </trkpt>
      <trkpt lat="42.893147" lon="0.054032">
        <ele>1152.4</ele>
      </trkpt>
      <trkpt lat="42.893078" lon="0.053831">
        <ele>1150.4</ele>
      </trkpt>
      <trkpt lat="42.893021" lon="0.053627">
        <ele>1148.6</ele>
      </trkpt>
      <trkpt lat="42.892971" lon="0.053414">
        <ele>1147.4</ele>
      </trkpt>
      <trkpt lat="42.892929" lon="0.053217">
        <ele>1146.2</ele>
      </trkpt>
      <trkpt lat="42.892895" lon="0.05303">
        <ele>1145.0</ele>
      </trkpt>
      <trkpt lat="42.892868" lon="0.052835">
        <ele>1144.0</ele>
      </trkpt>
      <trkpt lat="42.892822" lon="0.052661">
        <ele>1142.8</ele>
      </trkpt>
      <trkpt lat="42.892761" lon="0.052489">
        <ele>1141.6</ele>
      </trkpt>
      <trkpt lat="42.892685" lon="0.052311">
        <ele>1140.6</ele>
      </trkpt>
      <trkpt lat="42.892612" lon="0.052147">
        <ele>1139.6</ele>
      </trkpt>
      <trkpt lat="42.892548" lon="0.051984">
        <ele>1138.6</ele>
      </trkpt>
      <trkpt lat="42.892483" lon="0.051818">
        <ele>1137.2</ele>
      </trkpt>
      <trkpt lat="42.892418" lon="0.051653">
        <ele>1135.8</ele>
      </trkpt>
      <trkpt lat="42.892349" lon="0.051488">
        <ele>1134.6</ele>
      </trkpt>
      <trkpt lat="42.892273" lon="0.051325">
        <ele>1133.2</ele>
      </trkpt>
      <trkpt lat="42.892185" lon="0.051172">
        <ele>1131.8</ele>
      </trkpt>
      <trkpt lat="42.892071" lon="0.051061">
        <ele>1130.8</ele>
      </trkpt>
      <trkpt lat="42.891948" lon="0.050965">
        <ele>1129.8</ele>
      </trkpt>
      <trkpt lat="42.891811" lon="0.050888">
        <ele>1128.8</ele>
      </trkpt>
      <trkpt lat="42.891682" lon="0.050817">
        <ele>1128.0</ele>
      </trkpt>
      <trkpt lat="42.891552" lon="0.050751">
        <ele>1127.0</ele>
      </trkpt>
      <trkpt lat="42.891418" lon="0.05068">
        <ele>1126.0</ele>
      </trkpt>
      <trkpt lat="42.891281" lon="0.050601">
        <ele>1125.2</ele>
      </trkpt>
      <trkpt lat="42.891159" lon="0.050495">
        <ele>1124.4</ele>
      </trkpt>
      <trkpt lat="42.891048" lon="0.050359">
        <ele>1123.4</ele>
      </trkpt>
      <trkpt lat="42.890938" lon="0.050212">
        <ele>1122.2</ele>
      </trkpt>
      <trkpt lat="42.890862" lon="0.050055">
        <ele>1121.0</ele>
      </trkpt>
      <trkpt lat="42.890766" lon="0.049908">
        <ele>1119.6</ele>
      </trkpt>
      <trkpt lat="42.890678" lon="0.049759">
        <ele>1118.2</ele>
      </trkpt>
      <trkpt lat="42.890586" lon="0.049616">
        <ele>1116.8</ele>
      </trkpt>
      <trkpt lat="42.890549" lon="0.049458">
        <ele>1115.6</ele>
      </trkpt>
      <trkpt lat="42.890541" lon="0.049286">
        <ele>1114.4</ele>
      </trkpt>
      <trkpt lat="42.890537" lon="0.049116">
        <ele>1113.2</ele>
      </trkpt>
      <trkpt lat="42.890518" lon="0.048958">
        <ele>1112.0</ele>
      </trkpt>
      <trkpt lat="42.890488" lon="0.048807">
        <ele>1110.8</ele>
      </trkpt>
      <trkpt lat="42.890434" lon="0.048671">
        <ele>1110.2</ele>
      </trkpt>
      <trkpt lat="42.890362" lon="0.048556">
        <ele>1109.6</ele>
      </trkpt>
      <trkpt lat="42.890278" lon="0.048456">
        <ele>1108.8</ele>
      </trkpt>
      <trkpt lat="42.890198" lon="0.048376">
        <ele>1108.2</ele>
      </trkpt>
      <trkpt lat="42.890137" lon="0.048295">
        <ele>1107.4</ele>
      </trkpt>
      <trkpt lat="42.890121" lon="0.048127">
        <ele>1107.4</ele>
      </trkpt>
      <trkpt lat="42.890247" lon="0.048018">
        <ele>1107.0</ele>
      </trkpt>
      <trkpt lat="42.890343" lon="0.048025">
        <ele>1106.6</ele>
      </trkpt>
      <trkpt lat="42.890419" lon="0.048078">
        <ele>1106.2</ele>
      </trkpt>
      <trkpt lat="42.890491" lon="0.048175">
        <ele>1105.8</ele>
      </trkpt>
      <trkpt lat="42.890553" lon="0.04829">
        <ele>1105.4</ele>
      </trkpt>
      <trkpt lat="42.89061" lon="0.048416">
        <ele>1104.8</ele>
      </trkpt>
      <trkpt lat="42.890667" lon="0.048535">
        <ele>1104.4</ele>
      </trkpt>
      <trkpt lat="42.890735" lon="0.04864">
        <ele>1104.0</ele>
      </trkpt>
      <trkpt lat="42.890816" lon="0.04873">
        <ele>1103.2</ele>
      </trkpt>
      <trkpt lat="42.8909" lon="0.048797">
        <ele>1102.6</ele>
      </trkpt>
      <trkpt lat="42.89098" lon="0.048831">
        <ele>1102.0</ele>
      </trkpt>
      <trkpt lat="42.89106" lon="0.048826">
        <ele>1101.4</ele>
      </trkpt>
      <trkpt lat="42.891117" lon="0.048768">
        <ele>1100.6</ele>
      </trkpt>
      <trkpt lat="42.891151" lon="0.048677">
        <ele>1100.6</ele>
      </trkpt>
      <trkpt lat="42.891136" lon="0.048439">
        <ele>1100.6</ele>
      </trkpt>
      <trkpt lat="42.89109" lon="0.048324">
        <ele>1100.2</ele>
      </trkpt>
      <trkpt lat="42.891033" lon="0.048212">
        <ele>1099.8</ele>
      </trkpt>
      <trkpt lat="42.890965" lon="0.04811">
        <ele>1099.0</ele>
      </trkpt>
      <trkpt lat="42.890892" lon="0.048002">
        <ele>1098.4</ele>
      </trkpt>
      <trkpt lat="42.890823" lon="0.047889">
        <ele>1097.8</ele>
      </trkpt>
      <trkpt lat="42.890747" lon="0.04777">
        <ele>1097.0</ele>
      </trkpt>
      <trkpt lat="42.890667" lon="0.047641">
        <ele>1096.2</ele>
      </trkpt>
      <trkpt lat="42.890586" lon="0.047515">
        <ele>1095.0</ele>
      </trkpt>
      <trkpt lat="42.890499" lon="0.047382">
        <ele>1094.0</ele>
      </trkpt>
      <trkpt lat="42.890411" lon="0.047256">
        <ele>1092.6</ele>
      </trkpt>
      <trkpt lat="42.890312" lon="0.047155">
        <ele>1091.4</ele>
      </trkpt>
      <trkpt lat="42.890202" lon="0.047069">
        <ele>1090.0</ele>
      </trkpt>
      <trkpt lat="42.890087" lon="0.046996">
        <ele>1088.8</ele>
      </trkpt>
      <trkpt lat="42.889942" lon="0.046958">
        <ele>1087.6</ele>
      </trkpt>
      <trkpt lat="42.889816" lon="0.046907">
        <ele>1086.2</ele>
      </trkpt>
      <trkpt lat="42.889679" lon="0.046857">
        <ele>1085.0</ele>
      </trkpt>
      <trkpt lat="42.88953" lon="0.046799">
        <ele>1083.8</ele>
      </trkpt>
      <trkpt lat="42.889373" lon="0.046718">
        <ele>1082.4</ele>
      </trkpt>
      <trkpt lat="42.889225" lon="0.04663">
        <ele>1081.2</ele>
      </trkpt>
      <trkpt lat="42.889076" lon="0.046541">
        <ele>1079.8</ele>
      </trkpt>
      <trkpt lat="42.888924" lon="0.046468">
        <ele>1078.2</ele>
      </trkpt>
      <trkpt lat="42.888771" lon="0.046415">
        <ele>1076.4</ele>
      </trkpt>
      <trkpt lat="42.888618" lon="0.046361">
        <ele>1074.6</ele>
      </trkpt>
      <trkpt lat="42.888461" lon="0.046331">
        <ele>1072.8</ele>
      </trkpt>
      <trkpt lat="42.888298" lon="0.046302">
        <ele>1071.0</ele>
      </trkpt>
      <trkpt lat="42.888142" lon="0.046274">
        <ele>1069.4</ele>
      </trkpt>
      <trkpt lat="42.887981" lon="0.046224">
        <ele>1067.8</ele>
      </trkpt>
      <trkpt lat="42.887833" lon="0.046162">
        <ele>1066.6</ele>
      </trkpt>
      <trkpt lat="42.887695" lon="0.046082">
        <ele>1065.4</ele>
      </trkpt>
      <trkpt lat="42.887581" lon="0.045991">
        <ele>1064.2</ele>
      </trkpt>
      <trkpt lat="42.887478" lon="0.045878">
        <ele>1063.4</ele>
      </trkpt>
      <trkpt lat="42.887383" lon="0.045764">
        <ele>1062.4</ele>
      </trkpt>
      <trkpt lat="42.887295" lon="0.045649">
        <ele>1061.4</ele>
      </trkpt>
      <trkpt lat="42.887226" lon="0.045521">
        <ele>1060.4</ele>
      </trkpt>
      <trkpt lat="42.887165" lon="0.045396">
        <ele>1059.4</ele>
      </trkpt>
      <trkpt lat="42.887032" lon="0.045178">
        <ele>1059.0</ele>
      </trkpt>
      <trkpt lat="42.886959" lon="0.045089">
        <ele>1058.6</ele>
      </trkpt>
      <trkpt lat="42.886875" lon="0.045025">
        <ele>1058.2</ele>
      </trkpt>
      <trkpt lat="42.88678" lon="0.04497">
        <ele>1057.6</ele>
      </trkpt>
      <trkpt lat="42.886677" lon="0.044913">
        <ele>1057.0</ele>
      </trkpt>
      <trkpt lat="42.88657" lon="0.044848">
        <ele>1056.4</ele>
      </trkpt>
      <trkpt lat="42.886467" lon="0.044756">
        <ele>1055.8</ele>
      </trkpt>
      <trkpt lat="42.886368" lon="0.044616">
        <ele>1054.8</ele>
      </trkpt>
      <trkpt lat="42.886272" lon="0.044491">
        <ele>1054.0</ele>
      </trkpt>
      <trkpt lat="42.886181" lon="0.044364">
        <ele>1052.8</ele>
      </trkpt>
      <trkpt lat="42.886078" lon="0.044224">
        <ele>1051.6</ele>
      </trkpt>
      <trkpt lat="42.885975" lon="0.044081">
        <ele>1050.4</ele>
      </trkpt>
      <trkpt lat="42.88588" lon="0.043941">
        <ele>1049.2</ele>
      </trkpt>
      <trkpt lat="42.885784" lon="0.043796">
        <ele>1048.0</ele>
      </trkpt>
      <trkpt lat="42.885681" lon="0.043644">
        <ele>1047.0</ele>
      </trkpt>
      <trkpt lat="42.885468" lon="0.043276">
        <ele>1045.8</ele>
      </trkpt>
      <trkpt lat="42.885406" lon="0.043144">
        <ele>1044.4</ele>
      </trkpt>
      <trkpt lat="42.885326" lon="0.042982">
        <ele>1042.8</ele>
      </trkpt>
      <trkpt lat="42.885242" lon="0.04283">
        <ele>1041.2</ele>
      </trkpt>
      <trkpt lat="42.885147" lon="0.042692">
        <ele>1039.6</ele>
      </trkpt>
      <trkpt lat="42.885048" lon="0.042562">
        <ele>1038.0</ele>
      </trkpt>
      <trkpt lat="42.884937" lon="0.042427">
        <ele>1036.6</ele>
      </trkpt>
      <trkpt lat="42.884823" lon="0.042297">
        <ele>1035.2</ele>
      </trkpt>
      <trkpt lat="42.884716" lon="0.042162">
        <ele>1034.0</ele>
      </trkpt>
      <trkpt lat="42.884602" lon="0.042018">
        <ele>1032.6</ele>
      </trkpt>
      <trkpt lat="42.884499" lon="0.041877">
        <ele>1031.6</ele>
      </trkpt>
      <trkpt lat="42.884388" lon="0.041729">
        <ele>1030.4</ele>
      </trkpt>
      <trkpt lat="42.884289" lon="0.041589">
        <ele>1029.0</ele>
      </trkpt>
      <trkpt lat="42.884182" lon="0.041445">
        <ele>1027.8</ele>
      </trkpt>
      <trkpt lat="42.884071" lon="0.041293">
        <ele>1026.6</ele>
      </trkpt>
      <trkpt lat="42.883968" lon="0.041151">
        <ele>1025.6</ele>
      </trkpt>
      <trkpt lat="42.883857" lon="0.041004">
        <ele>1024.6</ele>
      </trkpt>
      <trkpt lat="42.883747" lon="0.040854">
        <ele>1023.4</ele>
      </trkpt>
      <trkpt lat="42.883643" lon="0.040716">
        <ele>1022.4</ele>
      </trkpt>
      <trkpt lat="42.883549" lon="0.040578">
        <ele>1021.2</ele>
      </trkpt>
      <trkpt lat="42.883453" lon="0.040441">
        <ele>1020.2</ele>
      </trkpt>
      <trkpt lat="42.883373" lon="0.040321">
        <ele>1019.4</ele>
      </trkpt>
      <trkpt lat="42.883286" lon="0.040186">
        <ele>1018.6</ele>
      </trkpt>
      <trkpt lat="42.883202" lon="0.040066">
        <ele>1017.6</ele>
      </trkpt>
      <trkpt lat="42.883137" lon="0.040023">
        <ele>1016.6</ele>
      </trkpt>
      <trkpt lat="42.883052" lon="0.039962">
        <ele>1015.6</ele>
      </trkpt>
      <trkpt lat="42.882965" lon="0.03988">
        <ele>1014.6</ele>
      </trkpt>
      <trkpt lat="42.882885" lon="0.039847">
        <ele>1013.6</ele>
      </trkpt>
      <trkpt lat="42.882796" lon="0.039826">
        <ele>1013.2</ele>
      </trkpt>
      <trkpt lat="42.882713" lon="0.039802">
        <ele>1012.6</ele>
      </trkpt>
      <trkpt lat="42.882637" lon="0.039787">
        <ele>1012.2</ele>
      </trkpt>
      <trkpt lat="42.882576" lon="0.03974">
        <ele>1011.6</ele>
      </trkpt>
      <trkpt lat="42.882534" lon="0.039672">
        <ele>1011.2</ele>
      </trkpt>
      <trkpt lat="42.882519" lon="0.039582">
        <ele>1011.2</ele>
      </trkpt>
      <trkpt lat="42.882553" lon="0.0395">
        <ele>1010.6</ele>
      </trkpt>
      <trkpt lat="42.882613" lon="0.039447">
        <ele>1010.2</ele>
      </trkpt>
      <trkpt lat="42.882694" lon="0.039442">
        <ele>1009.6</ele>
      </trkpt>
      <trkpt lat="42.88282" lon="0.039535">
        <ele>1009.0</ele>
      </trkpt>
      <trkpt lat="42.882893" lon="0.03959">
        <ele>1008.4</ele>
      </trkpt>
      <trkpt lat="42.882973" lon="0.039648">
        <ele>1007.8</ele>
      </trkpt>
      <trkpt lat="42.883057" lon="0.039711">
        <ele>1007.0</ele>
      </trkpt>
      <trkpt lat="42.883148" lon="0.03978">
        <ele>1006.4</ele>
      </trkpt>
      <trkpt lat="42.883228" lon="0.039861">
        <ele>1005.8</ele>
      </trkpt>
      <trkpt lat="42.883305" lon="0.039945">
        <ele>1005.2</ele>
      </trkpt>
      <trkpt lat="42.883373" lon="0.040045">
        <ele>1004.4</ele>
      </trkpt>
      <trkpt lat="42.88343" lon="0.040142">
        <ele>1003.8</ele>
      </trkpt>
      <trkpt lat="42.883476" lon="0.040231">
        <ele>1003.2</ele>
      </trkpt>
      <trkpt lat="42.883518" lon="0.040306">
        <ele>1002.6</ele>
      </trkpt>
      <trkpt lat="42.883567" lon="0.040345">
        <ele>1001.8</ele>
      </trkpt>
      <trkpt lat="42.883617" lon="0.040354">
        <ele>1001.2</ele>
      </trkpt>
      <trkpt lat="42.883678" lon="0.040338">
        <ele>1001.2</ele>
      </trkpt>
      <trkpt lat="42.883766" lon="0.040219">
        <ele>1000.8</ele>
      </trkpt>
      <trkpt lat="42.883781" lon="0.04012">
        <ele>1000.4</ele>
      </trkpt>
      <trkpt lat="42.88377" lon="0.040011">
        <ele>1000.0</ele>
      </trkpt>
      <trkpt lat="42.883739" lon="0.039901">
        <ele>999.6</ele>
      </trkpt>
      <trkpt lat="42.883694" lon="0.039779">
        <ele>999.2</ele>
      </trkpt>
      <trkpt lat="42.883636" lon="0.039655">
        <ele>998.6</ele>
      </trkpt>
      <trkpt lat="42.883579" lon="0.03953">
        <ele>998.2</ele>
      </trkpt>
      <trkpt lat="42.883522" lon="0.039393">
        <ele>997.6</ele>
      </trkpt>
      <trkpt lat="42.883465" lon="0.039243">
        <ele>996.8</ele>
      </trkpt>
      <trkpt lat="42.8834" lon="0.039072">
        <ele>995.8</ele>
      </trkpt>
      <trkpt lat="42.883339" lon="0.03891">
        <ele>994.8</ele>
      </trkpt>
      <trkpt lat="42.883278" lon="0.038753">
        <ele>993.6</ele>
      </trkpt>
      <trkpt lat="42.883209" lon="0.038583">
        <ele>992.6</ele>
      </trkpt>
      <trkpt lat="42.883133" lon="0.038417">
        <ele>991.4</ele>
      </trkpt>
      <trkpt lat="42.883057" lon="0.038248">
        <ele>990.0</ele>
      </trkpt>
      <trkpt lat="42.882984" lon="0.038076">
        <ele>988.8</ele>
      </trkpt>
      <trkpt lat="42.882908" lon="0.037896">
        <ele>987.4</ele>
      </trkpt>
      <trkpt lat="42.882832" lon="0.037705">
        <ele>986.2</ele>
      </trkpt>
      <trkpt lat="42.882782" lon="0.037508">
        <ele>985.0</ele>
      </trkpt>
      <trkpt lat="42.882744" lon="0.037309">
        <ele>983.4</ele>
      </trkpt>
      <trkpt lat="42.882713" lon="0.037112">
        <ele>982.0</ele>
      </trkpt>
      <trkpt lat="42.882683" lon="0.036908">
        <ele>980.4</ele>
      </trkpt>
      <trkpt lat="42.882656" lon="0.036698">
        <ele>979.0</ele>
      </trkpt>
      <trkpt lat="42.882626" lon="0.036484">
        <ele>977.6</ele>
      </trkpt>
      <trkpt lat="42.882595" lon="0.036273">
        <ele>976.0</ele>
      </trkpt>
      <trkpt lat="42.882565" lon="0.036058">
        <ele>974.4</ele>
      </trkpt>
      <trkpt lat="42.882545" lon="0.035838">
        <ele>972.8</ele>
      </trkpt>
      <trkpt lat="42.882545" lon="0.035628">
        <ele>971.2</ele>
      </trkpt>
      <trkpt lat="42.882568" lon="0.035431">
        <ele>969.8</ele>
      </trkpt>
      <trkpt lat="42.882626" lon="0.035245">
        <ele>968.4</ele>
      </trkpt>
      <trkpt lat="42.88271" lon="0.035074">
        <ele>967.0</ele>
      </trkpt>
      <trkpt lat="42.882796" lon="0.034912">
        <ele>965.8</ele>
      </trkpt>
      <trkpt lat="42.882874" lon="0.03474">
        <ele>964.4</ele>
      </trkpt>
      <trkpt lat="42.882927" lon="0.034556">
        <ele>962.8</ele>
      </trkpt>
      <trkpt lat="42.882957" lon="0.034368">
        <ele>961.4</ele>
      </trkpt>
      <trkpt lat="42.882969" lon="0.034174">
        <ele>959.8</ele>
      </trkpt>
      <trkpt lat="42.882973" lon="0.033977">
        <ele>958.8</ele>
      </trkpt>
      <trkpt lat="42.88298" lon="0.033771">
        <ele>957.6</ele>
      </trkpt>
      <trkpt lat="42.88298" lon="0.033577">
        <ele>956.4</ele>
      </trkpt>
      <trkpt lat="42.882976" lon="0.033378">
        <ele>955.4</ele>
      </trkpt>
      <trkpt lat="42.882976" lon="0.03318">
        <ele>954.0</ele>
      </trkpt>
      <trkpt lat="42.882996" lon="0.032994">
        <ele>952.6</ele>
      </trkpt>
      <trkpt lat="42.883018" lon="0.032786">
        <ele>951.0</ele>
      </trkpt>
      <trkpt lat="42.883041" lon="0.032557">
        <ele>949.4</ele>
      </trkpt>
      <trkpt lat="42.883091" lon="0.032335">
        <ele>947.8</ele>
      </trkpt>
      <trkpt lat="42.883152" lon="0.032139">
        <ele>946.2</ele>
      </trkpt>
      <trkpt lat="42.883217" lon="0.031932">
        <ele>944.6</ele>
      </trkpt>
      <trkpt lat="42.883274" lon="0.031718">
        <ele>943.2</ele>
      </trkpt>
      <trkpt lat="42.883316" lon="0.031509">
        <ele>941.8</ele>
      </trkpt>
      <trkpt lat="42.883339" lon="0.031348">
        <ele>940.4</ele>
      </trkpt>
      <trkpt lat="42.883324" lon="0.031162">
        <ele>939.4</ele>
      </trkpt>
      <trkpt lat="42.883324" lon="0.031025">
        <ele>938.6</ele>
      </trkpt>
      <trkpt lat="42.883301" lon="0.03087">
        <ele>937.2</ele>
      </trkpt>
      <trkpt lat="42.883259" lon="0.030701">
        <ele>936.0</ele>
      </trkpt>
      <trkpt lat="42.88319" lon="0.030545">
        <ele>934.6</ele>
      </trkpt>
      <trkpt lat="42.883137" lon="0.030406">
        <ele>933.2</ele>
      </trkpt>
      <trkpt lat="42.882999" lon="0.030277">
        <ele>931.8</ele>
      </trkpt>
      <trkpt lat="42.882893" lon="0.030155">
        <ele>930.6</ele>
      </trkpt>
      <trkpt lat="42.882782" lon="0.030027">
        <ele>929.2</ele>
      </trkpt>
      <trkpt lat="42.882675" lon="0.0299">
        <ele>928.0</ele>
      </trkpt>
      <trkpt lat="42.882545" lon="0.029762">
        <ele>926.6</ele>
      </trkpt>
      <trkpt lat="42.88242" lon="0.029612">
        <ele>925.2</ele>
      </trkpt>
      <trkpt lat="42.882298" lon="0.029477">
        <ele>923.6</ele>
      </trkpt>
      <trkpt lat="42.882174" lon="0.029334">
        <ele>922.2</ele>
      </trkpt>
      <trkpt lat="42.88205" lon="0.029195">
        <ele>920.6</ele>
      </trkpt>
      <trkpt lat="42.881924" lon="0.029061">
        <ele>919.2</ele>
      </trkpt>
      <trkpt lat="42.88179" lon="0.02892">
        <ele>917.6</ele>
      </trkpt>
      <trkpt lat="42.881535" lon="0.028639">
        <ele>917.6</ele>
      </trkpt>
      <trkpt lat="42.881409" lon="0.028497">
        <ele>917.0</ele>
      </trkpt>
      <trkpt lat="42.881275" lon="0.02836">
        <ele>915.8</ele>
      </trkpt>
      <trkpt lat="42.881153" lon="0.028208">
        <ele>914.4</ele>
      </trkpt>
      <trkpt lat="42.881046" lon="0.028052">
        <ele>913.0</ele>
      </trkpt>
      <trkpt lat="42.880936" lon="0.027904">
        <ele>911.4</ele>
      </trkpt>
      <trkpt lat="42.880829" lon="0.027759">
        <ele>910.0</ele>
      </trkpt>
      <trkpt lat="42.880702" lon="0.027613">
        <ele>908.2</ele>
      </trkpt>
      <trkpt lat="42.880585" lon="0.027466">
        <ele>906.6</ele>
      </trkpt>
      <trkpt lat="42.880463" lon="0.027325">
        <ele>905.0</ele>
      </trkpt>
      <trkpt lat="42.880337" lon="0.027176">
        <ele>903.8</ele>
      </trkpt>
      <trkpt lat="42.880207" lon="0.027022">
        <ele>902.6</ele>
      </trkpt>
      <trkpt lat="42.880074" lon="0.02687">
        <ele>901.6</ele>
      </trkpt>
      <trkpt lat="42.879948" lon="0.026721">
        <ele>900.4</ele>
      </trkpt>
      <trkpt lat="42.879814" lon="0.02657">
        <ele>899.4</ele>
      </trkpt>
      <trkpt lat="42.879688" lon="0.026422">
        <ele>898.4</ele>
      </trkpt>
      <trkpt lat="42.879562" lon="0.026264">
        <ele>897.2</ele>
      </trkpt>
      <trkpt lat="42.879452" lon="0.026079">
        <ele>896.0</ele>
      </trkpt>
      <trkpt lat="42.879356" lon="0.025876">
        <ele>894.8</ele>
      </trkpt>
      <trkpt lat="42.879284" lon="0.025666">
        <ele>893.6</ele>
      </trkpt>
      <trkpt lat="42.879223" lon="0.025442">
        <ele>892.4</ele>
      </trkpt>
      <trkpt lat="42.879169" lon="0.025216">
        <ele>891.0</ele>
      </trkpt>
      <trkpt lat="42.87912" lon="0.024992">
        <ele>889.6</ele>
      </trkpt>
      <trkpt lat="42.879066" lon="0.02476">
        <ele>888.2</ele>
      </trkpt>
      <trkpt lat="42.879017" lon="0.024533">
        <ele>887.0</ele>
      </trkpt>
      <trkpt lat="42.878967" lon="0.024307">
        <ele>885.6</ele>
      </trkpt>
      <trkpt lat="42.878918" lon="0.02408">
        <ele>884.0</ele>
      </trkpt>
      <trkpt lat="42.878876" lon="0.023853">
        <ele>882.2</ele>
      </trkpt>
      <trkpt lat="42.878834" lon="0.02363">
        <ele>880.4</ele>
      </trkpt>
      <trkpt lat="42.878784" lon="0.023417">
        <ele>878.6</ele>
      </trkpt>
      <trkpt lat="42.878731" lon="0.023238">
        <ele>877.0</ele>
      </trkpt>
      <trkpt lat="42.878651" lon="0.022953">
        <ele>875.4</ele>
      </trkpt>
      <trkpt lat="42.878605" lon="0.022767">
        <ele>873.6</ele>
      </trkpt>
      <trkpt lat="42.878574" lon="0.022581">
        <ele>872.0</ele>
      </trkpt>
      <trkpt lat="42.878548" lon="0.022393">
        <ele>870.4</ele>
      </trkpt>
      <trkpt lat="42.878513" lon="0.022014">
        <ele>869.8</ele>
      </trkpt>
      <trkpt lat="42.878502" lon="0.021829">
        <ele>869.2</ele>
      </trkpt>
      <trkpt lat="42.87849" lon="0.021638">
        <ele>868.4</ele>
      </trkpt>
      <trkpt lat="42.878479" lon="0.021443">
        <ele>867.6</ele>
      </trkpt>
      <trkpt lat="42.878475" lon="0.021246">
        <ele>866.8</ele>
      </trkpt>
      <trkpt lat="42.878468" lon="0.021045">
        <ele>866.0</ele>
      </trkpt>
      <trkpt lat="42.878464" lon="0.020847">
        <ele>865.2</ele>
      </trkpt>
      <trkpt lat="42.878456" lon="0.020644">
        <ele>864.2</ele>
      </trkpt>
      <trkpt lat="42.878445" lon="0.020445">
        <ele>863.4</ele>
      </trkpt>
      <trkpt lat="42.878433" lon="0.020241">
        <ele>862.6</ele>
      </trkpt>
      <trkpt lat="42.878426" lon="0.020035">
        <ele>861.6</ele>
      </trkpt>
      <trkpt lat="42.878418" lon="0.019825">
        <ele>861.0</ele>
      </trkpt>
      <trkpt lat="42.87841" lon="0.019612">
        <ele>860.4</ele>
      </trkpt>
      <trkpt lat="42.878403" lon="0.019394">
        <ele>859.8</ele>
      </trkpt>
      <trkpt lat="42.878395" lon="0.01918">
        <ele>859.0</ele>
      </trkpt>
      <trkpt lat="42.878386" lon="0.018963">
        <ele>858.2</ele>
      </trkpt>
      <trkpt lat="42.87838" lon="0.018743">
        <ele>857.2</ele>
      </trkpt>
      <trkpt lat="42.878376" lon="0.018537">
        <ele>856.0</ele>
      </trkpt>
      <trkpt lat="42.878372" lon="0.018325">
        <ele>854.4</ele>
      </trkpt>
      <trkpt lat="42.878365" lon="0.018115">
        <ele>852.8</ele>
      </trkpt>
      <trkpt lat="42.878353" lon="0.017918">
        <ele>851.2</ele>
      </trkpt>
      <trkpt lat="42.878342" lon="0.017706">
        <ele>849.5</ele>
      </trkpt>
      <trkpt lat="42.87833" lon="0.017494">
        <ele>847.8</ele>
      </trkpt>
      <trkpt lat="42.878315" lon="0.017283">
        <ele>846.0</ele>
      </trkpt>
      <trkpt lat="42.8783" lon="0.017076">
        <ele>844.2</ele>
      </trkpt>
      <trkpt lat="42.878288" lon="0.016861">
        <ele>843.0</ele>
      </trkpt>
      <trkpt lat="42.878273" lon="0.016638">
        <ele>841.5</ele>
      </trkpt>
      <trkpt lat="42.878262" lon="0.016414">
        <ele>840.2</ele>
      </trkpt>
      <trkpt lat="42.878246" lon="0.016187">
        <ele>839.0</ele>
      </trkpt>
      <trkpt lat="42.878231" lon="0.015965">
        <ele>837.5</ele>
      </trkpt>
      <trkpt lat="42.878216" lon="0.015746">
        <ele>836.2</ele>
      </trkpt>
      <trkpt lat="42.878201" lon="0.015531">
        <ele>834.8</ele>
      </trkpt>
      <trkpt lat="42.878185" lon="0.01532">
        <ele>833.5</ele>
      </trkpt>
      <trkpt lat="42.878174" lon="0.015118">
        <ele>832.5</ele>
      </trkpt>
      <trkpt lat="42.878162" lon="0.014912">
        <ele>831.2</ele>
      </trkpt>
      <trkpt lat="42.878158" lon="0.014709">
        <ele>830.0</ele>
      </trkpt>
      <trkpt lat="42.878158" lon="0.014499">
        <ele>828.5</ele>
      </trkpt>
      <trkpt lat="42.878155" lon="0.014289">
        <ele>827.2</ele>
      </trkpt>
      <trkpt lat="42.878155" lon="0.01408">
        <ele>826.0</ele>
      </trkpt>
      <trkpt lat="42.878155" lon="0.013869">
        <ele>825.0</ele>
      </trkpt>
      <trkpt lat="42.878155" lon="0.013657">
        <ele>824.0</ele>
      </trkpt>
      <trkpt lat="42.878151" lon="0.013449">
        <ele>823.0</ele>
      </trkpt>
      <trkpt lat="42.878147" lon="0.013249">
        <ele>822.0</ele>
      </trkpt>
      <trkpt lat="42.878132" lon="0.013043">
        <ele>821.0</ele>
      </trkpt>
      <trkpt lat="42.878105" lon="0.012833">
        <ele>819.8</ele>
      </trkpt>
      <trkpt lat="42.878067" lon="0.012627">
        <ele>818.8</ele>
      </trkpt>
      <trkpt lat="42.878014" lon="0.012421">
        <ele>817.4</ele>
      </trkpt>
      <trkpt lat="42.877953" lon="0.012233">
        <ele>816.2</ele>
      </trkpt>
      <trkpt lat="42.877876" lon="0.012043">
        <ele>814.8</ele>
      </trkpt>
      <trkpt lat="42.877808" lon="0.011841">
        <ele>813.4</ele>
      </trkpt>
      <trkpt lat="42.877735" lon="0.011639">
        <ele>812.2</ele>
      </trkpt>
      <trkpt lat="42.877663" lon="0.011432">
        <ele>810.8</ele>
      </trkpt>
      <trkpt lat="42.87759" lon="0.01123">
        <ele>809.5</ele>
      </trkpt>
      <trkpt lat="42.87751" lon="0.011037">
        <ele>809.5</ele>
      </trkpt>
      <trkpt lat="42.877438" lon="0.010854">
        <ele>807.2</ele>
      </trkpt>
      <trkpt lat="42.877369" lon="0.010675">
        <ele>805.8</ele>
      </trkpt>
      <trkpt lat="42.877304" lon="0.010494">
        <ele>804.4</ele>
      </trkpt>
      <trkpt lat="42.877235" lon="0.010311">
        <ele>803.0</ele>
      </trkpt>
      <trkpt lat="42.877178" lon="0.010123">
        <ele>801.4</ele>
      </trkpt>
      <trkpt lat="42.877121" lon="0.009931">
        <ele>800.4</ele>
      </trkpt>
      <trkpt lat="42.877068" lon="0.009742">
        <ele>799.4</ele>
      </trkpt>
      <trkpt lat="42.87701" lon="0.009552">
        <ele>798.2</ele>
      </trkpt>
      <trkpt lat="42.876957" lon="0.009362">
        <ele>797.2</ele>
      </trkpt>
      <trkpt lat="42.8769" lon="0.009171">
        <ele>796.0</ele>
      </trkpt>
      <trkpt lat="42.876842" lon="0.008987">
        <ele>795.0</ele>
      </trkpt>
      <trkpt lat="42.876774" lon="0.008817">
        <ele>793.5</ele>
      </trkpt>
      <trkpt lat="42.876701" lon="0.008681">
        <ele>792.4</ele>
      </trkpt>
      <trkpt lat="42.876613" lon="0.008543">
        <ele>791.2</ele>
      </trkpt>
      <trkpt lat="42.876518" lon="0.008404">
        <ele>789.8</ele>
      </trkpt>
      <trkpt lat="42.876423" lon="0.008271">
        <ele>788.5</ele>
      </trkpt>
      <trkpt lat="42.876335" lon="0.008142">
        <ele>788.0</ele>
      </trkpt>
      <trkpt lat="42.876247" lon="0.008018">
        <ele>787.5</ele>
      </trkpt>
      <trkpt lat="42.87616" lon="0.007887">
        <ele>787.2</ele>
      </trkpt>
      <trkpt lat="42.876076" lon="0.007763">
        <ele>786.8</ele>
      </trkpt>
      <trkpt lat="42.875996" lon="0.007648">
        <ele>786.4</ele>
      </trkpt>
      <trkpt lat="42.875847" lon="0.007452">
        <ele>786.4</ele>
      </trkpt>
      <trkpt lat="42.875641" lon="0.007164">
        <ele>785.8</ele>
      </trkpt>
      <trkpt lat="42.875572" lon="0.007066">
        <ele>785.4</ele>
      </trkpt>
      <trkpt lat="42.875511" lon="0.00698">
        <ele>785.0</ele>
      </trkpt>
      <trkpt lat="42.87545" lon="0.006899">
        <ele>784.5</ele>
      </trkpt>
      <trkpt lat="42.875389" lon="0.006821">
        <ele>784.2</ele>
      </trkpt>
      <trkpt lat="42.875286" lon="0.006703">
        <ele>783.8</ele>
      </trkpt>
      <trkpt lat="42.875244" lon="0.006657">
        <ele>783.2</ele>
      </trkpt>
      <trkpt lat="42.875206" lon="0.006612">
        <ele>782.8</ele>
      </trkpt>
      <trkpt lat="42.875175" lon="0.006565">
        <ele>782.4</ele>
      </trkpt>
      <trkpt lat="42.875145" lon="0.006515">
        <ele>782.0</ele>
      </trkpt>
      <trkpt lat="42.875118" lon="0.006466">
        <ele>782.0</ele>
      </trkpt>
      <trkpt lat="42.875057" lon="0.006361">
        <ele>781.5</ele>
      </trkpt>
      <trkpt lat="42.875023" lon="0.006313">
        <ele>781.0</ele>
      </trkpt>
      <trkpt lat="42.874981" lon="0.006265">
        <ele>780.5</ele>
      </trkpt>
      <trkpt lat="42.874943" lon="0.006215">
        <ele>780.2</ele>
      </trkpt>
      <trkpt lat="42.874905" lon="0.006159">
        <ele>779.8</ele>
      </trkpt>
      <trkpt lat="42.874863" lon="0.006099">
        <ele>779.2</ele>
      </trkpt>
      <trkpt lat="42.874817" lon="0.006032">
        <ele>778.5</ele>
      </trkpt>
      <trkpt lat="42.874775" lon="0.005961">
        <ele>778.2</ele>
      </trkpt>
      <trkpt lat="42.874729" lon="0.005888">
        <ele>777.5</ele>
      </trkpt>
      <trkpt lat="42.87464" lon="0.005742">
        <ele>777.2</ele>
      </trkpt>
      <trkpt lat="42.874595" lon="0.005677">
        <ele>776.8</ele>
      </trkpt>
      <trkpt lat="42.874546" lon="0.005611">
        <ele>776.2</ele>
      </trkpt>
      <trkpt lat="42.8745" lon="0.005543">
        <ele>775.8</ele>
      </trkpt>
      <trkpt lat="42.874451" lon="0.005471">
        <ele>775.4</ele>
      </trkpt>
      <trkpt lat="42.874397" lon="0.005394">
        <ele>774.8</ele>
      </trkpt>
      <trkpt lat="42.874344" lon="0.005316">
        <ele>774.2</ele>
      </trkpt>
      <trkpt lat="42.874294" lon="0.005239">
        <ele>773.5</ele>
      </trkpt>
      <trkpt lat="42.874241" lon="0.005159">
        <ele>773.2</ele>
      </trkpt>
      <trkpt lat="42.874149" lon="0.004984">
        <ele>773.2</ele>
      </trkpt>
      <trkpt lat="42.874107" lon="0.004886">
        <ele>773.2</ele>
      </trkpt>
      <trkpt lat="42.874043" lon="0.004669">
        <ele>772.5</ele>
      </trkpt>
      <trkpt lat="42.874012" lon="0.00455">
        <ele>772.2</ele>
      </trkpt>
      <trkpt lat="42.873978" lon="0.004425">
        <ele>771.8</ele>
      </trkpt>
      <trkpt lat="42.873947" lon="0.004296">
        <ele>771.2</ele>
      </trkpt>
      <trkpt lat="42.873917" lon="0.004161">
        <ele>770.4</ele>
      </trkpt>
      <trkpt lat="42.873882" lon="0.004022">
        <ele>769.8</ele>
      </trkpt>
      <trkpt lat="42.873844" lon="0.003884">
        <ele>769.0</ele>
      </trkpt>
      <trkpt lat="42.873806" lon="0.003743">
        <ele>768.2</ele>
      </trkpt>
      <trkpt lat="42.873764" lon="0.003601">
        <ele>767.4</ele>
      </trkpt>
      <trkpt lat="42.873726" lon="0.00346">
        <ele>766.5</ele>
      </trkpt>
      <trkpt lat="42.873684" lon="0.003317">
        <ele>765.8</ele>
      </trkpt>
      <trkpt lat="42.873646" lon="0.003171">
        <ele>765.0</ele>
      </trkpt>
      <trkpt lat="42.873608" lon="0.003023">
        <ele>764.2</ele>
      </trkpt>
      <trkpt lat="42.873565" lon="0.002875">
        <ele>763.8</ele>
      </trkpt>
      <trkpt lat="42.873524" lon="0.002726">
        <ele>763.2</ele>
      </trkpt>
      <trkpt lat="42.873486" lon="0.002578">
        <ele>762.5</ele>
      </trkpt>
      <trkpt lat="42.873447" lon="0.002432">
        <ele>762.0</ele>
      </trkpt>
      <trkpt lat="42.873413" lon="0.002287">
        <ele>761.4</ele>
      </trkpt>
      <trkpt lat="42.873379" lon="0.002145">
        <ele>760.8</ele>
      </trkpt>
      <trkpt lat="42.873344" lon="0.002006">
        <ele>760.2</ele>
      </trkpt>
      <trkpt lat="42.873306" lon="0.001869">
        <ele>759.5</ele>
      </trkpt>
      <trkpt lat="42.873272" lon="0.001737">
        <ele>759.2</ele>
      </trkpt>
      <trkpt lat="42.873199" lon="0.001479">
        <ele>759.2</ele>
      </trkpt>
      <trkpt lat="42.873131" lon="0.001231">
        <ele>759.2</ele>
      </trkpt>
      <trkpt lat="42.873005" lon="0.000755">
        <ele>759.2</ele>
      </trkpt>
      <trkpt lat="42.872879" lon="0.000287">
        <ele>759.2</ele>
      </trkpt>
      <trkpt lat="42.872784" lon="-0.000031">
        <ele>758.5</ele>
      </trkpt>
      <trkpt lat="42.872753" lon="-0.000122">
        <ele>758.2</ele>
      </trkpt>
      <trkpt lat="42.872723" lon="-0.000214">
        <ele>757.8</ele>
      </trkpt>
      <trkpt lat="42.872696" lon="-0.000275">
        <ele>757.2</ele>
      </trkpt>
      <trkpt lat="42.872673" lon="-0.000366">
        <ele>756.8</ele>
      </trkpt>
      <trkpt lat="42.872578" lon="-0.000732">
        <ele>756.8</ele>
      </trkpt>
      <trkpt lat="42.872551" lon="-0.000824">
        <ele>756.2</ele>
      </trkpt>
      <trkpt lat="42.87252" lon="-0.000916">
        <ele>755.5</ele>
      </trkpt>
      <trkpt lat="42.87249" lon="-0.001038">
        <ele>754.8</ele>
      </trkpt>
      <trkpt lat="42.872459" lon="-0.00116">
        <ele>754.0</ele>
      </trkpt>
      <trkpt lat="42.872428" lon="-0.001251">
        <ele>753.0</ele>
      </trkpt>
      <trkpt lat="42.872402" lon="-0.001343">
        <ele>752.2</ele>
      </trkpt>
      <trkpt lat="42.872372" lon="-0.001465">
        <ele>751.2</ele>
      </trkpt>
      <trkpt lat="42.872292" lon="-0.001709">
        <ele>751.2</ele>
      </trkpt>
      <trkpt lat="42.87228" lon="-0.001801">
        <ele>751.2</ele>
      </trkpt>
      <trkpt lat="42.872303" lon="-0.001953">
        <ele>751.2</ele>
      </trkpt>
      <trkpt lat="42.872341" lon="-0.002014">
        <ele>750.8</ele>
      </trkpt>
      <trkpt lat="42.872383" lon="-0.002105">
        <ele>750.4</ele>
      </trkpt>
      <trkpt lat="42.872433" lon="-0.002197">
        <ele>750.0</ele>
      </trkpt>
      <trkpt lat="42.87249" lon="-0.002288">
        <ele>749.2</ele>
      </trkpt>
      <trkpt lat="42.872547" lon="-0.00238">
        <ele>748.2</ele>
      </trkpt>
      <trkpt lat="42.872608" lon="-0.002502">
        <ele>747.2</ele>
      </trkpt>
      <trkpt lat="42.872669" lon="-0.002594">
        <ele>746.4</ele>
      </trkpt>
      <trkpt lat="42.872726" lon="-0.002716">
        <ele>745.5</ele>
      </trkpt>
      <trkpt lat="42.872787" lon="-0.002808">
        <ele>744.5</ele>
      </trkpt>
      <trkpt lat="42.872845" lon="-0.002899">
        <ele>743.5</ele>
      </trkpt>
      <trkpt lat="42.872902" lon="-0.00302">
        <ele>742.5</ele>
      </trkpt>
      <trkpt lat="42.872955" lon="-0.003113">
        <ele>741.5</ele>
      </trkpt>
      <trkpt lat="42.873001" lon="-0.003203">
        <ele>740.5</ele>
      </trkpt>
      <trkpt lat="42.873047" lon="-0.003265">
        <ele>740.5</ele>
      </trkpt>
      <trkpt lat="42.873089" lon="-0.003296">
        <ele>740.5</ele>
      </trkpt>
      <trkpt lat="42.873124" lon="-0.00331">
        <ele>716.1</ele>
      </trkpt>
      <trkpt lat="42.873165" lon="-0.003326">
        <ele>740.5</ele>
      </trkpt>
      <trkpt lat="42.873216" lon="-0.003303">
        <ele>715.6</ele>
      </trkpt>
      <trkpt lat="42.873233" lon="-0.003296">
        <ele>740.5</ele>
      </trkpt>
      <trkpt lat="42.873238" lon="-0.003296">
        <ele>740.5</ele>
      </trkpt>
      <trkpt lat="42.87326" lon="-0.003235">
        <ele>740.5</ele>
      </trkpt>
      <trkpt lat="42.87326" lon="-0.003235">
        <ele>740.5</ele>
      </trkpt>
      <trkpt lat="42.873249" lon="-0.003235">
        <ele>732.4</ele>
      </trkpt>
      <trkpt lat="42.87326" lon="-0.003235">
        <ele>732.4</ele>
      </trkpt>
      <trkpt lat="42.873386" lon="-0.003265">
        <ele>732.4</ele>
      </trkpt>
      <trkpt lat="42.873512" lon="-0.003265">
        <ele>732.4</ele>
      </trkpt>
      <trkpt lat="42.873665" lon="-0.003265">
        <ele>732.4</ele>
      </trkpt>
      <trkpt lat="42.873959" lon="-0.003235">
        <ele>732.4</ele>
      </trkpt>
      <trkpt lat="42.874004" lon="-0.003235">
        <ele>732.4</ele>
      </trkpt>
      <trkpt lat="42.87426" lon="-0.003235">
        <ele>732.4</ele>
      </trkpt>
      <trkpt lat="42.874386" lon="-0.003265">
        <ele>732.4</ele>
      </trkpt>
      <trkpt lat="42.874595" lon="-0.00351">
        <ele>732.4</ele>
      </trkpt>
      <trkpt lat="42.874706" lon="-0.003754">
        <ele>731.8</ele>
      </trkpt>
      <trkpt lat="42.874756" lon="-0.003845">
        <ele>731.4</ele>
      </trkpt>
      <trkpt lat="42.874798" lon="-0.003906">
        <ele>730.8</ele>
      </trkpt>
      <trkpt lat="42.874832" lon="-0.003967">
        <ele>730.2</ele>
      </trkpt>
      <trkpt lat="42.87484" lon="-0.003998">
        <ele>729.5</ele>
      </trkpt>
      <trkpt lat="42.874847" lon="-0.003967">
        <ele>729.5</ele>
      </trkpt>
      <trkpt lat="42.87484" lon="-0.003967">
        <ele>729.5</ele>
      </trkpt>
      <trkpt lat="42.874832" lon="-0.003937">
        <ele>729.5</ele>
      </trkpt>
      <trkpt lat="42.874832" lon="-0.003906">
        <ele>729.5</ele>
      </trkpt>
      <trkpt lat="42.874828" lon="-0.003937">
        <ele>729.5</ele>
      </trkpt>
      <trkpt lat="42.874828" lon="-0.003906">
        <ele>729.5</ele>
      </trkpt>
      <trkpt lat="42.874825" lon="-0.003906">
        <ele>729.5</ele>
      </trkpt>
      <trkpt lat="42.874825" lon="-0.003906">
        <ele>729.5</ele>
      </trkpt>
      <trkpt lat="42.874825" lon="-0.003906">
        <ele>729.5</ele>
      </trkpt>
      <trkpt lat="42.874786" lon="-0.003845">
        <ele>729.5</ele>
      </trkpt>
      <trkpt lat="42.874767" lon="-0.003815">
        <ele>729.5</ele>
      </trkpt>
      <trkpt lat="42.874645" lon="-0.003632">
        <ele>729.5</ele>
      </trkpt>
      <trkpt lat="42.874564" lon="-0.00354">
        <ele>729.5</ele>
      </trkpt>
      <trkpt lat="42.874512" lon="-0.003448">
        <ele>729.5</ele>
      </trkpt>
      <trkpt lat="42.874454" lon="-0.003357">
        <ele>729.5</ele>
      </trkpt>
      <trkpt lat="42.874409" lon="-0.003296">
        <ele>730.0</ele>
      </trkpt>
      <trkpt lat="42.87439" lon="-0.003265">
        <ele>730.4</ele>
      </trkpt>
      <trkpt lat="42.87437" lon="-0.003235">
        <ele>731.0</ele>
      </trkpt>
      <trkpt lat="42.874339" lon="-0.003235">
        <ele>731.4</ele>
      </trkpt>
      <trkpt lat="42.874313" lon="-0.003203">
        <ele>731.8</ele>
      </trkpt>
      <trkpt lat="42.874279" lon="-0.003203">
        <ele>731.8</ele>
      </trkpt>
      <trkpt lat="42.874256" lon="-0.003174">
        <ele>731.8</ele>
      </trkpt>
      <trkpt lat="42.874195" lon="-0.003174">
        <ele>731.8</ele>
      </trkpt>
      <trkpt lat="42.874084" lon="-0.003203">
        <ele>731.8</ele>
      </trkpt>
      <trkpt lat="42.873962" lon="-0.003203">
        <ele>731.8</ele>
      </trkpt>
      <trkpt lat="42.873684" lon="-0.003174">
        <ele>731.8</ele>
      </trkpt>
      <trkpt lat="42.87365" lon="-0.003203">
        <ele>731.8</ele>
      </trkpt>
      <trkpt lat="42.873569" lon="-0.003203">
        <ele>731.8</ele>
      </trkpt>
      <trkpt lat="42.873486" lon="-0.003235">
        <ele>731.8</ele>
      </trkpt>
      <trkpt lat="42.873444" lon="-0.003235">
        <ele>732.2</ele>
      </trkpt>
      <trkpt lat="42.873398" lon="-0.003235">
        <ele>732.5</ele>
      </trkpt>
      <trkpt lat="42.873356" lon="-0.003235">
        <ele>733.2</ele>
      </trkpt>
      <trkpt lat="42.873341" lon="-0.003203">
        <ele>733.5</ele>
      </trkpt>
      <trkpt lat="42.873333" lon="-0.003143">
        <ele>734.0</ele>
      </trkpt>
      <trkpt lat="42.873337" lon="-0.003052">
        <ele>734.0</ele>
      </trkpt>
      <trkpt lat="42.873337" lon="-0.00302">
        <ele>734.0</ele>
      </trkpt>
      <trkpt lat="42.873253" lon="-0.002869">
        <ele>731.8</ele>
      </trkpt>
      <trkpt lat="42.87326" lon="-0.002899">
        <ele>732.4</ele>
      </trkpt>
      <trkpt lat="42.87326" lon="-0.00293">
        <ele>732.8</ele>
      </trkpt>
      <trkpt lat="42.873264" lon="-0.00293">
        <ele>733.2</ele>
      </trkpt>
      <trkpt lat="42.873268" lon="-0.00296">
        <ele>733.5</ele>
      </trkpt>
      <trkpt lat="42.873257" lon="-0.00293">
        <ele>734.0</ele>
      </trkpt>
      <trkpt lat="42.873253" lon="-0.00293">
        <ele>734.0</ele>
      </trkpt>
      <trkpt lat="42.87323" lon="-0.002869">
        <ele>734.0</ele>
      </trkpt>
      <trkpt lat="42.873283" lon="-0.003052">
        <ele>734.0</ele>
      </trkpt>
      <trkpt lat="42.873295" lon="-0.003082">
        <ele>734.0</ele>
      </trkpt>
      <trkpt lat="42.873238" lon="-0.00302">
        <ele>748.5</ele>
      </trkpt>
      <trkpt lat="42.873238" lon="-0.00302">
        <ele>748.5</ele>
      </trkpt>
      <trkpt lat="42.873238" lon="-0.00302">
        <ele>748.5</ele>
      </trkpt>
      <trkpt lat="42.873238" lon="-0.00302">
        <ele>748.5</ele>
      </trkpt>
      <trkpt lat="42.873257" lon="-0.00302">
        <ele>750.8</ele>
      </trkpt>
      <trkpt lat="42.873257" lon="-0.00302">
        <ele>750.8</ele>
      </trkpt>
      <trkpt lat="42.873257" lon="-0.00302">
        <ele>750.8</ele>
      </trkpt>
      <trkpt lat="42.873257" lon="-0.00302">
        <ele>752.8</ele>
      </trkpt>
      <trkpt lat="42.87326" lon="-0.003082">
        <ele>752.8</ele>
      </trkpt>
      <trkpt lat="42.873257" lon="-0.003296">
        <ele>752.8</ele>
      </trkpt>
      <trkpt lat="42.873226" lon="-0.003357">
        <ele>752.4</ele>
      </trkpt>
      <trkpt lat="42.873215" lon="-0.003418">
        <ele>752.0</ele>
      </trkpt>
      <trkpt lat="42.87318" lon="-0.003448">
        <ele>751.5</ele>
      </trkpt>
      <trkpt lat="42.873161" lon="-0.00351">
        <ele>751.2</ele>
      </trkpt>
      <trkpt lat="42.873135" lon="-0.00354">
        <ele>750.8</ele>
      </trkpt>
      <trkpt lat="42.873093" lon="-0.003571">
        <ele>750.2</ele>
      </trkpt>
      <trkpt lat="42.873055" lon="-0.003601">
        <ele>749.5</ele>
      </trkpt>
      <trkpt lat="42.872997" lon="-0.003632">
        <ele>749.2</ele>
      </trkpt>
      <trkpt lat="42.872978" lon="-0.003693">
        <ele>748.5</ele>
      </trkpt>
      <trkpt lat="42.872967" lon="-0.003754">
        <ele>748.2</ele>
      </trkpt>
      <trkpt lat="42.872822" lon="-0.003967">
        <ele>748.2</ele>
      </trkpt>
      <trkpt lat="42.872768" lon="-0.004059">
        <ele>748.2</ele>
      </trkpt>
      <trkpt lat="42.872673" lon="-0.004211">
        <ele>748.2</ele>
      </trkpt>
      <trkpt lat="42.872616" lon="-0.004364">
        <ele>747.5</ele>
      </trkpt>
      <trkpt lat="42.87258" lon="-0.004425">
        <ele>747.2</ele>
      </trkpt>
      <trkpt lat="42.872543" lon="-0.004486">
        <ele>746.8</ele>
      </trkpt>
      <trkpt lat="42.872504" lon="-0.004547">
        <ele>746.4</ele>
      </trkpt>
      <trkpt lat="42.872471" lon="-0.004608">
        <ele>746.0</ele>
      </trkpt>
      <trkpt lat="42.872356" lon="-0.004852">
        <ele>746.0</ele>
      </trkpt>
      <trkpt lat="42.872272" lon="-0.004943">
        <ele>746.0</ele>
      </trkpt>
      <trkpt lat="42.872234" lon="-0.004943">
        <ele>745.5</ele>
      </trkpt>
      <trkpt lat="42.8722" lon="-0.005035">
        <ele>745.0</ele>
      </trkpt>
      <trkpt lat="42.872158" lon="-0.005096">
        <ele>744.5</ele>
      </trkpt>
      <trkpt lat="42.872116" lon="-0.005157">
        <ele>744.2</ele>
      </trkpt>
      <trkpt lat="42.872078" lon="-0.005249">
        <ele>743.5</ele>
      </trkpt>
      <trkpt lat="42.872032" lon="-0.005309">
        <ele>743.2</ele>
      </trkpt>
      <trkpt lat="42.871986" lon="-0.005402">
        <ele>742.8</ele>
      </trkpt>
      <trkpt lat="42.871944" lon="-0.005463">
        <ele>742.4</ele>
      </trkpt>
      <trkpt lat="42.871902" lon="-0.005524">
        <ele>742.0</ele>
      </trkpt>
      <trkpt lat="42.871861" lon="-0.005585">
        <ele>741.5</ele>
      </trkpt>
      <trkpt lat="42.871773" lon="-0.005737">
        <ele>741.2</ele>
      </trkpt>
      <trkpt lat="42.87173" lon="-0.005829">
        <ele>740.5</ele>
      </trkpt>
      <trkpt lat="42.871681" lon="-0.00589">
        <ele>740.2</ele>
      </trkpt>
      <trkpt lat="42.871635" lon="-0.005951">
        <ele>739.8</ele>
      </trkpt>
      <trkpt lat="42.87159" lon="-0.006041">
        <ele>739.4</ele>
      </trkpt>
      <trkpt lat="42.871403" lon="-0.006348">
        <ele>739.0</ele>
      </trkpt>
      <trkpt lat="42.871357" lon="-0.006409">
        <ele>738.5</ele>
      </trkpt>
      <trkpt lat="42.871307" lon="-0.0065">
        <ele>738.2</ele>
      </trkpt>
      <trkpt lat="42.871258" lon="-0.006561">
        <ele>737.8</ele>
      </trkpt>
      <trkpt lat="42.871208" lon="-0.006653">
        <ele>737.4</ele>
      </trkpt>
      <trkpt lat="42.870983" lon="-0.006989">
        <ele>736.8</ele>
      </trkpt>
      <trkpt lat="42.870934" lon="-0.00708">
        <ele>736.4</ele>
      </trkpt>
      <trkpt lat="42.870872" lon="-0.007172">
        <ele>736.0</ele>
      </trkpt>
      <trkpt lat="42.870815" lon="-0.007263">
        <ele>735.5</ele>
      </trkpt>
      <trkpt lat="42.870758" lon="-0.007355">
        <ele>735.2</ele>
      </trkpt>
      <trkpt lat="42.870697" lon="-0.007446">
        <ele>734.5</ele>
      </trkpt>
      <trkpt lat="42.87064" lon="-0.007538">
        <ele>734.0</ele>
      </trkpt>
      <trkpt lat="42.870579" lon="-0.007629">
        <ele>733.5</ele>
      </trkpt>
      <trkpt lat="42.870522" lon="-0.007721">
        <ele>733.0</ele>
      </trkpt>
      <trkpt lat="42.870407" lon="-0.007904">
        <ele>732.5</ele>
      </trkpt>
      <trkpt lat="42.870346" lon="-0.007996">
        <ele>732.2</ele>
      </trkpt>
      <trkpt lat="42.870289" lon="-0.008118">
        <ele>731.5</ele>
      </trkpt>
      <trkpt lat="42.870224" lon="-0.008209">
        <ele>731.2</ele>
      </trkpt>
      <trkpt lat="42.870159" lon="-0.008331">
        <ele>730.5</ele>
      </trkpt>
      <trkpt lat="42.870098" lon="-0.008423">
        <ele>730.0</ele>
      </trkpt>
      <trkpt lat="42.870037" lon="-0.008514">
        <ele>729.4</ele>
      </trkpt>
      <trkpt lat="42.869972" lon="-0.008636">
        <ele>728.8</ele>
      </trkpt>
      <trkpt lat="42.869911" lon="-0.008728">
        <ele>728.2</ele>
      </trkpt>
      <trkpt lat="42.869846" lon="-0.00885">
        <ele>727.5</ele>
      </trkpt>
      <trkpt lat="42.869781" lon="-0.008942">
        <ele>727.2</ele>
      </trkpt>
      <trkpt lat="42.869709" lon="-0.009063">
        <ele>726.5</ele>
      </trkpt>
      <trkpt lat="42.869648" lon="-0.009186">
        <ele>726.0</ele>
      </trkpt>
      <trkpt lat="42.869587" lon="-0.009277">
        <ele>725.4</ele>
      </trkpt>
      <trkpt lat="42.869518" lon="-0.009399">
        <ele>724.8</ele>
      </trkpt>
      <trkpt lat="42.869457" lon="-0.009491">
        <ele>724.2</ele>
      </trkpt>
      <trkpt lat="42.869389" lon="-0.009583">
        <ele>723.8</ele>
      </trkpt>
      <trkpt lat="42.869301" lon="-0.009674">
        <ele>723.2</ele>
      </trkpt>
      <trkpt lat="42.869198" lon="-0.009735">
        <ele>723.2</ele>
      </trkpt>
      <trkpt lat="42.869099" lon="-0.009795">
        <ele>722.8</ele>
      </trkpt>
      <trkpt lat="42.868992" lon="-0.009795">
        <ele>722.4</ele>
      </trkpt>
      <trkpt lat="42.868885" lon="-0.009795">
        <ele>722.0</ele>
      </trkpt>
      <trkpt lat="42.868782" lon="-0.009827">
        <ele>721.5</ele>
      </trkpt>
      <trkpt lat="42.868683" lon="-0.009827">
        <ele>721.2</ele>
      </trkpt>
      <trkpt lat="42.868404" lon="-0.009827">
        <ele>721.2</ele>
      </trkpt>
      <trkpt lat="42.867866" lon="-0.009887">
        <ele>721.2</ele>
      </trkpt>
      <trkpt lat="42.867779" lon="-0.009887">
        <ele>721.2</ele>
      </trkpt>
      <trkpt lat="42.867622" lon="-0.009887">
        <ele>721.5</ele>
      </trkpt>
      <trkpt lat="42.867542" lon="-0.009857">
        <ele>722.0</ele>
      </trkpt>
      <trkpt lat="42.867481" lon="-0.009857">
        <ele>722.4</ele>
      </trkpt>
      <trkpt lat="42.867427" lon="-0.009827">
        <ele>722.8</ele>
      </trkpt>
      <trkpt lat="42.867378" lon="-0.009795">
        <ele>723.2</ele>
      </trkpt>
      <trkpt lat="42.867351" lon="-0.009795">
        <ele>723.2</ele>
      </trkpt>
      <trkpt lat="42.867289" lon="-0.009766">
        <ele>723.5</ele>
      </trkpt>
      <trkpt lat="42.867252" lon="-0.009735">
        <ele>724.0</ele>
      </trkpt>
      <trkpt lat="42.867207" lon="-0.009735">
        <ele>724.5</ele>
      </trkpt>
      <trkpt lat="42.867153" lon="-0.009705">
        <ele>725.0</ele>
      </trkpt>
      <trkpt lat="42.867104" lon="-0.009705">
        <ele>725.5</ele>
      </trkpt>
      <trkpt lat="42.867064" lon="-0.009674">
        <ele>726.2</ele>
      </trkpt>
      <trkpt lat="42.867027" lon="-0.009674">
        <ele>726.5</ele>
      </trkpt>
      <trkpt lat="42.866985" lon="-0.009644">
        <ele>727.2</ele>
      </trkpt>
      <trkpt lat="42.866947" lon="-0.009644">
        <ele>727.8</ele>
      </trkpt>
      <trkpt lat="42.866875" lon="-0.009613">
        <ele>727.8</ele>
      </trkpt>
      <trkpt lat="42.866836" lon="-0.009613">
        <ele>728.2</ele>
      </trkpt>
      <trkpt lat="42.866802" lon="-0.009613">
        <ele>728.8</ele>
      </trkpt>
      <trkpt lat="42.866764" lon="-0.009583">
        <ele>729.2</ele>
      </trkpt>
      <trkpt lat="42.866734" lon="-0.009583">
        <ele>729.5</ele>
      </trkpt>
      <trkpt lat="42.866695" lon="-0.009552">
        <ele>730.2</ele>
      </trkpt>
      <trkpt lat="42.866596" lon="-0.009521">
        <ele>730.5</ele>
      </trkpt>
      <trkpt lat="42.866566" lon="-0.009491">
        <ele>731.0</ele>
      </trkpt>
      <trkpt lat="42.866535" lon="-0.00946">
        <ele>731.4</ele>
      </trkpt>
      <trkpt lat="42.866504" lon="-0.009429">
        <ele>731.8</ele>
      </trkpt>
      <trkpt lat="42.866478" lon="-0.009399">
        <ele>732.2</ele>
      </trkpt>
      <trkpt lat="42.866451" lon="-0.009369">
        <ele>732.2</ele>
      </trkpt>
      <trkpt lat="42.866356" lon="-0.009216">
        <ele>732.5</ele>
      </trkpt>
      <trkpt lat="42.866333" lon="-0.009186">
        <ele>733.0</ele>
      </trkpt>
      <trkpt lat="42.866306" lon="-0.009155">
        <ele>733.5</ele>
      </trkpt>
      <trkpt lat="42.86628" lon="-0.009125">
        <ele>734.0</ele>
      </trkpt>
      <trkpt lat="42.866253" lon="-0.009094">
        <ele>734.4</ele>
      </trkpt>
      <trkpt lat="42.866142" lon="-0.008972">
        <ele>734.4</ele>
      </trkpt>
      <trkpt lat="42.866112" lon="-0.008972">
        <ele>734.8</ele>
      </trkpt>
      <trkpt lat="42.866085" lon="-0.008972">
        <ele>735.2</ele>
      </trkpt>
      <trkpt lat="42.866055" lon="-0.008942">
        <ele>735.5</ele>
      </trkpt>
      <trkpt lat="42.866032" lon="-0.008942">
        <ele>736.0</ele>
      </trkpt>
      <trkpt lat="42.866001" lon="-0.008942">
        <ele>736.4</ele>
      </trkpt>
      <trkpt lat="42.865948" lon="-0.008911">
        <ele>736.8</ele>
      </trkpt>
      <trkpt lat="42.865917" lon="-0.008911">
        <ele>737.4</ele>
      </trkpt>
      <trkpt lat="42.865902" lon="-0.008881">
        <ele>737.8</ele>
      </trkpt>
      <trkpt lat="42.865875" lon="-0.008881">
        <ele>738.2</ele>
      </trkpt>
      <trkpt lat="42.865833" lon="-0.008881">
        <ele>738.5</ele>
      </trkpt>
      <trkpt lat="42.865734" lon="-0.00885">
        <ele>739.0</ele>
      </trkpt>
      <trkpt lat="42.865696" lon="-0.00882">
        <ele>739.4</ele>
      </trkpt>
      <trkpt lat="42.865665" lon="-0.00882">
        <ele>740.0</ele>
      </trkpt>
      <trkpt lat="42.865635" lon="-0.00882">
        <ele>740.4</ele>
      </trkpt>
      <trkpt lat="42.865597" lon="-0.008789">
        <ele>740.8</ele>
      </trkpt>
      <trkpt lat="42.865536" lon="-0.008789">
        <ele>740.8</ele>
      </trkpt>
      <trkpt lat="42.865475" lon="-0.008759">
        <ele>741.2</ele>
      </trkpt>
      <trkpt lat="42.865443" lon="-0.008759">
        <ele>741.8</ele>
      </trkpt>
      <trkpt lat="42.865414" lon="-0.008728">
        <ele>742.2</ele>
      </trkpt>
      <trkpt lat="42.865379" lon="-0.008728">
        <ele>742.5</ele>
      </trkpt>
      <trkpt lat="42.865353" lon="-0.008728">
        <ele>743.2</ele>
      </trkpt>
      <trkpt lat="42.865265" lon="-0.008697">
        <ele>743.5</ele>
      </trkpt>
      <trkpt lat="42.865234" lon="-0.008667">
        <ele>744.0</ele>
      </trkpt>
      <trkpt lat="42.865204" lon="-0.008667">
        <ele>744.4</ele>
      </trkpt>
      <trkpt lat="42.865173" lon="-0.008667">
        <ele>744.8</ele>
      </trkpt>
      <trkpt lat="42.865143" lon="-0.008667">
        <ele>745.2</ele>
      </trkpt>
      <trkpt lat="42.865086" lon="-0.008636">
        <ele>745.2</ele>
      </trkpt>
      <trkpt lat="42.864998" lon="-0.008606">
        <ele>745.8</ele>
      </trkpt>
      <trkpt lat="42.864971" lon="-0.008606">
        <ele>746.2</ele>
      </trkpt>
      <trkpt lat="42.864941" lon="-0.008575">
        <ele>746.5</ele>
      </trkpt>
      <trkpt lat="42.864906" lon="-0.008575">
        <ele>747.2</ele>
      </trkpt>
      <trkpt lat="42.864849" lon="-0.008545">
        <ele>747.5</ele>
      </trkpt>
      <trkpt lat="42.864662" lon="-0.008453">
        <ele>748.0</ele>
      </trkpt>
      <trkpt lat="42.864628" lon="-0.008453">
        <ele>748.4</ele>
      </trkpt>
      <trkpt lat="42.864593" lon="-0.008423">
        <ele>748.8</ele>
      </trkpt>
      <trkpt lat="42.864562" lon="-0.008423">
        <ele>749.2</ele>
      </trkpt>
      <trkpt lat="42.864536" lon="-0.008423">
        <ele>749.5</ele>
      </trkpt>
      <trkpt lat="42.864468" lon="-0.008392">
        <ele>749.5</ele>
      </trkpt>
      <trkpt lat="42.864342" lon="-0.008301">
        <ele>750.2</ele>
      </trkpt>
      <trkpt lat="42.864311" lon="-0.008301">
        <ele>750.5</ele>
      </trkpt>
      <trkpt lat="42.864281" lon="-0.00827">
        <ele>751.0</ele>
      </trkpt>
      <trkpt lat="42.86425" lon="-0.00824">
        <ele>751.4</ele>
      </trkpt>
      <trkpt lat="42.86422" lon="-0.00824">
        <ele>751.8</ele>
      </trkpt>
      <trkpt lat="42.86404" lon="-0.008118">
        <ele>752.4</ele>
      </trkpt>
      <trkpt lat="42.864014" lon="-0.008087">
        <ele>752.8</ele>
      </trkpt>
      <trkpt lat="42.863987" lon="-0.008057">
        <ele>753.4</ele>
      </trkpt>
      <trkpt lat="42.863956" lon="-0.008057">
        <ele>753.8</ele>
      </trkpt>
      <trkpt lat="42.86393" lon="-0.008026">
        <ele>754.4</ele>
      </trkpt>
      <trkpt lat="42.863762" lon="-0.007874">
        <ele>754.8</ele>
      </trkpt>
      <trkpt lat="42.863739" lon="-0.007874">
        <ele>755.4</ele>
      </trkpt>
      <trkpt lat="42.863708" lon="-0.007842">
        <ele>755.8</ele>
      </trkpt>
      <trkpt lat="42.863682" lon="-0.007812">
        <ele>756.4</ele>
      </trkpt>
      <trkpt lat="42.863651" lon="-0.007782">
        <ele>756.8</ele>
      </trkpt>
      <trkpt lat="42.863503" lon="-0.00766">
        <ele>756.8</ele>
      </trkpt>
      <trkpt lat="42.86319" lon="-0.007385">
        <ele>757.2</ele>
      </trkpt>
      <trkpt lat="42.863163" lon="-0.007355">
        <ele>757.5</ele>
      </trkpt>
      <trkpt lat="42.863136" lon="-0.007324">
        <ele>758.0</ele>
      </trkpt>
      <trkpt lat="42.86311" lon="-0.007294">
        <ele>758.4</ele>
      </trkpt>
      <trkpt lat="42.863083" lon="-0.007263">
        <ele>758.8</ele>
      </trkpt>
      <trkpt lat="42.862877" lon="-0.00705">
        <ele>758.8</ele>
      </trkpt>
      <trkpt lat="42.862797" lon="-0.006958">
        <ele>759.4</ele>
      </trkpt>
      <trkpt lat="42.862789" lon="-0.006927">
        <ele>759.8</ele>
      </trkpt>
      <trkpt lat="42.862778" lon="-0.006897">
        <ele>760.4</ele>
      </trkpt>
      <trkpt lat="42.86277" lon="-0.006866">
        <ele>760.8</ele>
      </trkpt>
      <trkpt lat="42.862758" lon="-0.006805">
        <ele>761.2</ele>
      </trkpt>
      <trkpt lat="42.862717" lon="-0.006714">
        <ele>761.2</ele>
      </trkpt>
      <trkpt lat="42.862698" lon="-0.006653">
        <ele>761.2</ele>
      </trkpt>
      <trkpt lat="42.862656" lon="-0.006561">
        <ele>761.2</ele>
      </trkpt>
      <trkpt lat="42.862644" lon="-0.006531">
        <ele>761.2</ele>
      </trkpt>
      <trkpt lat="42.862602" lon="-0.006317">
        <ele>761.2</ele>
      </trkpt>
      <trkpt lat="42.862598" lon="-0.006256">
        <ele>761.8</ele>
      </trkpt>
      <trkpt lat="42.862602" lon="-0.006195">
        <ele>762.4</ele>
      </trkpt>
      <trkpt lat="42.862598" lon="-0.006165">
        <ele>762.8</ele>
      </trkpt>
      <trkpt lat="42.862568" lon="-0.006104">
        <ele>763.8</ele>
      </trkpt>
      <trkpt lat="42.862507" lon="-0.006012">
        <ele>763.8</ele>
      </trkpt>
      <trkpt lat="42.862305" lon="-0.00589">
        <ele>763.8</ele>
      </trkpt>
      <trkpt lat="42.862083" lon="-0.00589">
        <ele>764.2</ele>
      </trkpt>
      <trkpt lat="42.862049" lon="-0.00589">
        <ele>764.8</ele>
      </trkpt>
      <trkpt lat="42.862011" lon="-0.00589">
        <ele>765.2</ele>
      </trkpt>
      <trkpt lat="42.861973" lon="-0.00589">
        <ele>765.5</ele>
      </trkpt>
      <trkpt lat="42.861935" lon="-0.00589">
        <ele>766.0</ele>
      </trkpt>
      <trkpt lat="42.861824" lon="-0.00589">
        <ele>766.4</ele>
      </trkpt>
      <trkpt lat="42.86179" lon="-0.00589">
        <ele>766.8</ele>
      </trkpt>
      <trkpt lat="42.861759" lon="-0.005858">
        <ele>767.2</ele>
      </trkpt>
      <trkpt lat="42.861725" lon="-0.005858">
        <ele>767.5</ele>
      </trkpt>
      <trkpt lat="42.861697" lon="-0.005858">
        <ele>768.0</ele>
      </trkpt>
      <trkpt lat="42.861595" lon="-0.005858">
        <ele>768.5</ele>
      </trkpt>
      <trkpt lat="42.861561" lon="-0.005858">
        <ele>769.0</ele>
      </trkpt>
      <trkpt lat="42.861526" lon="-0.005858">
        <ele>769.5</ele>
      </trkpt>
      <trkpt lat="42.861488" lon="-0.005858">
        <ele>770.0</ele>
      </trkpt>
      <trkpt lat="42.861454" lon="-0.005858">
        <ele>770.4</ele>
      </trkpt>
      <trkpt lat="42.86142" lon="-0.005858">
        <ele>770.4</ele>
      </trkpt>
      <trkpt lat="42.861382" lon="-0.005858">
        <ele>770.8</ele>
      </trkpt>
      <trkpt lat="42.861343" lon="-0.005858">
        <ele>771.2</ele>
      </trkpt>
      <trkpt lat="42.861309" lon="-0.005858">
        <ele>771.8</ele>
      </trkpt>
      <trkpt lat="42.861275" lon="-0.005858">
        <ele>772.2</ele>
      </trkpt>
      <trkpt lat="42.861237" lon="-0.005858">
        <ele>772.5</ele>
      </trkpt>
      <trkpt lat="42.860886" lon="-0.005798">
        <ele>773.0</ele>
      </trkpt>
      <trkpt lat="42.860844" lon="-0.005768">
        <ele>773.4</ele>
      </trkpt>
      <trkpt lat="42.860805" lon="-0.005768">
        <ele>773.8</ele>
      </trkpt>
      <trkpt lat="42.860767" lon="-0.005768">
        <ele>774.2</ele>
      </trkpt>
      <trkpt lat="42.860729" lon="-0.005737">
        <ele>774.5</ele>
      </trkpt>
      <trkpt lat="42.860477" lon="-0.005646">
        <ele>774.5</ele>
      </trkpt>
      <trkpt lat="42.860294" lon="-0.005524">
        <ele>774.5</ele>
      </trkpt>
      <trkpt lat="42.860237" lon="-0.005463">
        <ele>775.0</ele>
      </trkpt>
      <trkpt lat="42.860214" lon="-0.005432">
        <ele>775.4</ele>
      </trkpt>
      <trkpt lat="42.860183" lon="-0.005402">
        <ele>775.8</ele>
      </trkpt>
      <trkpt lat="42.860152" lon="-0.005371">
        <ele>776.2</ele>
      </trkpt>
      <trkpt lat="42.860126" lon="-0.005341">
        <ele>776.5</ele>
      </trkpt>
      <trkpt lat="42.860043" lon="-0.005188">
        <ele>776.5</ele>
      </trkpt>
      <trkpt lat="42.860023" lon="-0.005157">
        <ele>776.5</ele>
      </trkpt>
      <trkpt lat="42.859959" lon="-0.005035">
        <ele>776.5</ele>
      </trkpt>
      <trkpt lat="42.859814" lon="-0.004943">
        <ele>777.0</ele>
      </trkpt>
      <trkpt lat="42.859779" lon="-0.004943">
        <ele>777.4</ele>
      </trkpt>
      <trkpt lat="42.859741" lon="-0.004943">
        <ele>777.8</ele>
      </trkpt>
      <trkpt lat="42.859703" lon="-0.004974">
        <ele>778.4</ele>
      </trkpt>
      <trkpt lat="42.859665" lon="-0.004974">
        <ele>778.8</ele>
      </trkpt>
      <trkpt lat="42.859581" lon="-0.005005">
        <ele>778.8</ele>
      </trkpt>
      <trkpt lat="42.859356" lon="-0.005035">
        <ele>779.2</ele>
      </trkpt>
      <trkpt lat="42.859318" lon="-0.005035">
        <ele>779.5</ele>
      </trkpt>
      <trkpt lat="42.859283" lon="-0.005005">
        <ele>780.0</ele>
      </trkpt>
      <trkpt lat="42.859253" lon="-0.004974">
        <ele>780.4</ele>
      </trkpt>
      <trkpt lat="42.859222" lon="-0.004974">
        <ele>781.0</ele>
      </trkpt>
      <trkpt lat="42.859192" lon="-0.004943">
        <ele>781.0</ele>
      </trkpt>
      <trkpt lat="42.858963" lon="-0.00476">
        <ele>781.0</ele>
      </trkpt>
      <trkpt lat="42.858765" lon="-0.004791">
        <ele>781.4</ele>
      </trkpt>
      <trkpt lat="42.85873" lon="-0.004791">
        <ele>781.8</ele>
      </trkpt>
      <trkpt lat="42.858696" lon="-0.004791">
        <ele>782.4</ele>
      </trkpt>
      <trkpt lat="42.858665" lon="-0.004822">
        <ele>782.8</ele>
      </trkpt>
      <trkpt lat="42.858631" lon="-0.004822">
        <ele>783.4</ele>
      </trkpt>
      <trkpt lat="42.858437" lon="-0.004883">
        <ele>783.4</ele>
      </trkpt>
      <trkpt lat="42.858329" lon="-0.004958">
        <ele>760.0</ele>
      </trkpt>
      <trkpt lat="42.858261" lon="-0.005005">
        <ele>783.4</ele>
      </trkpt>
      <trkpt lat="42.858223" lon="-0.005066">
        <ele>783.4</ele>
      </trkpt>
      <trkpt lat="42.858219" lon="-0.005126">
        <ele>783.4</ele>
      </trkpt>
      <trkpt lat="42.858265" lon="-0.00528">
        <ele>783.4</ele>
      </trkpt>
      <trkpt lat="42.85828" lon="-0.005309">
        <ele>783.8</ele>
      </trkpt>
      <trkpt lat="42.858292" lon="-0.005341">
        <ele>784.2</ele>
      </trkpt>
      <trkpt lat="42.858303" lon="-0.005402">
        <ele>784.8</ele>
      </trkpt>
      <trkpt lat="42.858315" lon="-0.005432">
        <ele>785.2</ele>
      </trkpt>
      <trkpt lat="42.858326" lon="-0.005463">
        <ele>785.8</ele>
      </trkpt>
      <trkpt lat="42.858348" lon="-0.005524">
        <ele>785.8</ele>
      </trkpt>
      <trkpt lat="42.858368" lon="-0.005554">
        <ele>785.8</ele>
      </trkpt>
      <trkpt lat="42.858364" lon="-0.005554">
        <ele>783.5</ele>
      </trkpt>
      <trkpt lat="42.858364" lon="-0.005554">
        <ele>783.5</ele>
      </trkpt>
      <trkpt lat="42.858372" lon="-0.005554">
        <ele>783.5</ele>
      </trkpt>
      <trkpt lat="42.858383" lon="-0.005585">
        <ele>783.5</ele>
      </trkpt>
      <trkpt lat="42.858379" lon="-0.005585">
        <ele>783.5</ele>
      </trkpt>
      <trkpt lat="42.858376" lon="-0.005585">
        <ele>783.5</ele>
      </trkpt>
      <trkpt lat="42.858383" lon="-0.005585">
        <ele>779.5</ele>
      </trkpt>
      <trkpt lat="42.858402" lon="-0.005615">
        <ele>779.5</ele>
      </trkpt>
      <trkpt lat="42.858475" lon="-0.005737">
        <ele>779.5</ele>
      </trkpt>
      <trkpt lat="42.858536" lon="-0.00589">
        <ele>779.5</ele>
      </trkpt>
      <trkpt lat="42.858566" lon="-0.005951">
        <ele>779.5</ele>
      </trkpt>
      <trkpt lat="42.858593" lon="-0.006012">
        <ele>779.5</ele>
      </trkpt>
      <trkpt lat="42.858597" lon="-0.006012">
        <ele>779.5</ele>
      </trkpt>
      <trkpt lat="42.858597" lon="-0.006012">
        <ele>779.5</ele>
      </trkpt>
      <trkpt lat="42.858616" lon="-0.006073">
        <ele>779.5</ele>
      </trkpt>
      <trkpt lat="42.858669" lon="-0.006195">
        <ele>779.2</ele>
      </trkpt>
      <trkpt lat="42.858685" lon="-0.006226">
        <ele>778.5</ele>
      </trkpt>
      <trkpt lat="42.858753" lon="-0.006348">
        <ele>777.8</ele>
      </trkpt>
      <trkpt lat="42.858776" lon="-0.006409">
        <ele>777.4</ele>
      </trkpt>
      <trkpt lat="42.858822" lon="-0.00647">
        <ele>777.4</ele>
      </trkpt>
      <trkpt lat="42.858936" lon="-0.006592">
        <ele>776.8</ele>
      </trkpt>
      <trkpt lat="42.85897" lon="-0.006622">
        <ele>776.4</ele>
      </trkpt>
      <trkpt lat="42.859001" lon="-0.006653">
        <ele>776.0</ele>
      </trkpt>
      <trkpt lat="42.859032" lon="-0.006683">
        <ele>775.5</ele>
      </trkpt>
      <trkpt lat="42.859058" lon="-0.006744">
        <ele>775.0</ele>
      </trkpt>
      <trkpt lat="42.859142" lon="-0.006836">
        <ele>775.0</ele>
      </trkpt>
      <trkpt lat="42.859371" lon="-0.00705">
        <ele>775.0</ele>
      </trkpt>
      <trkpt lat="42.859421" lon="-0.007111">
        <ele>774.5</ele>
      </trkpt>
      <trkpt lat="42.859509" lon="-0.007141">
        <ele>774.0</ele>
      </trkpt>
      <trkpt lat="42.859585" lon="-0.007202">
        <ele>773.5</ele>
      </trkpt>
      <trkpt lat="42.85965" lon="-0.007263">
        <ele>773.0</ele>
      </trkpt>
      <trkpt lat="42.859707" lon="-0.007294">
        <ele>772.5</ele>
      </trkpt>
      <trkpt lat="42.85976" lon="-0.007324">
        <ele>772.5</ele>
      </trkpt>
      <trkpt lat="42.859806" lon="-0.007355">
        <ele>772.5</ele>
      </trkpt>
      <trkpt lat="42.859936" lon="-0.007446">
        <ele>772.5</ele>
      </trkpt>
      <trkpt lat="42.860176" lon="-0.00769">
        <ele>772.5</ele>
      </trkpt>
      <trkpt lat="42.860233" lon="-0.007721">
        <ele>772.0</ele>
      </trkpt>
      <trkpt lat="42.860287" lon="-0.007782">
        <ele>771.5</ele>
      </trkpt>
      <trkpt lat="42.860348" lon="-0.007842">
        <ele>771.2</ele>
      </trkpt>
      <trkpt lat="42.860405" lon="-0.007904">
        <ele>770.8</ele>
      </trkpt>
      <trkpt lat="42.860466" lon="-0.007934">
        <ele>770.4</ele>
      </trkpt>
      <trkpt lat="42.860523" lon="-0.007996">
        <ele>770.0</ele>
      </trkpt>
      <trkpt lat="42.860577" lon="-0.008057">
        <ele>769.5</ele>
      </trkpt>
      <trkpt lat="42.860638" lon="-0.008087">
        <ele>769.0</ele>
      </trkpt>
      <trkpt lat="42.860695" lon="-0.008148">
        <ele>768.5</ele>
      </trkpt>
      <trkpt lat="42.860756" lon="-0.008179">
        <ele>768.2</ele>
      </trkpt>
      <trkpt lat="42.860962" lon="-0.008209">
        <ele>768.2</ele>
      </trkpt>
      <trkpt lat="42.86103" lon="-0.00824">
        <ele>768.2</ele>
      </trkpt>
      <trkpt lat="42.861149" lon="-0.008331">
        <ele>767.8</ele>
      </trkpt>
      <trkpt lat="42.861206" lon="-0.008362">
        <ele>767.4</ele>
      </trkpt>
      <trkpt lat="42.861271" lon="-0.008423">
        <ele>767.0</ele>
      </trkpt>
      <trkpt lat="42.861336" lon="-0.008484">
        <ele>766.4</ele>
      </trkpt>
      <trkpt lat="42.861401" lon="-0.008545">
        <ele>765.5</ele>
      </trkpt>
      <trkpt lat="42.861462" lon="-0.008606">
        <ele>765.0</ele>
      </trkpt>
      <trkpt lat="42.86153" lon="-0.008667">
        <ele>764.2</ele>
      </trkpt>
      <trkpt lat="42.861595" lon="-0.008728">
        <ele>763.4</ele>
      </trkpt>
      <trkpt lat="42.86166" lon="-0.008789">
        <ele>763.4</ele>
      </trkpt>
      <trkpt lat="42.861732" lon="-0.00882">
        <ele>763.0</ele>
      </trkpt>
      <trkpt lat="42.861804" lon="-0.008881">
        <ele>762.5</ele>
      </trkpt>
      <trkpt lat="42.861877" lon="-0.008911">
        <ele>762.2</ele>
      </trkpt>
      <trkpt lat="42.861954" lon="-0.008972">
        <ele>761.5</ele>
      </trkpt>
      <trkpt lat="42.862022" lon="-0.009003">
        <ele>761.2</ele>
      </trkpt>
      <trkpt lat="42.862243" lon="-0.009186">
        <ele>761.2</ele>
      </trkpt>
      <trkpt lat="42.862282" lon="-0.009216">
        <ele>761.2</ele>
      </trkpt>
      <trkpt lat="42.862446" lon="-0.009429">
        <ele>761.2</ele>
      </trkpt>
      <trkpt lat="42.862541" lon="-0.009552">
        <ele>761.2</ele>
      </trkpt>
      <trkpt lat="42.862751" lon="-0.009918">
        <ele>761.2</ele>
      </trkpt>
      <trkpt lat="42.862839" lon="-0.01004">
        <ele>760.8</ele>
      </trkpt>
      <trkpt lat="42.862885" lon="-0.010132">
        <ele>760.4</ele>
      </trkpt>
      <trkpt lat="42.862926" lon="-0.010193">
        <ele>759.8</ele>
      </trkpt>
      <trkpt lat="42.862968" lon="-0.010284">
        <ele>759.4</ele>
      </trkpt>
      <trkpt lat="42.86301" lon="-0.010345">
        <ele>758.8</ele>
      </trkpt>
      <trkpt lat="42.863056" lon="-0.010437">
        <ele>758.4</ele>
      </trkpt>
      <trkpt lat="42.863093" lon="-0.010529">
        <ele>757.8</ele>
      </trkpt>
      <trkpt lat="42.863124" lon="-0.01059">
        <ele>757.2</ele>
      </trkpt>
      <trkpt lat="42.863152" lon="-0.010681">
        <ele>756.8</ele>
      </trkpt>
      <trkpt lat="42.8632" lon="-0.010895">
        <ele>756.8</ele>
      </trkpt>
      <trkpt lat="42.863235" lon="-0.010956">
        <ele>756.8</ele>
      </trkpt>
      <trkpt lat="42.86343" lon="-0.011108">
        <ele>756.8</ele>
      </trkpt>
      <trkpt lat="42.863567" lon="-0.011139">
        <ele>756.8</ele>
      </trkpt>
      <trkpt lat="42.86367" lon="-0.01123">
        <ele>756.8</ele>
      </trkpt>
      <trkpt lat="42.863712" lon="-0.011261">
        <ele>756.8</ele>
      </trkpt>
      <trkpt lat="42.863808" lon="-0.011414">
        <ele>756.8</ele>
      </trkpt>
      <trkpt lat="42.863842" lon="-0.011444">
        <ele>756.8</ele>
      </trkpt>
      <trkpt lat="42.863991" lon="-0.011475">
        <ele>756.8</ele>
      </trkpt>
      <trkpt lat="42.864047" lon="-0.011475">
        <ele>756.8</ele>
      </trkpt>
      <trkpt lat="42.864212" lon="-0.011444">
        <ele>756.8</ele>
      </trkpt>
      <trkpt lat="42.864285" lon="-0.011444">
        <ele>756.8</ele>
      </trkpt>
      <trkpt lat="42.864353" lon="-0.011475">
        <ele>756.2</ele>
      </trkpt>
      <trkpt lat="42.864413" lon="-0.011505">
        <ele>755.8</ele>
      </trkpt>
      <trkpt lat="42.864471" lon="-0.011505">
        <ele>755.2</ele>
      </trkpt>
      <trkpt lat="42.864517" lon="-0.011505">
        <ele>754.8</ele>
      </trkpt>
      <trkpt lat="42.864571" lon="-0.011536">
        <ele>754.2</ele>
      </trkpt>
      <trkpt lat="42.864632" lon="-0.011566">
        <ele>753.4</ele>
      </trkpt>
      <trkpt lat="42.864697" lon="-0.011566">
        <ele>752.8</ele>
      </trkpt>
      <trkpt lat="42.864761" lon="-0.011597">
        <ele>752.2</ele>
      </trkpt>
      <trkpt lat="42.86483" lon="-0.011627">
        <ele>751.5</ele>
      </trkpt>
      <trkpt lat="42.864895" lon="-0.011658">
        <ele>751.0</ele>
      </trkpt>
      <trkpt lat="42.864964" lon="-0.011719">
        <ele>750.5</ele>
      </trkpt>
      <trkpt lat="42.86504" lon="-0.011749">
        <ele>750.0</ele>
      </trkpt>
      <trkpt lat="42.865108" lon="-0.011841">
        <ele>749.4</ele>
      </trkpt>
      <trkpt lat="42.86517" lon="-0.011902">
        <ele>749.0</ele>
      </trkpt>
      <trkpt lat="42.865231" lon="-0.011963">
        <ele>748.4</ele>
      </trkpt>
      <trkpt lat="42.865303" lon="-0.011993">
        <ele>748.0</ele>
      </trkpt>
      <trkpt lat="42.865383" lon="-0.011993">
        <ele>747.4</ele>
      </trkpt>
      <trkpt lat="42.865459" lon="-0.011993">
        <ele>747.0</ele>
      </trkpt>
      <trkpt lat="42.865532" lon="-0.011963">
        <ele>746.4</ele>
      </trkpt>
      <trkpt lat="42.865597" lon="-0.011902">
        <ele>746.0</ele>
      </trkpt>
      <trkpt lat="42.865635" lon="-0.01181">
        <ele>745.5</ele>
      </trkpt>
      <trkpt lat="42.865658" lon="-0.011688">
        <ele>745.0</ele>
      </trkpt>
      <trkpt lat="42.865677" lon="-0.011597">
        <ele>744.4</ele>
      </trkpt>
      <trkpt lat="42.865704" lon="-0.011505">
        <ele>743.8</ele>
      </trkpt>
      <trkpt lat="42.865742" lon="-0.011444">
        <ele>743.0</ele>
      </trkpt>
      <trkpt lat="42.865799" lon="-0.011414">
        <ele>742.4</ele>
      </trkpt>
      <trkpt lat="42.865868" lon="-0.011383">
        <ele>741.8</ele>
      </trkpt>
      <trkpt lat="42.865936" lon="-0.011383">
        <ele>741.2</ele>
      </trkpt>
      <trkpt lat="42.866001" lon="-0.011383">
        <ele>740.5</ele>
      </trkpt>
      <trkpt lat="42.866065" lon="-0.011383">
        <ele>740.2</ele>
      </trkpt>
      <trkpt lat="42.866127" lon="-0.011414">
        <ele>739.5</ele>
      </trkpt>
      <trkpt lat="42.866192" lon="-0.011414">
        <ele>739.0</ele>
      </trkpt>
      <trkpt lat="42.866257" lon="-0.011444">
        <ele>738.5</ele>
      </trkpt>
      <trkpt lat="42.86631" lon="-0.011444">
        <ele>738.2</ele>
      </trkpt>
      <trkpt lat="42.866379" lon="-0.011475">
        <ele>737.5</ele>
      </trkpt>
      <trkpt lat="42.866451" lon="-0.011475">
        <ele>736.8</ele>
      </trkpt>
      <trkpt lat="42.866531" lon="-0.011475">
        <ele>736.0</ele>
      </trkpt>
      <trkpt lat="42.866539" lon="-0.011472">
        <ele>715.7</ele>
      </trkpt>
      <trkpt lat="42.866619" lon="-0.011444">
        <ele>735.2</ele>
      </trkpt>
      <trkpt lat="42.866707" lon="-0.011444">
        <ele>734.4</ele>
      </trkpt>
      <trkpt lat="42.866791" lon="-0.011475">
        <ele>733.8</ele>
      </trkpt>
      <trkpt lat="42.866867" lon="-0.011505">
        <ele>733.2</ele>
      </trkpt>
      <trkpt lat="42.866924" lon="-0.011597">
        <ele>732.4</ele>
      </trkpt>
      <trkpt lat="42.866982" lon="-0.011688">
        <ele>731.4</ele>
      </trkpt>
      <trkpt lat="42.867039" lon="-0.01178">
        <ele>730.5</ele>
      </trkpt>
      <trkpt lat="42.867104" lon="-0.011902">
        <ele>729.8</ele>
      </trkpt>
      <trkpt lat="42.867188" lon="-0.011993">
        <ele>729.0</ele>
      </trkpt>
      <trkpt lat="42.867271" lon="-0.012054">
        <ele>728.4</ele>
      </trkpt>
      <trkpt lat="42.867351" lon="-0.012115">
        <ele>728.0</ele>
      </trkpt>
      <trkpt lat="42.867427" lon="-0.012146">
        <ele>727.4</ele>
      </trkpt>
      <trkpt lat="42.867516" lon="-0.012177">
        <ele>726.8</ele>
      </trkpt>
      <trkpt lat="42.867599" lon="-0.012238">
        <ele>726.4</ele>
      </trkpt>
      <trkpt lat="42.867683" lon="-0.012298">
        <ele>726.0</ele>
      </trkpt>
      <trkpt lat="42.867752" lon="-0.01239">
        <ele>725.4</ele>
      </trkpt>
      <trkpt lat="42.867794" lon="-0.012482">
        <ele>725.0</ele>
      </trkpt>
      <trkpt lat="42.867847" lon="-0.012573">
        <ele>724.4</ele>
      </trkpt>
      <trkpt lat="42.867886" lon="-0.012664">
        <ele>723.5</ele>
      </trkpt>
      <trkpt lat="42.867931" lon="-0.012695">
        <ele>723.0</ele>
      </trkpt>
      <trkpt lat="42.867981" lon="-0.012726">
        <ele>722.4</ele>
      </trkpt>
      <trkpt lat="42.868023" lon="-0.012756">
        <ele>721.8</ele>
      </trkpt>
      <trkpt lat="42.868088" lon="-0.012756">
        <ele>721.2</ele>
      </trkpt>
      <trkpt lat="42.868114" lon="-0.012756">
        <ele>720.8</ele>
      </trkpt>
      <trkpt lat="42.868141" lon="-0.012787">
        <ele>720.2</ele>
      </trkpt>
      <trkpt lat="42.868168" lon="-0.012787">
        <ele>719.8</ele>
      </trkpt>
      <trkpt lat="42.868195" lon="-0.012787">
        <ele>719.4</ele>
      </trkpt>
      <trkpt lat="42.868232" lon="-0.012817">
        <ele>719.4</ele>
      </trkpt>
      <trkpt lat="42.868248" lon="-0.012787">
        <ele>719.4</ele>
      </trkpt>
      <trkpt lat="42.868305" lon="-0.012787">
        <ele>719.4</ele>
      </trkpt>
      <trkpt lat="42.868279" lon="-0.012756">
        <ele>719.4</ele>
      </trkpt>
      <trkpt lat="42.868305" lon="-0.012756">
        <ele>719.4</ele>
      </trkpt>
      <trkpt lat="42.868347" lon="-0.012756">
        <ele>719.4</ele>
      </trkpt>
      <trkpt lat="42.868609" lon="-0.012756">
        <ele>718.8</ele>
      </trkpt>
      <trkpt lat="42.868664" lon="-0.012756">
        <ele>718.4</ele>
      </trkpt>
      <trkpt lat="42.868713" lon="-0.012787">
        <ele>718.0</ele>
      </trkpt>
      <trkpt lat="42.868774" lon="-0.012787">
        <ele>717.5</ele>
      </trkpt>
      <trkpt lat="42.868835" lon="-0.012787">
        <ele>717.2</ele>
      </trkpt>
      <trkpt lat="42.868954" lon="-0.012817">
        <ele>717.2</ele>
      </trkpt>
      <trkpt lat="42.869083" lon="-0.012878">
        <ele>717.2</ele>
      </trkpt>
      <trkpt lat="42.869221" lon="-0.01297">
        <ele>717.2</ele>
      </trkpt>
      <trkpt lat="42.869347" lon="-0.013092">
        <ele>717.2</ele>
      </trkpt>
      <trkpt lat="42.869408" lon="-0.013153">
        <ele>716.8</ele>
      </trkpt>
      <trkpt lat="42.869469" lon="-0.013245">
        <ele>716.4</ele>
      </trkpt>
      <trkpt lat="42.86953" lon="-0.013306">
        <ele>715.8</ele>
      </trkpt>
      <trkpt lat="42.869602" lon="-0.013367">
        <ele>715.0</ele>
      </trkpt>
      <trkpt lat="42.869675" lon="-0.013397">
        <ele>714.2</ele>
      </trkpt>
      <trkpt lat="42.869755" lon="-0.013458">
        <ele>713.2</ele>
      </trkpt>
      <trkpt lat="42.869835" lon="-0.013489">
        <ele>712.4</ele>
      </trkpt>
      <trkpt lat="42.869911" lon="-0.01358">
        <ele>711.5</ele>
      </trkpt>
      <trkpt lat="42.869984" lon="-0.013641">
        <ele>710.5</ele>
      </trkpt>
      <trkpt lat="42.87019" lon="-0.013916">
        <ele>710.0</ele>
      </trkpt>
      <trkpt lat="42.870261" lon="-0.014008">
        <ele>709.4</ele>
      </trkpt>
      <trkpt lat="42.870337" lon="-0.014099">
        <ele>708.8</ele>
      </trkpt>
      <trkpt lat="42.870419" lon="-0.014191">
        <ele>708.2</ele>
      </trkpt>
      <trkpt lat="42.870495" lon="-0.014282">
        <ele>707.5</ele>
      </trkpt>
      <trkpt lat="42.870575" lon="-0.014374">
        <ele>707.0</ele>
      </trkpt>
      <trkpt lat="42.870659" lon="-0.014435">
        <ele>706.2</ele>
      </trkpt>
      <trkpt lat="42.870743" lon="-0.014526">
        <ele>705.4</ele>
      </trkpt>
      <trkpt lat="42.870834" lon="-0.014587">
        <ele>704.5</ele>
      </trkpt>
      <trkpt lat="42.870918" lon="-0.014679">
        <ele>703.8</ele>
      </trkpt>
      <trkpt lat="42.871014" lon="-0.01474">
        <ele>703.0</ele>
      </trkpt>
      <trkpt lat="42.871109" lon="-0.014832">
        <ele>702.5</ele>
      </trkpt>
      <trkpt lat="42.871204" lon="-0.014893">
        <ele>702.2</ele>
      </trkpt>
      <trkpt lat="42.871307" lon="-0.014954">
        <ele>701.4</ele>
      </trkpt>
      <trkpt lat="42.87151" lon="-0.015045">
        <ele>700.4</ele>
      </trkpt>
      <trkpt lat="42.871616" lon="-0.015076">
        <ele>699.4</ele>
      </trkpt>
      <trkpt lat="42.871719" lon="-0.015106">
        <ele>698.4</ele>
      </trkpt>
      <trkpt lat="42.871822" lon="-0.015137">
        <ele>697.5</ele>
      </trkpt>
      <trkpt lat="42.871922" lon="-0.015137">
        <ele>696.5</ele>
      </trkpt>
      <trkpt lat="42.872017" lon="-0.015167">
        <ele>695.5</ele>
      </trkpt>
      <trkpt lat="42.872211" lon="-0.015228">
        <ele>695.2</ele>
      </trkpt>
      <trkpt lat="42.872303" lon="-0.015259">
        <ele>694.5</ele>
      </trkpt>
      <trkpt lat="42.872387" lon="-0.015289">
        <ele>694.2</ele>
      </trkpt>
      <trkpt lat="42.872471" lon="-0.01532">
        <ele>693.8</ele>
      </trkpt>
      <trkpt lat="42.872547" lon="-0.01535">
        <ele>693.4</ele>
      </trkpt>
      <trkpt lat="42.872784" lon="-0.015411">
        <ele>693.4</ele>
      </trkpt>
      <trkpt lat="42.87294" lon="-0.015472">
        <ele>693.4</ele>
      </trkpt>
      <trkpt lat="42.873154" lon="-0.015533">
        <ele>693.4</ele>
      </trkpt>
      <trkpt lat="42.873474" lon="-0.015656">
        <ele>693.4</ele>
      </trkpt>
      <trkpt lat="42.873791" lon="-0.015778">
        <ele>693.4</ele>
      </trkpt>
      <trkpt lat="42.874348" lon="-0.01593">
        <ele>693.4</ele>
      </trkpt>
      <trkpt lat="42.874424" lon="-0.015961">
        <ele>693.4</ele>
      </trkpt>
      <trkpt lat="42.87458" lon="-0.016022">
        <ele>693.0</ele>
      </trkpt>
      <trkpt lat="42.87466" lon="-0.016022">
        <ele>692.4</ele>
      </trkpt>
      <trkpt lat="42.874741" lon="-0.016052">
        <ele>692.0</ele>
      </trkpt>
      <trkpt lat="42.874817" lon="-0.016083">
        <ele>691.5</ele>
      </trkpt>
      <trkpt lat="42.874893" lon="-0.016112">
        <ele>691.2</ele>
      </trkpt>
      <trkpt lat="42.875114" lon="-0.016174">
        <ele>691.2</ele>
      </trkpt>
      <trkpt lat="42.875191" lon="-0.016205">
        <ele>690.5</ele>
      </trkpt>
      <trkpt lat="42.875267" lon="-0.016205">
        <ele>690.2</ele>
      </trkpt>
      <trkpt lat="42.87534" lon="-0.016235">
        <ele>689.8</ele>
      </trkpt>
      <trkpt lat="42.875412" lon="-0.016235">
        <ele>689.2</ele>
      </trkpt>
      <trkpt lat="42.875484" lon="-0.016235">
        <ele>688.8</ele>
      </trkpt>
      <trkpt lat="42.875977" lon="-0.016205">
        <ele>688.8</ele>
      </trkpt>
      <trkpt lat="42.876045" lon="-0.016205">
        <ele>688.8</ele>
      </trkpt>
      <trkpt lat="42.876118" lon="-0.016205">
        <ele>688.4</ele>
      </trkpt>
      <trkpt lat="42.876186" lon="-0.016174">
        <ele>688.0</ele>
      </trkpt>
      <trkpt lat="42.876255" lon="-0.016174">
        <ele>687.4</ele>
      </trkpt>
      <trkpt lat="42.876328" lon="-0.016174">
        <ele>687.0</ele>
      </trkpt>
      <trkpt lat="42.876396" lon="-0.016143">
        <ele>686.5</ele>
      </trkpt>
      <trkpt lat="42.876671" lon="-0.016112">
        <ele>686.5</ele>
      </trkpt>
      <trkpt lat="42.877079" lon="-0.016052">
        <ele>686.5</ele>
      </trkpt>
      <trkpt lat="42.877281" lon="-0.01599">
        <ele>686.5</ele>
      </trkpt>
      <trkpt lat="42.877411" lon="-0.01599">
        <ele>686.5</ele>
      </trkpt>
      <trkpt lat="42.877926" lon="-0.01593">
        <ele>686.5</ele>
      </trkpt>
      <trkpt lat="42.878051" lon="-0.015961">
        <ele>686.2</ele>
      </trkpt>
      <trkpt lat="42.878113" lon="-0.015961">
        <ele>685.8</ele>
      </trkpt>
      <trkpt lat="42.87817" lon="-0.01599">
        <ele>685.4</ele>
      </trkpt>
      <trkpt lat="42.878227" lon="-0.016022">
        <ele>685.0</ele>
      </trkpt>
      <trkpt lat="42.878284" lon="-0.016052">
        <ele>684.5</ele>
      </trkpt>
      <trkpt lat="42.878559" lon="-0.016235">
        <ele>684.5</ele>
      </trkpt>
      <trkpt lat="42.878666" lon="-0.016296">
        <ele>684.5</ele>
      </trkpt>
      <trkpt lat="42.878841" lon="-0.016357">
        <ele>684.5</ele>
      </trkpt>
      <trkpt lat="42.879013" lon="-0.016327">
        <ele>684.5</ele>
      </trkpt>
      <trkpt lat="42.879135" lon="-0.016266">
        <ele>684.5</ele>
      </trkpt>
      <trkpt lat="42.879196" lon="-0.016266">
        <ele>684.5</ele>
      </trkpt>
      <trkpt lat="42.879322" lon="-0.016266">
        <ele>684.5</ele>
      </trkpt>
      <trkpt lat="42.879387" lon="-0.016266">
        <ele>684.5</ele>
      </trkpt>
      <trkpt lat="42.879447" lon="-0.016296">
        <ele>684.5</ele>
      </trkpt>
      <trkpt lat="42.879677" lon="-0.016388">
        <ele>684.5</ele>
      </trkpt>
      <trkpt lat="42.879906" lon="-0.01651">
        <ele>684.5</ele>
      </trkpt>
      <trkpt lat="42.880135" lon="-0.016602">
        <ele>684.5</ele>
      </trkpt>
      <trkpt lat="42.880187" lon="-0.016602">
        <ele>684.5</ele>
      </trkpt>
      <trkpt lat="42.880291" lon="-0.016632">
        <ele>684.5</ele>
      </trkpt>
      <trkpt lat="42.880344" lon="-0.016632">
        <ele>684.5</ele>
      </trkpt>
      <trkpt lat="42.880446" lon="-0.016602">
        <ele>685.0</ele>
      </trkpt>
      <trkpt lat="42.880486" lon="-0.016571">
        <ele>685.4</ele>
      </trkpt>
      <trkpt lat="42.88052" lon="-0.016541">
        <ele>685.8</ele>
      </trkpt>
      <trkpt lat="42.880562" lon="-0.01651">
        <ele>686.2</ele>
      </trkpt>
      <trkpt lat="42.880611" lon="-0.016479">
        <ele>686.8</ele>
      </trkpt>
      <trkpt lat="42.880671" lon="-0.016448">
        <ele>686.8</ele>
      </trkpt>
      <trkpt lat="42.880939" lon="-0.016448">
        <ele>686.8</ele>
      </trkpt>
      <trkpt lat="42.881008" lon="-0.016479">
        <ele>686.8</ele>
      </trkpt>
      <trkpt lat="42.881068" lon="-0.01651">
        <ele>686.8</ele>
      </trkpt>
      <trkpt lat="42.881203" lon="-0.016571">
        <ele>686.4</ele>
      </trkpt>
      <trkpt lat="42.881271" lon="-0.016571">
        <ele>686.0</ele>
      </trkpt>
      <trkpt lat="42.88134" lon="-0.016602">
        <ele>685.5</ele>
      </trkpt>
      <trkpt lat="42.881413" lon="-0.016602">
        <ele>685.2</ele>
      </trkpt>
      <trkpt lat="42.881476" lon="-0.016602">
        <ele>684.8</ele>
      </trkpt>
      <trkpt lat="42.88171" lon="-0.016693">
        <ele>684.8</ele>
      </trkpt>
      <trkpt lat="42.881824" lon="-0.016724">
        <ele>684.2</ele>
      </trkpt>
      <trkpt lat="42.881893" lon="-0.016724">
        <ele>683.8</ele>
      </trkpt>
      <trkpt lat="42.881962" lon="-0.016754">
        <ele>683.4</ele>
      </trkpt>
      <trkpt lat="42.882038" lon="-0.016785">
        <ele>683.0</ele>
      </trkpt>
      <trkpt lat="42.882133" lon="-0.016815">
        <ele>682.5</ele>
      </trkpt>
      <trkpt lat="42.882343" lon="-0.016876">
        <ele>682.2</ele>
      </trkpt>
      <trkpt lat="42.88245" lon="-0.016876">
        <ele>681.8</ele>
      </trkpt>
      <trkpt lat="42.882545" lon="-0.016906">
        <ele>681.4</ele>
      </trkpt>
      <trkpt lat="42.882629" lon="-0.016876">
        <ele>681.0</ele>
      </trkpt>
      <trkpt lat="42.882717" lon="-0.016846">
        <ele>680.5</ele>
      </trkpt>
      <trkpt lat="42.882801" lon="-0.016815">
        <ele>680.0</ele>
      </trkpt>
      <trkpt lat="42.882889" lon="-0.016785">
        <ele>679.5</ele>
      </trkpt>
      <trkpt lat="42.882976" lon="-0.016754">
        <ele>679.2</ele>
      </trkpt>
      <trkpt lat="42.883068" lon="-0.016724">
        <ele>678.5</ele>
      </trkpt>
      <trkpt lat="42.883156" lon="-0.016724">
        <ele>678.2</ele>
      </trkpt>
      <trkpt lat="42.883347" lon="-0.016785">
        <ele>678.2</ele>
      </trkpt>
      <trkpt lat="42.883446" lon="-0.016815">
        <ele>678.2</ele>
      </trkpt>
      <trkpt lat="42.883545" lon="-0.016846">
        <ele>677.8</ele>
      </trkpt>
      <trkpt lat="42.88364" lon="-0.016846">
        <ele>677.2</ele>
      </trkpt>
      <trkpt lat="42.883736" lon="-0.016846">
        <ele>676.8</ele>
      </trkpt>
      <trkpt lat="42.883826" lon="-0.016846">
        <ele>676.2</ele>
      </trkpt>
      <trkpt lat="42.883915" lon="-0.016815">
        <ele>675.5</ele>
      </trkpt>
      <trkpt lat="42.884003" lon="-0.016785">
        <ele>674.8</ele>
      </trkpt>
      <trkpt lat="42.884087" lon="-0.016754">
        <ele>674.2</ele>
      </trkpt>
      <trkpt lat="42.884158" lon="-0.016754">
        <ele>673.5</ele>
      </trkpt>
      <trkpt lat="42.884308" lon="-0.016693">
        <ele>673.5</ele>
      </trkpt>
      <trkpt lat="42.884693" lon="-0.016602">
        <ele>673.2</ele>
      </trkpt>
      <trkpt lat="42.884766" lon="-0.016571">
        <ele>672.5</ele>
      </trkpt>
      <trkpt lat="42.88483" lon="-0.016541">
        <ele>672.2</ele>
      </trkpt>
      <trkpt lat="42.884899" lon="-0.016541">
        <ele>671.5</ele>
      </trkpt>
      <trkpt lat="42.88496" lon="-0.01651">
        <ele>671.2</ele>
      </trkpt>
      <trkpt lat="42.885124" lon="-0.016448">
        <ele>670.8</ele>
      </trkpt>
      <trkpt lat="42.885162" lon="-0.016424">
        <ele>655.8</ele>
      </trkpt>
      <trkpt lat="42.88517" lon="-0.016418">
        <ele>670.2</ele>
      </trkpt>
      <trkpt lat="42.885216" lon="-0.016418">
        <ele>670.4</ele>
      </trkpt>
      <trkpt lat="42.885262" lon="-0.016388">
        <ele>670.5</ele>
      </trkpt>
      <trkpt lat="42.885303" lon="-0.016357">
        <ele>670.8</ele>
      </trkpt>
      <trkpt lat="42.885338" lon="-0.016357">
        <ele>671.0</ele>
      </trkpt>
      <trkpt lat="42.885365" lon="-0.016327">
        <ele>671.4</ele>
      </trkpt>
      <trkpt lat="42.88538" lon="-0.016327">
        <ele>672.0</ele>
      </trkpt>
      <trkpt lat="42.885387" lon="-0.016296">
        <ele>672.5</ele>
      </trkpt>
      <trkpt lat="42.885391" lon="-0.016296">
        <ele>673.2</ele>
      </trkpt>
      <trkpt lat="42.885391" lon="-0.016266">
        <ele>673.5</ele>
      </trkpt>
      <trkpt lat="42.885384" lon="-0.016174">
        <ele>673.5</ele>
      </trkpt>
      <trkpt lat="42.885365" lon="-0.016022">
        <ele>673.5</ele>
      </trkpt>
      <trkpt lat="42.885338" lon="-0.015778">
        <ele>673.5</ele>
      </trkpt>
      <trkpt lat="42.885326" lon="-0.015685">
        <ele>673.5</ele>
      </trkpt>
      <trkpt lat="42.885288" lon="-0.015533">
        <ele>673.5</ele>
      </trkpt>
      <trkpt lat="42.88527" lon="-0.015497">
        <ele>655.7</ele>
      </trkpt>
      <trkpt lat="42.885227" lon="-0.015411">
        <ele>673.5</ele>
      </trkpt>
      <trkpt lat="42.885197" lon="-0.015381">
        <ele>673.5</ele>
      </trkpt>
      <trkpt lat="42.885155" lon="-0.01532">
        <ele>673.5</ele>
      </trkpt>
      <trkpt lat="42.885155" lon="-0.015289">
        <ele>673.5</ele>
      </trkpt>
      <trkpt lat="42.885227" lon="-0.015198">
        <ele>673.5</ele>
      </trkpt>
      <trkpt lat="42.885395" lon="-0.015228">
        <ele>673.5</ele>
      </trkpt>
      <trkpt lat="42.885494" lon="-0.015442">
        <ele>673.5</ele>
      </trkpt>
      <trkpt lat="42.885513" lon="-0.015503">
        <ele>673.5</ele>
      </trkpt>
      <trkpt lat="42.885612" lon="-0.015747">
        <ele>673.2</ele>
      </trkpt>
      <trkpt lat="42.885647" lon="-0.015778">
        <ele>672.5</ele>
      </trkpt>
      <trkpt lat="42.885685" lon="-0.015838">
        <ele>672.2</ele>
      </trkpt>
      <trkpt lat="42.885731" lon="-0.015869">
        <ele>671.5</ele>
      </trkpt>
      <trkpt lat="42.885784" lon="-0.0159">
        <ele>671.0</ele>
      </trkpt>
      <trkpt lat="42.885899" lon="-0.01593">
        <ele>671.0</ele>
      </trkpt>
      <trkpt lat="42.886013" lon="-0.01593">
        <ele>671.0</ele>
      </trkpt>
      <trkpt lat="42.886211" lon="-0.015869">
        <ele>671.0</ele>
      </trkpt>
      <trkpt lat="42.886467" lon="-0.0159">
        <ele>671.0</ele>
      </trkpt>
      <trkpt lat="42.886524" lon="-0.01593">
        <ele>671.0</ele>
      </trkpt>
      <trkpt lat="42.886818" lon="-0.016052">
        <ele>671.0</ele>
      </trkpt>
      <trkpt lat="42.887066" lon="-0.016205">
        <ele>670.5</ele>
      </trkpt>
      <trkpt lat="42.88713" lon="-0.016266">
        <ele>670.2</ele>
      </trkpt>
      <trkpt lat="42.887196" lon="-0.016296">
        <ele>669.5</ele>
      </trkpt>
      <trkpt lat="42.88726" lon="-0.016357">
        <ele>669.2</ele>
      </trkpt>
      <trkpt lat="42.887383" lon="-0.01651">
        <ele>668.8</ele>
      </trkpt>
      <trkpt lat="42.887447" lon="-0.016571">
        <ele>668.8</ele>
      </trkpt>
      <trkpt lat="42.887772" lon="-0.016785">
        <ele>668.8</ele>
      </trkpt>
      <trkpt lat="42.887897" lon="-0.016846">
        <ele>668.2</ele>
      </trkpt>
      <trkpt lat="42.887951" lon="-0.016876">
        <ele>667.8</ele>
      </trkpt>
      <trkpt lat="42.888004" lon="-0.016906">
        <ele>667.4</ele>
      </trkpt>
      <trkpt lat="42.888058" lon="-0.016937">
        <ele>667.0</ele>
      </trkpt>
      <trkpt lat="42.888111" lon="-0.016968">
        <ele>666.5</ele>
      </trkpt>
      <trkpt lat="42.888165" lon="-0.017029">
        <ele>666.5</ele>
      </trkpt>
      <trkpt lat="42.888252" lon="-0.01718">
        <ele>666.5</ele>
      </trkpt>
      <trkpt lat="42.888451" lon="-0.017578">
        <ele>666.5</ele>
      </trkpt>
      <trkpt lat="42.888618" lon="-0.017792">
        <ele>666.5</ele>
      </trkpt>
      <trkpt lat="42.888748" lon="-0.017944">
        <ele>667.2</ele>
      </trkpt>
      <trkpt lat="42.88879" lon="-0.018005">
        <ele>667.5</ele>
      </trkpt>
      <trkpt lat="42.888832" lon="-0.018036">
        <ele>668.0</ele>
      </trkpt>
      <trkpt lat="42.888866" lon="-0.018096">
        <ele>668.4</ele>
      </trkpt>
      <trkpt lat="42.888905" lon="-0.018127">
        <ele>669.0</ele>
      </trkpt>
      <trkpt lat="42.888976" lon="-0.018219">
        <ele>669.0</ele>
      </trkpt>
      <trkpt lat="42.889091" lon="-0.018311">
        <ele>669.0</ele>
      </trkpt>
      <trkpt lat="42.889198" lon="-0.018402">
        <ele>669.4</ele>
      </trkpt>
      <trkpt lat="42.889235" lon="-0.018433">
        <ele>670.0</ele>
      </trkpt>
      <trkpt lat="42.889275" lon="-0.018463">
        <ele>670.5</ele>
      </trkpt>
      <trkpt lat="42.889305" lon="-0.018524">
        <ele>671.0</ele>
      </trkpt>
      <trkpt lat="42.889336" lon="-0.018555">
        <ele>671.5</ele>
      </trkpt>
      <trkpt lat="42.889427" lon="-0.018646">
        <ele>671.5</ele>
      </trkpt>
      <trkpt lat="42.8895" lon="-0.018677">
        <ele>672.0</ele>
      </trkpt>
      <trkpt lat="42.889538" lon="-0.018707">
        <ele>672.4</ele>
      </trkpt>
      <trkpt lat="42.889576" lon="-0.018738">
        <ele>672.8</ele>
      </trkpt>
      <trkpt lat="42.889614" lon="-0.018768">
        <ele>673.2</ele>
      </trkpt>
      <trkpt lat="42.889648" lon="-0.018768">
        <ele>673.5</ele>
      </trkpt>
      <trkpt lat="42.889725" lon="-0.018828">
        <ele>673.5</ele>
      </trkpt>
      <trkpt lat="42.89011" lon="-0.019012">
        <ele>673.5</ele>
      </trkpt>
      <trkpt lat="42.890278" lon="-0.019104">
        <ele>673.5</ele>
      </trkpt>
      <trkpt lat="42.89032" lon="-0.019104">
        <ele>673.5</ele>
      </trkpt>
      <trkpt lat="42.890606" lon="-0.019257">
        <ele>673.5</ele>
      </trkpt>
      <trkpt lat="42.89093" lon="-0.019501">
        <ele>673.5</ele>
      </trkpt>
      <trkpt lat="42.891273" lon="-0.019684">
        <ele>673.5</ele>
      </trkpt>
      <trkpt lat="42.891544" lon="-0.019775">
        <ele>673.5</ele>
      </trkpt>
      <trkpt lat="42.891579" lon="-0.019775">
        <ele>674.2</ele>
      </trkpt>
      <trkpt lat="42.891616" lon="-0.019775">
        <ele>674.5</ele>
      </trkpt>
      <trkpt lat="42.891659" lon="-0.019806">
        <ele>675.0</ele>
      </trkpt>
      <trkpt lat="42.891697" lon="-0.019806">
        <ele>675.4</ele>
      </trkpt>
      <trkpt lat="42.891735" lon="-0.019836">
        <ele>675.8</ele>
      </trkpt>
      <trkpt lat="42.891768" lon="-0.019836">
        <ele>675.8</ele>
      </trkpt>
      <trkpt lat="42.8918" lon="-0.019867">
        <ele>676.2</ele>
      </trkpt>
      <trkpt lat="42.89183" lon="-0.019897">
        <ele>676.5</ele>
      </trkpt>
      <trkpt lat="42.891857" lon="-0.019928">
        <ele>677.0</ele>
      </trkpt>
      <trkpt lat="42.89188" lon="-0.019989">
        <ele>677.4</ele>
      </trkpt>
      <trkpt lat="42.891899" lon="-0.02002">
        <ele>678.0</ele>
      </trkpt>
      <trkpt lat="42.891956" lon="-0.020233">
        <ele>678.4</ele>
      </trkpt>
      <trkpt lat="42.891968" lon="-0.020264">
        <ele>678.8</ele>
      </trkpt>
      <trkpt lat="42.891979" lon="-0.020325">
        <ele>679.4</ele>
      </trkpt>
      <trkpt lat="42.891991" lon="-0.020355">
        <ele>679.8</ele>
      </trkpt>
      <trkpt lat="42.892002" lon="-0.020416">
        <ele>680.2</ele>
      </trkpt>
      <trkpt lat="42.8921" lon="-0.02066">
        <ele>680.2</ele>
      </trkpt>
      <trkpt lat="42.892124" lon="-0.020691">
        <ele>680.5</ele>
      </trkpt>
      <trkpt lat="42.892151" lon="-0.020721">
        <ele>681.2</ele>
      </trkpt>
      <trkpt lat="42.892178" lon="-0.020721">
        <ele>681.5</ele>
      </trkpt>
      <trkpt lat="42.892204" lon="-0.020721">
        <ele>682.0</ele>
      </trkpt>
      <trkpt lat="42.892231" lon="-0.020721">
        <ele>682.4</ele>
      </trkpt>
      <trkpt lat="42.892345" lon="-0.020721">
        <ele>682.4</ele>
      </trkpt>
      <trkpt lat="42.892384" lon="-0.020721">
        <ele>682.4</ele>
      </trkpt>
      <trkpt lat="42.89238" lon="-0.020752">
        <ele>682.4</ele>
      </trkpt>
      <trkpt lat="42.892414" lon="-0.020752">
        <ele>682.4</ele>
      </trkpt>
      <trkpt lat="42.892422" lon="-0.020721">
        <ele>682.4</ele>
      </trkpt>
      <trkpt lat="42.892448" lon="-0.020721">
        <ele>682.4</ele>
      </trkpt>
      <trkpt lat="42.892463" lon="-0.020721">
        <ele>682.4</ele>
      </trkpt>
      <trkpt lat="42.892498" lon="-0.020721">
        <ele>682.4</ele>
      </trkpt>
      <trkpt lat="42.892513" lon="-0.020721">
        <ele>682.4</ele>
      </trkpt>
      <trkpt lat="42.892555" lon="-0.020721">
        <ele>682.4</ele>
      </trkpt>
      <trkpt lat="42.892578" lon="-0.020691">
        <ele>682.4</ele>
      </trkpt>
      <trkpt lat="42.892624" lon="-0.020691">
        <ele>683.0</ele>
      </trkpt>
      <trkpt lat="42.892646" lon="-0.020691">
        <ele>683.4</ele>
      </trkpt>
      <trkpt lat="42.892666" lon="-0.020691">
        <ele>683.8</ele>
      </trkpt>
      <trkpt lat="42.892689" lon="-0.020691">
        <ele>684.2</ele>
      </trkpt>
      <trkpt lat="42.892712" lon="-0.020721">
        <ele>684.5</ele>
      </trkpt>
      <trkpt lat="42.892738" lon="-0.020721">
        <ele>684.5</ele>
      </trkpt>
      <trkpt lat="42.892815" lon="-0.020781">
        <ele>684.5</ele>
      </trkpt>
      <trkpt lat="42.892868" lon="-0.020813">
        <ele>685.0</ele>
      </trkpt>
      <trkpt lat="42.892891" lon="-0.020813">
        <ele>685.4</ele>
      </trkpt>
      <trkpt lat="42.892918" lon="-0.020844">
        <ele>686.0</ele>
      </trkpt>
      <trkpt lat="42.892944" lon="-0.020844">
        <ele>686.4</ele>
      </trkpt>
      <trkpt lat="42.892975" lon="-0.020874">
        <ele>686.8</ele>
      </trkpt>
      <trkpt lat="42.893078" lon="-0.020935">
        <ele>686.2</ele>
      </trkpt>
      <trkpt lat="42.893124" lon="-0.020965">
        <ele>685.4</ele>
      </trkpt>
      <trkpt lat="42.893169" lon="-0.020965">
        <ele>684.8</ele>
      </trkpt>
      <trkpt lat="42.893215" lon="-0.020996">
        <ele>684.2</ele>
      </trkpt>
      <trkpt lat="42.893257" lon="-0.021027">
        <ele>683.5</ele>
      </trkpt>
      <trkpt lat="42.893299" lon="-0.021149">
        <ele>683.5</ele>
      </trkpt>
      <trkpt lat="42.89328" lon="-0.021239">
        <ele>683.0</ele>
      </trkpt>
      <trkpt lat="42.893253" lon="-0.021362">
        <ele>682.5</ele>
      </trkpt>
      <trkpt lat="42.893227" lon="-0.021454">
        <ele>682.0</ele>
      </trkpt>
      <trkpt lat="42.893211" lon="-0.021545">
        <ele>681.5</ele>
      </trkpt>
      <trkpt lat="42.893208" lon="-0.021637">
        <ele>681.0</ele>
      </trkpt>
      <trkpt lat="42.893227" lon="-0.021697">
        <ele>680.4</ele>
      </trkpt>
      <trkpt lat="42.893265" lon="-0.021728">
        <ele>680.0</ele>
      </trkpt>
      <trkpt lat="42.893318" lon="-0.021759">
        <ele>679.4</ele>
      </trkpt>
      <trkpt lat="42.893383" lon="-0.02179">
        <ele>678.8</ele>
      </trkpt>
      <trkpt lat="42.89352" lon="-0.021851">
        <ele>678.2</ele>
      </trkpt>
      <trkpt lat="42.893578" lon="-0.021881">
        <ele>677.8</ele>
      </trkpt>
      <trkpt lat="42.893639" lon="-0.021942">
        <ele>677.0</ele>
      </trkpt>
      <trkpt lat="42.893692" lon="-0.022003">
        <ele>676.2</ele>
      </trkpt>
      <trkpt lat="42.893745" lon="-0.022034">
        <ele>675.4</ele>
      </trkpt>
      <trkpt lat="42.893799" lon="-0.022095">
        <ele>674.5</ele>
      </trkpt>
      <trkpt lat="42.893852" lon="-0.022156">
        <ele>673.8</ele>
      </trkpt>
      <trkpt lat="42.893906" lon="-0.022217">
        <ele>673.8</ele>
      </trkpt>
      <trkpt lat="42.894032" lon="-0.022247">
        <ele>673.2</ele>
      </trkpt>
      <trkpt lat="42.8941" lon="-0.022278">
        <ele>672.5</ele>
      </trkpt>
      <trkpt lat="42.894173" lon="-0.022278">
        <ele>672.0</ele>
      </trkpt>
      <trkpt lat="42.894249" lon="-0.022308">
        <ele>671.5</ele>
      </trkpt>
      <trkpt lat="42.894337" lon="-0.022339">
        <ele>671.0</ele>
      </trkpt>
      <trkpt lat="42.894421" lon="-0.022369">
        <ele>670.4</ele>
      </trkpt>
      <trkpt lat="42.894501" lon="-0.0224">
        <ele>669.8</ele>
      </trkpt>
      <trkpt lat="42.894581" lon="-0.02246">
        <ele>669.4</ele>
      </trkpt>
      <trkpt lat="42.894661" lon="-0.022491">
        <ele>668.8</ele>
      </trkpt>
      <trkpt lat="42.894737" lon="-0.022522">
        <ele>668.2</ele>
      </trkpt>
      <trkpt lat="42.894901" lon="-0.022552">
        <ele>668.2</ele>
      </trkpt>
      <trkpt lat="42.895072" lon="-0.022644">
        <ele>668.2</ele>
      </trkpt>
      <trkpt lat="42.895248" lon="-0.022705">
        <ele>667.8</ele>
      </trkpt>
      <trkpt lat="42.89534" lon="-0.022766">
        <ele>667.4</ele>
      </trkpt>
      <trkpt lat="42.895428" lon="-0.022797">
        <ele>666.5</ele>
      </trkpt>
      <trkpt lat="42.895511" lon="-0.022827">
        <ele>665.8</ele>
      </trkpt>
      <trkpt lat="42.895596" lon="-0.022888">
        <ele>665.0</ele>
      </trkpt>
      <trkpt lat="42.895679" lon="-0.022949">
        <ele>664.4</ele>
      </trkpt>
      <trkpt lat="42.895767" lon="-0.02298">
        <ele>663.5</ele>
      </trkpt>
      <trkpt lat="42.895851" lon="-0.023041">
        <ele>663.5</ele>
      </trkpt>
      <trkpt lat="42.895931" lon="-0.023071">
        <ele>663.5</ele>
      </trkpt>
      <trkpt lat="42.896069" lon="-0.023132">
        <ele>663.5</ele>
      </trkpt>
      <trkpt lat="42.896198" lon="-0.023192">
        <ele>663.5</ele>
      </trkpt>
      <trkpt lat="42.896254" lon="-0.023192">
        <ele>663.5</ele>
      </trkpt>
      <trkpt lat="42.896358" lon="-0.023285">
        <ele>663.5</ele>
      </trkpt>
      <trkpt lat="42.896403" lon="-0.023346">
        <ele>663.5</ele>
      </trkpt>
      <trkpt lat="42.8965" lon="-0.023407">
        <ele>663.5</ele>
      </trkpt>
      <trkpt lat="42.896549" lon="-0.023438">
        <ele>664.0</ele>
      </trkpt>
      <trkpt lat="42.896595" lon="-0.023468">
        <ele>664.4</ele>
      </trkpt>
      <trkpt lat="42.896637" lon="-0.023499">
        <ele>664.8</ele>
      </trkpt>
      <trkpt lat="42.896675" lon="-0.02356">
        <ele>665.2</ele>
      </trkpt>
      <trkpt lat="42.896713" lon="-0.02359">
        <ele>665.5</ele>
      </trkpt>
      <trkpt lat="42.896782" lon="-0.023712">
        <ele>665.5</ele>
      </trkpt>
      <trkpt lat="42.8969" lon="-0.023834">
        <ele>665.5</ele>
      </trkpt>
      <trkpt lat="42.896973" lon="-0.023926">
        <ele>666.0</ele>
      </trkpt>
      <trkpt lat="42.897011" lon="-0.023956">
        <ele>666.4</ele>
      </trkpt>
      <trkpt lat="42.897045" lon="-0.023987">
        <ele>666.8</ele>
      </trkpt>
      <trkpt lat="42.897087" lon="-0.024048">
        <ele>667.2</ele>
      </trkpt>
      <trkpt lat="42.897129" lon="-0.024078">
        <ele>667.5</ele>
      </trkpt>
      <trkpt lat="42.897179" lon="-0.024108">
        <ele>667.5</ele>
      </trkpt>
      <trkpt lat="42.89732" lon="-0.0242">
        <ele>667.5</ele>
      </trkpt>
      <trkpt lat="42.89748" lon="-0.024323">
        <ele>667.5</ele>
      </trkpt>
      <trkpt lat="42.897522" lon="-0.024384">
        <ele>667.5</ele>
      </trkpt>
      <trkpt lat="42.897652" lon="-0.024475">
        <ele>668.2</ele>
      </trkpt>
      <trkpt lat="42.897694" lon="-0.024506">
        <ele>668.5</ele>
      </trkpt>
      <trkpt lat="42.897732" lon="-0.024536">
        <ele>669.0</ele>
      </trkpt>
      <trkpt lat="42.897766" lon="-0.024567">
        <ele>669.4</ele>
      </trkpt>
      <trkpt lat="42.897799" lon="-0.024597">
        <ele>670.0</ele>
      </trkpt>
      <trkpt lat="42.89783" lon="-0.024658">
        <ele>670.0</ele>
      </trkpt>
      <trkpt lat="42.897861" lon="-0.024689">
        <ele>670.0</ele>
      </trkpt>
      <trkpt lat="42.897923" lon="-0.02478">
        <ele>670.0</ele>
      </trkpt>
      <trkpt lat="42.898041" lon="-0.024933">
        <ele>670.4</ele>
      </trkpt>
      <trkpt lat="42.898071" lon="-0.024994">
        <ele>670.8</ele>
      </trkpt>
      <trkpt lat="42.898106" lon="-0.025024">
        <ele>671.2</ele>
      </trkpt>
      <trkpt lat="42.89814" lon="-0.025055">
        <ele>671.5</ele>
      </trkpt>
      <trkpt lat="42.898174" lon="-0.025116">
        <ele>672.0</ele>
      </trkpt>
      <trkpt lat="42.898312" lon="-0.025238">
        <ele>672.0</ele>
      </trkpt>
      <trkpt lat="42.898421" lon="-0.025299">
        <ele>672.4</ele>
      </trkpt>
      <trkpt lat="42.89846" lon="-0.025329">
        <ele>672.8</ele>
      </trkpt>
      <trkpt lat="42.898499" lon="-0.02536">
        <ele>673.2</ele>
      </trkpt>
      <trkpt lat="42.898537" lon="-0.025391">
        <ele>673.5</ele>
      </trkpt>
      <trkpt lat="42.898579" lon="-0.025421">
        <ele>674.0</ele>
      </trkpt>
      <trkpt lat="42.898682" lon="-0.025482">
        <ele>674.0</ele>
      </trkpt>
      <trkpt lat="42.898796" lon="-0.025574">
        <ele>674.4</ele>
      </trkpt>
      <trkpt lat="42.898829" lon="-0.025603">
        <ele>675.0</ele>
      </trkpt>
      <trkpt lat="42.898865" lon="-0.025635">
        <ele>675.4</ele>
      </trkpt>
      <trkpt lat="42.898903" lon="-0.025665">
        <ele>675.8</ele>
      </trkpt>
      <trkpt lat="42.898941" lon="-0.025696">
        <ele>676.4</ele>
      </trkpt>
      <trkpt lat="42.898983" lon="-0.025726">
        <ele>676.4</ele>
      </trkpt>
      <trkpt lat="42.8992" lon="-0.025909">
        <ele>676.4</ele>
      </trkpt>
      <trkpt lat="42.899303" lon="-0.026001">
        <ele>676.8</ele>
      </trkpt>
      <trkpt lat="42.899342" lon="-0.026031">
        <ele>677.2</ele>
      </trkpt>
      <trkpt lat="42.89938" lon="-0.026061">
        <ele>677.5</ele>
      </trkpt>
      <trkpt lat="42.899422" lon="-0.026093">
        <ele>678.0</ele>
      </trkpt>
      <trkpt lat="42.899456" lon="-0.026093">
        <ele>678.4</ele>
      </trkpt>
      <trkpt lat="42.899567" lon="-0.026123">
        <ele>678.4</ele>
      </trkpt>
      <trkpt lat="42.899704" lon="-0.026123">
        <ele>679.0</ele>
      </trkpt>
      <trkpt lat="42.899731" lon="-0.026123">
        <ele>679.4</ele>
      </trkpt>
      <trkpt lat="42.899757" lon="-0.026123">
        <ele>680.0</ele>
      </trkpt>
      <trkpt lat="42.89978" lon="-0.026093">
        <ele>680.4</ele>
      </trkpt>
      <trkpt lat="42.899799" lon="-0.026061">
        <ele>680.8</ele>
      </trkpt>
      <trkpt lat="42.89983" lon="-0.026031">
        <ele>680.8</ele>
      </trkpt>
      <trkpt lat="42.899899" lon="-0.026001">
        <ele>680.8</ele>
      </trkpt>
      <trkpt lat="42.899906" lon="-0.02597">
        <ele>680.8</ele>
      </trkpt>
      <trkpt lat="42.899914" lon="-0.02597">
        <ele>681.4</ele>
      </trkpt>
      <trkpt lat="42.899925" lon="-0.02594">
        <ele>681.8</ele>
      </trkpt>
      <trkpt lat="42.899937" lon="-0.02594">
        <ele>682.4</ele>
      </trkpt>
      <trkpt lat="42.899944" lon="-0.02594">
        <ele>682.8</ele>
      </trkpt>
      <trkpt lat="42.899952" lon="-0.02594">
        <ele>683.2</ele>
      </trkpt>
      <trkpt lat="42.89999" lon="-0.025879">
        <ele>683.2</ele>
      </trkpt>
      <trkpt lat="42.900024" lon="-0.025848">
        <ele>683.8</ele>
      </trkpt>
      <trkpt lat="42.900055" lon="-0.025818">
        <ele>684.2</ele>
      </trkpt>
      <trkpt lat="42.900085" lon="-0.025787">
        <ele>684.8</ele>
      </trkpt>
      <trkpt lat="42.900112" lon="-0.025757">
        <ele>685.2</ele>
      </trkpt>
      <trkpt lat="42.900131" lon="-0.025757">
        <ele>685.8</ele>
      </trkpt>
      <trkpt lat="42.900162" lon="-0.025757">
        <ele>686.2</ele>
      </trkpt>
      <trkpt lat="42.900191" lon="-0.025726">
        <ele>686.5</ele>
      </trkpt>
      <trkpt lat="42.900219" lon="-0.025726">
        <ele>687.0</ele>
      </trkpt>
      <trkpt lat="42.900249" lon="-0.025726">
        <ele>687.4</ele>
      </trkpt>
      <trkpt lat="42.900276" lon="-0.025696">
        <ele>688.0</ele>
      </trkpt>
      <trkpt lat="42.900436" lon="-0.025665">
        <ele>688.4</ele>
      </trkpt>
      <trkpt lat="42.900471" lon="-0.025635">
        <ele>688.8</ele>
      </trkpt>
      <trkpt lat="42.900505" lon="-0.025635">
        <ele>689.2</ele>
      </trkpt>
      <trkpt lat="42.900547" lon="-0.025635">
        <ele>689.5</ele>
      </trkpt>
      <trkpt lat="42.900585" lon="-0.025635">
        <ele>690.0</ele>
      </trkpt>
      <trkpt lat="42.900623" lon="-0.025635">
        <ele>690.0</ele>
      </trkpt>
      <trkpt lat="42.900726" lon="-0.025603">
        <ele>690.8</ele>
      </trkpt>
      <trkpt lat="42.900753" lon="-0.025603">
        <ele>691.4</ele>
      </trkpt>
      <trkpt lat="42.90078" lon="-0.025603">
        <ele>691.8</ele>
      </trkpt>
      <trkpt lat="42.90081" lon="-0.025603">
        <ele>692.2</ele>
      </trkpt>
      <trkpt lat="42.900902" lon="-0.025574">
        <ele>692.8</ele>
      </trkpt>
      <trkpt lat="42.900944" lon="-0.025574">
        <ele>693.2</ele>
      </trkpt>
      <trkpt lat="42.900982" lon="-0.025574">
        <ele>693.5</ele>
      </trkpt>
      <trkpt lat="42.90102" lon="-0.025574">
        <ele>694.0</ele>
      </trkpt>
      <trkpt lat="42.901054" lon="-0.025574">
        <ele>694.5</ele>
      </trkpt>
      <trkpt lat="42.901085" lon="-0.025574">
        <ele>694.5</ele>
      </trkpt>
      <trkpt lat="42.901154" lon="-0.025726">
        <ele>694.5</ele>
      </trkpt>
      <trkpt lat="42.901173" lon="-0.025757">
        <ele>695.0</ele>
      </trkpt>
      <trkpt lat="42.901196" lon="-0.025818">
        <ele>695.4</ele>
      </trkpt>
      <trkpt lat="42.901211" lon="-0.025848">
        <ele>696.0</ele>
      </trkpt>
      <trkpt lat="42.90123" lon="-0.025879">
        <ele>696.4</ele>
      </trkpt>
      <trkpt lat="42.901245" lon="-0.02594">
        <ele>696.8</ele>
      </trkpt>
      <trkpt lat="42.901264" lon="-0.02597">
        <ele>696.8</ele>
      </trkpt>
      <trkpt lat="42.901272" lon="-0.026001">
        <ele>696.8</ele>
      </trkpt>
      <trkpt lat="42.90126" lon="-0.026093">
        <ele>697.2</ele>
      </trkpt>
      <trkpt lat="42.901257" lon="-0.026123">
        <ele>697.8</ele>
      </trkpt>
      <trkpt lat="42.901257" lon="-0.026154">
        <ele>698.2</ele>
      </trkpt>
      <trkpt lat="42.901257" lon="-0.026215">
        <ele>698.5</ele>
      </trkpt>
      <trkpt lat="42.901257" lon="-0.026215">
        <ele>699.0</ele>
      </trkpt>
      <trkpt lat="42.901245" lon="-0.026276">
        <ele>699.0</ele>
      </trkpt>
      <trkpt lat="42.901211" lon="-0.026428">
        <ele>699.4</ele>
      </trkpt>
      <trkpt lat="42.901196" lon="-0.026459">
        <ele>699.8</ele>
      </trkpt>
      <trkpt lat="42.901184" lon="-0.026489">
        <ele>700.2</ele>
      </trkpt>
      <trkpt lat="42.901179" lon="-0.02652">
        <ele>700.5</ele>
      </trkpt>
      <trkpt lat="42.901176" lon="-0.02655">
        <ele>701.0</ele>
      </trkpt>
      <trkpt lat="42.901184" lon="-0.02655">
        <ele>701.0</ele>
      </trkpt>
      <trkpt lat="42.901222" lon="-0.026581">
        <ele>701.5</ele>
      </trkpt>
      <trkpt lat="42.901245" lon="-0.026611">
        <ele>702.0</ele>
      </trkpt>
      <trkpt lat="42.901268" lon="-0.026611">
        <ele>702.5</ele>
      </trkpt>
      <trkpt lat="42.901291" lon="-0.026642">
        <ele>703.0</ele>
      </trkpt>
      <trkpt lat="42.90131" lon="-0.026642">
        <ele>703.5</ele>
      </trkpt>
      <trkpt lat="42.901328" lon="-0.026642">
        <ele>704.0</ele>
      </trkpt>
      <trkpt lat="42.901348" lon="-0.026672">
        <ele>704.5</ele>
      </trkpt>
      <trkpt lat="42.901367" lon="-0.026672">
        <ele>705.2</ele>
      </trkpt>
      <trkpt lat="42.901386" lon="-0.026672">
        <ele>705.5</ele>
      </trkpt>
      <trkpt lat="42.901482" lon="-0.026733">
        <ele>706.0</ele>
      </trkpt>
      <trkpt lat="42.901501" lon="-0.026764">
        <ele>706.4</ele>
      </trkpt>
      <trkpt lat="42.901524" lon="-0.026764">
        <ele>706.8</ele>
      </trkpt>
      <trkpt lat="42.901542" lon="-0.026764">
        <ele>707.2</ele>
      </trkpt>
      <trkpt lat="42.901566" lon="-0.026794">
        <ele>707.5</ele>
      </trkpt>
      <trkpt lat="42.9016" lon="-0.026825">
        <ele>707.5</ele>
      </trkpt>
      <trkpt lat="42.901627" lon="-0.026855">
        <ele>708.0</ele>
      </trkpt>
      <trkpt lat="42.901642" lon="-0.026855">
        <ele>708.4</ele>
      </trkpt>
      <trkpt lat="42.901653" lon="-0.026886">
        <ele>709.0</ele>
      </trkpt>
      <trkpt lat="42.901672" lon="-0.026886">
        <ele>709.4</ele>
      </trkpt>
      <trkpt lat="42.901691" lon="-0.026886">
        <ele>709.8</ele>
      </trkpt>
      <trkpt lat="42.901833" lon="-0.026978">
        <ele>709.8</ele>
      </trkpt>
      <trkpt lat="42.901852" lon="-0.026978">
        <ele>710.2</ele>
      </trkpt>
      <trkpt lat="42.901871" lon="-0.027008">
        <ele>710.8</ele>
      </trkpt>
      <trkpt lat="42.901894" lon="-0.027008">
        <ele>711.2</ele>
      </trkpt>
      <trkpt lat="42.901913" lon="-0.027039">
        <ele>711.5</ele>
      </trkpt>
      <trkpt lat="42.901932" lon="-0.027039">
        <ele>712.0</ele>
      </trkpt>
      <trkpt lat="42.901955" lon="-0.027069">
        <ele>712.5</ele>
      </trkpt>
      <trkpt lat="42.901966" lon="-0.027069">
        <ele>713.0</ele>
      </trkpt>
      <trkpt lat="42.901985" lon="-0.0271">
        <ele>713.4</ele>
      </trkpt>
      <trkpt lat="42.902" lon="-0.02713">
        <ele>713.8</ele>
      </trkpt>
      <trkpt lat="42.902031" lon="-0.02713">
        <ele>714.2</ele>
      </trkpt>
      <trkpt lat="42.90205" lon="-0.027161">
        <ele>714.2</ele>
      </trkpt>
      <trkpt lat="42.902088" lon="-0.027191">
        <ele>714.2</ele>
      </trkpt>
      <trkpt lat="42.902115" lon="-0.027222">
        <ele>714.5</ele>
      </trkpt>
      <trkpt lat="42.902142" lon="-0.027222">
        <ele>715.0</ele>
      </trkpt>
      <trkpt lat="42.902172" lon="-0.027222">
        <ele>715.5</ele>
      </trkpt>
      <trkpt lat="42.902199" lon="-0.027252">
        <ele>716.0</ele>
      </trkpt>
      <trkpt lat="42.902225" lon="-0.027252">
        <ele>716.4</ele>
      </trkpt>
      <trkpt lat="42.902279" lon="-0.027283">
        <ele>716.8</ele>
      </trkpt>
      <trkpt lat="42.902378" lon="-0.027344">
        <ele>717.2</ele>
      </trkpt>
      <trkpt lat="42.902405" lon="-0.027344">
        <ele>717.8</ele>
      </trkpt>
      <trkpt lat="42.902431" lon="-0.027374">
        <ele>718.2</ele>
      </trkpt>
      <trkpt lat="42.902454" lon="-0.027374">
        <ele>718.5</ele>
      </trkpt>
      <trkpt lat="42.902477" lon="-0.027405">
        <ele>718.5</ele>
      </trkpt>
      <trkpt lat="42.902523" lon="-0.027435">
        <ele>718.5</ele>
      </trkpt>
      <trkpt lat="42.902569" lon="-0.027466">
        <ele>718.5</ele>
      </trkpt>
      <trkpt lat="42.902615" lon="-0.027496">
        <ele>719.0</ele>
      </trkpt>
      <trkpt lat="42.902641" lon="-0.027496">
        <ele>719.4</ele>
      </trkpt>
      <trkpt lat="42.902668" lon="-0.027527">
        <ele>719.8</ele>
      </trkpt>
      <trkpt lat="42.902699" lon="-0.027527">
        <ele>720.2</ele>
      </trkpt>
      <trkpt lat="42.902718" lon="-0.027557">
        <ele>720.5</ele>
      </trkpt>
      <trkpt lat="42.902763" lon="-0.027588">
        <ele>720.5</ele>
      </trkpt>
      <trkpt lat="42.902786" lon="-0.027588">
        <ele>720.5</ele>
      </trkpt>
      <trkpt lat="42.902851" lon="-0.027649">
        <ele>721.2</ele>
      </trkpt>
      <trkpt lat="42.902874" lon="-0.027679">
        <ele>721.5</ele>
      </trkpt>
      <trkpt lat="42.902901" lon="-0.027679">
        <ele>722.0</ele>
      </trkpt>
      <trkpt lat="42.902927" lon="-0.02771">
        <ele>722.4</ele>
      </trkpt>
      <trkpt lat="42.902954" lon="-0.02771">
        <ele>722.8</ele>
      </trkpt>
      <trkpt lat="42.903049" lon="-0.027802">
        <ele>722.8</ele>
      </trkpt>
      <trkpt lat="42.903061" lon="-0.027832">
        <ele>722.8</ele>
      </trkpt>
      <trkpt lat="42.903091" lon="-0.027863">
        <ele>723.2</ele>
      </trkpt>
      <trkpt lat="42.903114" lon="-0.027863">
        <ele>723.5</ele>
      </trkpt>
      <trkpt lat="42.903141" lon="-0.027893">
        <ele>724.0</ele>
      </trkpt>
      <trkpt lat="42.903163" lon="-0.027893">
        <ele>724.5</ele>
      </trkpt>
      <trkpt lat="42.903187" lon="-0.027924">
        <ele>725.0</ele>
      </trkpt>
      <trkpt lat="42.903263" lon="-0.027985">
        <ele>725.0</ele>
      </trkpt>
      <trkpt lat="42.903313" lon="-0.028015">
        <ele>725.4</ele>
      </trkpt>
      <trkpt lat="42.903343" lon="-0.028015">
        <ele>725.8</ele>
      </trkpt>
      <trkpt lat="42.903393" lon="-0.028015">
        <ele>726.2</ele>
      </trkpt>
      <trkpt lat="42.903431" lon="-0.028015">
        <ele>726.5</ele>
      </trkpt>
      <trkpt lat="42.903461" lon="-0.028046">
        <ele>727.0</ele>
      </trkpt>
      <trkpt lat="42.903503" lon="-0.028076">
        <ele>727.0</ele>
      </trkpt>
      <trkpt lat="42.903515" lon="-0.028107">
        <ele>727.0</ele>
      </trkpt>
      <trkpt lat="42.903602" lon="-0.028198">
        <ele>727.4</ele>
      </trkpt>
      <trkpt lat="42.903622" lon="-0.028229">
        <ele>727.8</ele>
      </trkpt>
      <trkpt lat="42.903637" lon="-0.028259">
        <ele>728.2</ele>
      </trkpt>
      <trkpt lat="42.903656" lon="-0.02829">
        <ele>728.5</ele>
      </trkpt>
      <trkpt lat="42.903671" lon="-0.02832">
        <ele>729.2</ele>
      </trkpt>
      <trkpt lat="42.903805" lon="-0.028503">
        <ele>729.2</ele>
      </trkpt>
      <trkpt lat="42.903847" lon="-0.028564">
        <ele>729.5</ele>
      </trkpt>
      <trkpt lat="42.90387" lon="-0.028564">
        <ele>730.0</ele>
      </trkpt>
      <trkpt lat="42.903889" lon="-0.028595">
        <ele>730.4</ele>
      </trkpt>
      <trkpt lat="42.903908" lon="-0.028625">
        <ele>731.0</ele>
      </trkpt>
      <trkpt lat="42.903927" lon="-0.028625">
        <ele>731.4</ele>
      </trkpt>
      <trkpt lat="42.904015" lon="-0.028656">
        <ele>731.4</ele>
      </trkpt>
      <trkpt lat="42.904037" lon="-0.028656">
        <ele>731.4</ele>
      </trkpt>
      <trkpt lat="42.904083" lon="-0.028656">
        <ele>731.4</ele>
      </trkpt>
      <trkpt lat="42.904125" lon="-0.028656">
        <ele>731.8</ele>
      </trkpt>
      <trkpt lat="42.904148" lon="-0.028656">
        <ele>732.4</ele>
      </trkpt>
      <trkpt lat="42.904175" lon="-0.028656">
        <ele>732.8</ele>
      </trkpt>
      <trkpt lat="42.904198" lon="-0.028656">
        <ele>733.2</ele>
      </trkpt>
      <trkpt lat="42.904224" lon="-0.028687">
        <ele>733.5</ele>
      </trkpt>
      <trkpt lat="42.904266" lon="-0.028687">
        <ele>734.2</ele>
      </trkpt>
      <trkpt lat="42.904285" lon="-0.028717">
        <ele>734.5</ele>
      </trkpt>
      <trkpt lat="42.904312" lon="-0.028717">
        <ele>735.0</ele>
      </trkpt>
      <trkpt lat="42.904343" lon="-0.028748">
        <ele>735.4</ele>
      </trkpt>
      <trkpt lat="42.904362" lon="-0.028748">
        <ele>735.8</ele>
      </trkpt>
      <trkpt lat="42.904404" lon="-0.028778">
        <ele>735.8</ele>
      </trkpt>
      <trkpt lat="42.904476" lon="-0.028839">
        <ele>736.2</ele>
      </trkpt>
      <trkpt lat="42.904499" lon="-0.028839">
        <ele>736.5</ele>
      </trkpt>
      <trkpt lat="42.904514" lon="-0.02887">
        <ele>737.2</ele>
      </trkpt>
      <trkpt lat="42.904533" lon="-0.0289">
        <ele>737.5</ele>
      </trkpt>
      <trkpt lat="42.904552" lon="-0.028931">
        <ele>738.0</ele>
      </trkpt>
      <trkpt lat="42.904736" lon="-0.029114">
        <ele>738.4</ele>
      </trkpt>
      <trkpt lat="42.904758" lon="-0.029144">
        <ele>738.8</ele>
      </trkpt>
      <trkpt lat="42.904778" lon="-0.029175">
        <ele>739.4</ele>
      </trkpt>
      <trkpt lat="42.904797" lon="-0.029175">
        <ele>739.8</ele>
      </trkpt>
      <trkpt lat="42.904815" lon="-0.029205">
        <ele>740.2</ele>
      </trkpt>
      <trkpt lat="42.904896" lon="-0.029297">
        <ele>740.5</ele>
      </trkpt>
      <trkpt lat="42.904915" lon="-0.029327">
        <ele>741.0</ele>
      </trkpt>
      <trkpt lat="42.904934" lon="-0.029327">
        <ele>741.4</ele>
      </trkpt>
      <trkpt lat="42.904957" lon="-0.029327">
        <ele>742.0</ele>
      </trkpt>
      <trkpt lat="42.904967" lon="-0.029327">
        <ele>742.4</ele>
      </trkpt>
      <trkpt lat="42.90498" lon="-0.029297">
        <ele>742.4</ele>
      </trkpt>
      <trkpt lat="42.904976" lon="-0.029266">
        <ele>742.8</ele>
      </trkpt>
      <trkpt lat="42.904961" lon="-0.029236">
        <ele>743.2</ele>
      </trkpt>
      <trkpt lat="42.904938" lon="-0.029205">
        <ele>743.5</ele>
      </trkpt>
      <trkpt lat="42.904915" lon="-0.029175">
        <ele>744.0</ele>
      </trkpt>
      <trkpt lat="42.904888" lon="-0.029175">
        <ele>744.5</ele>
      </trkpt>
      <trkpt lat="42.90486" lon="-0.029144">
        <ele>745.2</ele>
      </trkpt>
      <trkpt lat="42.904831" lon="-0.029114">
        <ele>745.8</ele>
      </trkpt>
      <trkpt lat="42.904804" lon="-0.029114">
        <ele>746.4</ele>
      </trkpt>
      <trkpt lat="42.904778" lon="-0.029083">
        <ele>746.8</ele>
      </trkpt>
      <trkpt lat="42.904648" lon="-0.028992">
        <ele>747.4</ele>
      </trkpt>
      <trkpt lat="42.904632" lon="-0.028961">
        <ele>747.8</ele>
      </trkpt>
      <trkpt lat="42.904617" lon="-0.028931">
        <ele>748.2</ele>
      </trkpt>
      <trkpt lat="42.904606" lon="-0.0289">
        <ele>748.5</ele>
      </trkpt>
      <trkpt lat="42.904591" lon="-0.02887">
        <ele>749.0</ele>
      </trkpt>
      <trkpt lat="42.904518" lon="-0.028748">
        <ele>749.0</ele>
      </trkpt>
      <trkpt lat="42.904499" lon="-0.028717">
        <ele>749.4</ele>
      </trkpt>
      <trkpt lat="42.90448" lon="-0.028717">
        <ele>750.0</ele>
      </trkpt>
      <trkpt lat="42.904469" lon="-0.028687">
        <ele>750.4</ele>
      </trkpt>
      <trkpt lat="42.904472" lon="-0.028625">
        <ele>751.0</ele>
      </trkpt>
      <trkpt lat="42.904483" lon="-0.028595">
        <ele>751.4</ele>
      </trkpt>
      <trkpt lat="42.904507" lon="-0.028564">
        <ele>751.4</ele>
      </trkpt>
      <trkpt lat="42.904559" lon="-0.028503">
        <ele>751.4</ele>
      </trkpt>
      <trkpt lat="42.904617" lon="-0.028534">
        <ele>751.4</ele>
      </trkpt>
      <trkpt lat="42.904652" lon="-0.028595">
        <ele>751.4</ele>
      </trkpt>
      <trkpt lat="42.904781" lon="-0.028748">
        <ele>751.4</ele>
      </trkpt>
      <trkpt lat="42.904797" lon="-0.028748">
        <ele>751.8</ele>
      </trkpt>
      <trkpt lat="42.904842" lon="-0.028809">
        <ele>752.8</ele>
      </trkpt>
      <trkpt lat="42.90486" lon="-0.028809">
        <ele>753.2</ele>
      </trkpt>
      <trkpt lat="42.904884" lon="-0.028839">
        <ele>753.5</ele>
      </trkpt>
      <trkpt lat="42.904949" lon="-0.0289">
        <ele>753.5</ele>
      </trkpt>
      <trkpt lat="42.905045" lon="-0.028961">
        <ele>753.5</ele>
      </trkpt>
      <trkpt lat="42.905064" lon="-0.028992">
        <ele>754.2</ele>
      </trkpt>
      <trkpt lat="42.905083" lon="-0.029022">
        <ele>754.8</ele>
      </trkpt>
      <trkpt lat="42.905102" lon="-0.029022">
        <ele>755.2</ele>
      </trkpt>
      <trkpt lat="42.905121" lon="-0.029053">
        <ele>755.8</ele>
      </trkpt>
      <trkpt lat="42.90514" lon="-0.029083">
        <ele>756.2</ele>
      </trkpt>
      <trkpt lat="42.905228" lon="-0.029144">
        <ele>756.8</ele>
      </trkpt>
      <trkpt lat="42.905251" lon="-0.029144">
        <ele>757.2</ele>
      </trkpt>
      <trkpt lat="42.905273" lon="-0.029175">
        <ele>757.8</ele>
      </trkpt>
      <trkpt lat="42.905296" lon="-0.029175">
        <ele>758.2</ele>
      </trkpt>
      <trkpt lat="42.905319" lon="-0.029175">
        <ele>758.5</ele>
      </trkpt>
      <trkpt lat="42.905361" lon="-0.029205">
        <ele>759.5</ele>
      </trkpt>
      <trkpt lat="42.90538" lon="-0.029205">
        <ele>760.2</ele>
      </trkpt>
      <trkpt lat="42.905392" lon="-0.029205">
        <ele>760.5</ele>
      </trkpt>
      <trkpt lat="42.905399" lon="-0.029236">
        <ele>761.2</ele>
      </trkpt>
      <trkpt lat="42.905487" lon="-0.029266">
        <ele>761.2</ele>
      </trkpt>
      <trkpt lat="42.905571" lon="-0.029297">
        <ele>761.5</ele>
      </trkpt>
      <trkpt lat="42.905586" lon="-0.029297">
        <ele>762.2</ele>
      </trkpt>
      <trkpt lat="42.905602" lon="-0.029297">
        <ele>762.8</ele>
      </trkpt>
      <trkpt lat="42.90562" lon="-0.029297">
        <ele>763.4</ele>
      </trkpt>
      <trkpt lat="42.90564" lon="-0.029327">
        <ele>763.8</ele>
      </trkpt>
      <trkpt lat="42.905712" lon="-0.029358">
        <ele>763.8</ele>
      </trkpt>
      <trkpt lat="42.905884" lon="-0.029419">
        <ele>764.4</ele>
      </trkpt>
      <trkpt lat="42.90591" lon="-0.029419">
        <ele>764.8</ele>
      </trkpt>
      <trkpt lat="42.905937" lon="-0.029419">
        <ele>765.2</ele>
      </trkpt>
      <trkpt lat="42.90596" lon="-0.029449">
        <ele>765.5</ele>
      </trkpt>
      <trkpt lat="42.905987" lon="-0.029449">
        <ele>766.0</ele>
      </trkpt>
      <trkpt lat="42.906013" lon="-0.029449">
        <ele>766.0</ele>
      </trkpt>
      <trkpt lat="42.90604" lon="-0.029449">
        <ele>766.4</ele>
      </trkpt>
      <trkpt lat="42.906071" lon="-0.02948">
        <ele>766.8</ele>
      </trkpt>
      <trkpt lat="42.906097" lon="-0.02948">
        <ele>767.2</ele>
      </trkpt>
      <trkpt lat="42.906124" lon="-0.02951">
        <ele>767.5</ele>
      </trkpt>
      <trkpt lat="42.906151" lon="-0.02951">
        <ele>768.2</ele>
      </trkpt>
      <trkpt lat="42.90618" lon="-0.029541">
        <ele>768.2</ele>
      </trkpt>
      <trkpt lat="42.906189" lon="-0.029572">
        <ele>768.2</ele>
      </trkpt>
      <trkpt lat="42.906265" lon="-0.029663">
        <ele>768.2</ele>
      </trkpt>
      <trkpt lat="42.906357" lon="-0.029724">
        <ele>768.2</ele>
      </trkpt>
      <trkpt lat="42.906471" lon="-0.029785">
        <ele>768.2</ele>
      </trkpt>
      <trkpt lat="42.906528" lon="-0.029846">
        <ele>768.5</ele>
      </trkpt>
      <trkpt lat="42.90654" lon="-0.029877">
        <ele>769.0</ele>
      </trkpt>
      <trkpt lat="42.906563" lon="-0.029907">
        <ele>769.4</ele>
      </trkpt>
      <trkpt lat="42.906586" lon="-0.029907">
        <ele>769.8</ele>
      </trkpt>
      <trkpt lat="42.906593" lon="-0.029938">
        <ele>770.2</ele>
      </trkpt>
      <trkpt lat="42.906612" lon="-0.029968">
        <ele>770.2</ele>
      </trkpt>
      <trkpt lat="42.906624" lon="-0.029968">
        <ele>770.2</ele>
      </trkpt>
      <trkpt lat="42.906799" lon="-0.029968">
        <ele>770.2</ele>
      </trkpt>
      <trkpt lat="42.906933" lon="-0.029938">
        <ele>770.2</ele>
      </trkpt>
      <trkpt lat="42.907108" lon="-0.029999">
        <ele>770.2</ele>
      </trkpt>
      <trkpt lat="42.907207" lon="-0.03009">
        <ele>770.2</ele>
      </trkpt>
      <trkpt lat="42.907215" lon="-0.03009">
        <ele>770.2</ele>
      </trkpt>
      <trkpt lat="42.907219" lon="-0.03009">
        <ele>770.2</ele>
      </trkpt>
      <trkpt lat="42.907246" lon="-0.03009">
        <ele>770.2</ele>
      </trkpt>
      <trkpt lat="42.907257" lon="-0.03009">
        <ele>770.2</ele>
      </trkpt>
      <trkpt lat="42.907272" lon="-0.03009">
        <ele>770.2</ele>
      </trkpt>
      <trkpt lat="42.907337" lon="-0.030151">
        <ele>770.2</ele>
      </trkpt>
      <trkpt lat="42.907333" lon="-0.030182">
        <ele>768.2</ele>
      </trkpt>
      <trkpt lat="42.907333" lon="-0.030182">
        <ele>768.2</ele>
      </trkpt>
      <trkpt lat="42.907349" lon="-0.030212">
        <ele>768.2</ele>
      </trkpt>
      <trkpt lat="42.907352" lon="-0.030243">
        <ele>768.2</ele>
      </trkpt>
      <trkpt lat="42.907349" lon="-0.030365">
        <ele>768.2</ele>
      </trkpt>
      <trkpt lat="42.907337" lon="-0.030426">
        <ele>768.2</ele>
      </trkpt>
      <trkpt lat="42.907295" lon="-0.03067">
        <ele>768.5</ele>
      </trkpt>
      <trkpt lat="42.907299" lon="-0.030731">
        <ele>769.0</ele>
      </trkpt>
      <trkpt lat="42.907307" lon="-0.030762">
        <ele>769.4</ele>
      </trkpt>
      <trkpt lat="42.907314" lon="-0.030792">
        <ele>769.8</ele>
      </trkpt>
      <trkpt lat="42.90733" lon="-0.030853">
        <ele>770.2</ele>
      </trkpt>
      <trkpt lat="42.90736" lon="-0.030945">
        <ele>770.2</ele>
      </trkpt>
      <trkpt lat="42.907455" lon="-0.03125">
        <ele>770.2</ele>
      </trkpt>
      <trkpt lat="42.907536" lon="-0.031371">
        <ele>770.2</ele>
      </trkpt>
      <trkpt lat="42.907581" lon="-0.031464">
        <ele>770.2</ele>
      </trkpt>
      <trkpt lat="42.907631" lon="-0.031647">
        <ele>769.8</ele>
      </trkpt>
      <trkpt lat="42.907646" lon="-0.031708">
        <ele>769.4</ele>
      </trkpt>
      <trkpt lat="42.907658" lon="-0.031799">
        <ele>768.8</ele>
      </trkpt>
      <trkpt lat="42.907684" lon="-0.031981">
        <ele>768.4</ele>
      </trkpt>
      <trkpt lat="42.907707" lon="-0.032074">
        <ele>767.8</ele>
      </trkpt>
      <trkpt lat="42.907738" lon="-0.032166">
        <ele>767.4</ele>
      </trkpt>
      <trkpt lat="42.90778" lon="-0.032227">
        <ele>766.8</ele>
      </trkpt>
      <trkpt lat="42.907818" lon="-0.032318">
        <ele>766.2</ele>
      </trkpt>
      <trkpt lat="42.907871" lon="-0.03241">
        <ele>765.5</ele>
      </trkpt>
      <trkpt lat="42.907917" lon="-0.032532">
        <ele>765.0</ele>
      </trkpt>
      <trkpt lat="42.907974" lon="-0.032592">
        <ele>764.5</ele>
      </trkpt>
      <trkpt lat="42.908035" lon="-0.032683">
        <ele>764.0</ele>
      </trkpt>
      <trkpt lat="42.9081" lon="-0.032745">
        <ele>763.2</ele>
      </trkpt>
      <trkpt lat="42.908161" lon="-0.032776">
        <ele>762.5</ele>
      </trkpt>
      <trkpt lat="42.908211" lon="-0.032837">
        <ele>762.0</ele>
      </trkpt>
      <trkpt lat="42.908234" lon="-0.032897">
        <ele>761.4</ele>
      </trkpt>
      <trkpt lat="42.908234" lon="-0.032959">
        <ele>760.5</ele>
      </trkpt>
      <trkpt lat="42.908112" lon="-0.03305">
        <ele>760.5</ele>
      </trkpt>
      <trkpt lat="42.908047" lon="-0.03302">
        <ele>760.2</ele>
      </trkpt>
      <trkpt lat="42.907928" lon="-0.032897">
        <ele>759.0</ele>
      </trkpt>
      <trkpt lat="42.907867" lon="-0.032837">
        <ele>758.4</ele>
      </trkpt>
      <trkpt lat="42.90773" lon="-0.032654">
        <ele>756.8</ele>
      </trkpt>
      <trkpt lat="42.907646" lon="-0.032592">
        <ele>756.8</ele>
      </trkpt>
      <trkpt lat="42.907555" lon="-0.032501">
        <ele>755.0</ele>
      </trkpt>
      <trkpt lat="42.907463" lon="-0.032439">
        <ele>754.2</ele>
      </trkpt>
      <trkpt lat="42.907375" lon="-0.032378">
        <ele>753.2</ele>
      </trkpt>
      <trkpt lat="42.90728" lon="-0.032318">
        <ele>752.0</ele>
      </trkpt>
      <trkpt lat="42.907192" lon="-0.032287">
        <ele>750.8</ele>
      </trkpt>
      <trkpt lat="42.907101" lon="-0.032227">
        <ele>749.8</ele>
      </trkpt>
      <trkpt lat="42.907013" lon="-0.032196">
        <ele>748.8</ele>
      </trkpt>
      <trkpt lat="42.906925" lon="-0.032134">
        <ele>747.8</ele>
      </trkpt>
      <trkpt lat="42.906844" lon="-0.032074">
        <ele>746.5</ele>
      </trkpt>
      <trkpt lat="42.906765" lon="-0.031981">
        <ele>745.5</ele>
      </trkpt>
      <trkpt lat="42.906695" lon="-0.031891">
        <ele>744.4</ele>
      </trkpt>
      <trkpt lat="42.906628" lon="-0.031769">
        <ele>743.4</ele>
      </trkpt>
      <trkpt lat="42.906582" lon="-0.031676">
        <ele>742.4</ele>
      </trkpt>
      <trkpt lat="42.906543" lon="-0.031555">
        <ele>741.4</ele>
      </trkpt>
      <trkpt lat="42.906532" lon="-0.031464">
        <ele>740.5</ele>
      </trkpt>
      <trkpt lat="42.906521" lon="-0.031371">
        <ele>739.5</ele>
      </trkpt>
      <trkpt lat="42.906525" lon="-0.031281">
        <ele>738.8</ele>
      </trkpt>
      <trkpt lat="42.906506" lon="-0.031219">
        <ele>738.2</ele>
      </trkpt>
      <trkpt lat="42.906467" lon="-0.031189">
        <ele>737.4</ele>
      </trkpt>
      <trkpt lat="42.906418" lon="-0.031219">
        <ele>736.8</ele>
      </trkpt>
      <trkpt lat="42.906384" lon="-0.031281">
        <ele>736.2</ele>
      </trkpt>
      <trkpt lat="42.90636" lon="-0.031342">
        <ele>735.4</ele>
      </trkpt>
      <trkpt lat="42.906368" lon="-0.031433">
        <ele>734.8</ele>
      </trkpt>
      <trkpt lat="42.906395" lon="-0.031524">
        <ele>734.0</ele>
      </trkpt>
      <trkpt lat="42.906441" lon="-0.031647">
        <ele>733.2</ele>
      </trkpt>
      <trkpt lat="42.906487" lon="-0.031769">
        <ele>732.2</ele>
      </trkpt>
      <trkpt lat="42.906536" lon="-0.031891">
        <ele>731.0</ele>
      </trkpt>
      <trkpt lat="42.906582" lon="-0.032013">
        <ele>730.0</ele>
      </trkpt>
      <trkpt lat="42.906628" lon="-0.032134">
        <ele>728.5</ele>
      </trkpt>
      <trkpt lat="42.906681" lon="-0.032257">
        <ele>727.2</ele>
      </trkpt>
      <trkpt lat="42.906746" lon="-0.03241">
        <ele>725.8</ele>
      </trkpt>
      <trkpt lat="42.906822" lon="-0.032562">
        <ele>724.4</ele>
      </trkpt>
      <trkpt lat="42.906902" lon="-0.032715">
        <ele>723.0</ele>
      </trkpt>
      <trkpt lat="42.906986" lon="-0.032837">
        <ele>721.4</ele>
      </trkpt>
      <trkpt lat="42.907116" lon="-0.03305">
        <ele>721.4</ele>
      </trkpt>
      <trkpt lat="42.9072" lon="-0.033234">
        <ele>719.8</ele>
      </trkpt>
      <trkpt lat="42.907288" lon="-0.033386">
        <ele>718.0</ele>
      </trkpt>
      <trkpt lat="42.907372" lon="-0.033539">
        <ele>716.2</ele>
      </trkpt>
      <trkpt lat="42.907448" lon="-0.033691">
        <ele>714.2</ele>
      </trkpt>
      <trkpt lat="42.907516" lon="-0.033844">
        <ele>712.2</ele>
      </trkpt>
      <trkpt lat="42.907578" lon="-0.033997">
        <ele>710.4</ele>
      </trkpt>
      <trkpt lat="42.907618" lon="-0.034149">
        <ele>708.4</ele>
      </trkpt>
      <trkpt lat="42.90768" lon="-0.034271">
        <ele>706.5</ele>
      </trkpt>
      <trkpt lat="42.907768" lon="-0.034393">
        <ele>705.0</ele>
      </trkpt>
      <trkpt lat="42.907948" lon="-0.034424">
        <ele>703.2</ele>
      </trkpt>
      <trkpt lat="42.908066" lon="-0.034514">
        <ele>701.4</ele>
      </trkpt>
      <trkpt lat="42.908188" lon="-0.034607">
        <ele>700.0</ele>
      </trkpt>
      <trkpt lat="42.908318" lon="-0.034729">
        <ele>698.4</ele>
      </trkpt>
      <trkpt lat="42.908436" lon="-0.034851">
        <ele>696.8</ele>
      </trkpt>
      <trkpt lat="42.908577" lon="-0.034943">
        <ele>695.0</ele>
      </trkpt>
      <trkpt lat="42.908718" lon="-0.035065">
        <ele>693.4</ele>
      </trkpt>
      <trkpt lat="42.908862" lon="-0.035187">
        <ele>691.2</ele>
      </trkpt>
      <trkpt lat="42.909004" lon="-0.035309">
        <ele>688.8</ele>
      </trkpt>
      <trkpt lat="42.909149" lon="-0.035461">
        <ele>686.2</ele>
      </trkpt>
      <trkpt lat="42.909279" lon="-0.035582">
        <ele>683.5</ele>
      </trkpt>
      <trkpt lat="42.909405" lon="-0.035735">
        <ele>681.0</ele>
      </trkpt>
      <trkpt lat="42.909531" lon="-0.035828">
        <ele>678.5</ele>
      </trkpt>
      <trkpt lat="42.90966" lon="-0.035858">
        <ele>676.2</ele>
      </trkpt>
      <trkpt lat="42.909767" lon="-0.035919">
        <ele>673.5</ele>
      </trkpt>
      <trkpt lat="42.909889" lon="-0.035919">
        <ele>671.2</ele>
      </trkpt>
      <trkpt lat="42.910118" lon="-0.03595">
        <ele>671.2</ele>
      </trkpt>
      <trkpt lat="42.910221" lon="-0.03604">
        <ele>670.8</ele>
      </trkpt>
      <trkpt lat="42.910347" lon="-0.036102">
        <ele>670.2</ele>
      </trkpt>
      <trkpt lat="42.910446" lon="-0.036224">
        <ele>669.8</ele>
      </trkpt>
      <trkpt lat="42.910557" lon="-0.036316">
        <ele>669.0</ele>
      </trkpt>
      <trkpt lat="42.910675" lon="-0.036377">
        <ele>668.0</ele>
      </trkpt>
      <trkpt lat="42.910789" lon="-0.036438">
        <ele>666.8</ele>
      </trkpt>
      <trkpt lat="42.910922" lon="-0.036498">
        <ele>665.4</ele>
      </trkpt>
      <trkpt lat="42.911057" lon="-0.03656">
        <ele>664.0</ele>
      </trkpt>
      <trkpt lat="42.911186" lon="-0.036651">
        <ele>662.8</ele>
      </trkpt>
      <trkpt lat="42.911312" lon="-0.036743">
        <ele>661.4</ele>
      </trkpt>
      <trkpt lat="42.911423" lon="-0.036896">
        <ele>659.5</ele>
      </trkpt>
      <trkpt lat="42.911544" lon="-0.036987">
        <ele>657.4</ele>
      </trkpt>
      <trkpt lat="42.911671" lon="-0.037079">
        <ele>655.4</ele>
      </trkpt>
      <trkpt lat="42.911808" lon="-0.03714">
        <ele>653.5</ele>
      </trkpt>
      <trkpt lat="42.911921" lon="-0.037201">
        <ele>641.9</ele>
      </trkpt>
      <trkpt lat="42.911921" lon="-0.037201">
        <ele>651.8</ele>
      </trkpt>
      <trkpt lat="42.912059" lon="-0.037292">
        <ele>650.0</ele>
      </trkpt>
      <trkpt lat="42.912193" lon="-0.037354">
        <ele>648.4</ele>
      </trkpt>
      <trkpt lat="42.912315" lon="-0.037414">
        <ele>646.5</ele>
      </trkpt>
      <trkpt lat="42.91243" lon="-0.037476">
        <ele>644.8</ele>
      </trkpt>
      <trkpt lat="42.912563" lon="-0.037506">
        <ele>642.8</ele>
      </trkpt>
      <trkpt lat="42.912697" lon="-0.037506">
        <ele>640.8</ele>
      </trkpt>
      <trkpt lat="42.912833" lon="-0.037476">
        <ele>638.8</ele>
      </trkpt>
      <trkpt lat="42.912952" lon="-0.037445">
        <ele>636.8</ele>
      </trkpt>
      <trkpt lat="42.913063" lon="-0.037414">
        <ele>635.4</ele>
      </trkpt>
      <trkpt lat="42.913189" lon="-0.037414">
        <ele>633.8</ele>
      </trkpt>
      <trkpt lat="42.913315" lon="-0.037384">
        <ele>632.4</ele>
      </trkpt>
      <trkpt lat="42.913455" lon="-0.037354">
        <ele>630.8</ele>
      </trkpt>
      <trkpt lat="42.913586" lon="-0.037354">
        <ele>629.4</ele>
      </trkpt>
      <trkpt lat="42.913727" lon="-0.037292">
        <ele>627.8</ele>
      </trkpt>
      <trkpt lat="42.913845" lon="-0.037231">
        <ele>627.0</ele>
      </trkpt>
      <trkpt lat="42.913937" lon="-0.037201">
        <ele>626.0</ele>
      </trkpt>
      <trkpt lat="42.914036" lon="-0.03717">
        <ele>625.0</ele>
      </trkpt>
      <trkpt lat="42.914143" lon="-0.037201">
        <ele>624.2</ele>
      </trkpt>
      <trkpt lat="42.91423" lon="-0.037262">
        <ele>623.2</ele>
      </trkpt>
      <trkpt lat="42.914482" lon="-0.037414">
        <ele>622.8</ele>
      </trkpt>
      <trkpt lat="42.914558" lon="-0.037476">
        <ele>622.4</ele>
      </trkpt>
      <trkpt lat="42.914634" lon="-0.037537">
        <ele>622.0</ele>
      </trkpt>
      <trkpt lat="42.914707" lon="-0.037567">
        <ele>621.4</ele>
      </trkpt>
      <trkpt lat="42.914783" lon="-0.037628">
        <ele>621.0</ele>
      </trkpt>
      <trkpt lat="42.914921" lon="-0.037689">
        <ele>621.0</ele>
      </trkpt>
      <trkpt lat="42.915043" lon="-0.037781">
        <ele>621.0</ele>
      </trkpt>
      <trkpt lat="42.91518" lon="-0.037872">
        <ele>621.0</ele>
      </trkpt>
      <trkpt lat="42.915253" lon="-0.037903">
        <ele>621.0</ele>
      </trkpt>
      <trkpt lat="42.915394" lon="-0.037964">
        <ele>621.0</ele>
      </trkpt>
      <trkpt lat="42.915642" lon="-0.038025">
        <ele>621.0</ele>
      </trkpt>
      <trkpt lat="42.91571" lon="-0.038055">
        <ele>621.4</ele>
      </trkpt>
      <trkpt lat="42.915787" lon="-0.038055">
        <ele>622.0</ele>
      </trkpt>
      <trkpt lat="42.915844" lon="-0.038086">
        <ele>622.4</ele>
      </trkpt>
      <trkpt lat="42.915916" lon="-0.038116">
        <ele>622.8</ele>
      </trkpt>
      <trkpt lat="42.915985" lon="-0.038147">
        <ele>623.4</ele>
      </trkpt>
      <trkpt lat="42.916203" lon="-0.038208">
        <ele>623.4</ele>
      </trkpt>
      <trkpt lat="42.91634" lon="-0.038269">
        <ele>623.8</ele>
      </trkpt>
      <trkpt lat="42.916405" lon="-0.0383">
        <ele>624.2</ele>
      </trkpt>
      <trkpt lat="42.916477" lon="-0.03833">
        <ele>624.5</ele>
      </trkpt>
      <trkpt lat="42.916621" lon="-0.038391">
        <ele>625.0</ele>
      </trkpt>
      <trkpt lat="42.916697" lon="-0.038422">
        <ele>625.4</ele>
      </trkpt>
      <trkpt lat="42.916763" lon="-0.038452">
        <ele>625.4</ele>
      </trkpt>
      <trkpt lat="42.916862" lon="-0.038574">
        <ele>625.4</ele>
      </trkpt>
      <trkpt lat="42.916958" lon="-0.038696">
        <ele>625.4</ele>
      </trkpt>
      <trkpt lat="42.917034" lon="-0.03891">
        <ele>625.4</ele>
      </trkpt>
      <trkpt lat="42.917057" lon="-0.038971">
        <ele>625.4</ele>
      </trkpt>
      <trkpt lat="42.917164" lon="-0.039154">
        <ele>625.4</ele>
      </trkpt>
      <trkpt lat="42.917316" lon="-0.039336">
        <ele>625.4</ele>
      </trkpt>
      <trkpt lat="42.917549" lon="-0.039673">
        <ele>625.4</ele>
      </trkpt>
      <trkpt lat="42.917603" lon="-0.039734">
        <ele>625.4</ele>
      </trkpt>
      <trkpt lat="42.917744" lon="-0.039856">
        <ele>625.4</ele>
      </trkpt>
      <trkpt lat="42.917824" lon="-0.039856">
        <ele>625.4</ele>
      </trkpt>
      <trkpt lat="42.917965" lon="-0.039856">
        <ele>625.0</ele>
      </trkpt>
      <trkpt lat="42.918053" lon="-0.039856">
        <ele>623.8</ele>
      </trkpt>
      <trkpt lat="42.918224" lon="-0.039856">
        <ele>622.8</ele>
      </trkpt>
      <trkpt lat="42.918461" lon="-0.040009">
        <ele>622.8</ele>
      </trkpt>
      <trkpt lat="42.918591" lon="-0.040161">
        <ele>621.8</ele>
      </trkpt>
      <trkpt lat="42.918712" lon="-0.040314">
        <ele>621.4</ele>
      </trkpt>
      <trkpt lat="42.91877" lon="-0.040375">
        <ele>620.2</ele>
      </trkpt>
      <trkpt lat="42.918808" lon="-0.040405">
        <ele>619.8</ele>
      </trkpt>
      <trkpt lat="42.918892" lon="-0.040375">
        <ele>619.2</ele>
      </trkpt>
      <trkpt lat="42.918983" lon="-0.040314">
        <ele>618.8</ele>
      </trkpt>
      <trkpt lat="42.919067" lon="-0.040253">
        <ele>618.2</ele>
      </trkpt>
      <trkpt lat="42.919155" lon="-0.040192">
        <ele>618.2</ele>
      </trkpt>
      <trkpt lat="42.919445" lon="-0.04007">
        <ele>618.2</ele>
      </trkpt>
      <trkpt lat="42.919521" lon="-0.04007">
        <ele>618.2</ele>
      </trkpt>
      <trkpt lat="42.919777" lon="-0.040161">
        <ele>618.2</ele>
      </trkpt>
      <trkpt lat="42.919861" lon="-0.040192">
        <ele>618.2</ele>
      </trkpt>
      <trkpt lat="42.919956" lon="-0.040161">
        <ele>618.2</ele>
      </trkpt>
      <trkpt lat="42.92004" lon="-0.040161">
        <ele>618.2</ele>
      </trkpt>
      <trkpt lat="42.920376" lon="-0.040131">
        <ele>618.2</ele>
      </trkpt>
      <trkpt lat="42.920467" lon="-0.040161">
        <ele>618.5</ele>
      </trkpt>
      <trkpt lat="42.920547" lon="-0.040222">
        <ele>619.2</ele>
      </trkpt>
      <trkpt lat="42.920635" lon="-0.040283">
        <ele>619.5</ele>
      </trkpt>
      <trkpt lat="42.920715" lon="-0.040344">
        <ele>620.0</ele>
      </trkpt>
      <trkpt lat="42.920799" lon="-0.040405">
        <ele>620.4</ele>
      </trkpt>
      <trkpt lat="42.920902" lon="-0.040436">
        <ele>620.4</ele>
      </trkpt>
      <trkpt lat="42.92123" lon="-0.040466">
        <ele>620.4</ele>
      </trkpt>
      <trkpt lat="42.921318" lon="-0.040497">
        <ele>620.4</ele>
      </trkpt>
      <trkpt lat="42.921558" lon="-0.040557">
        <ele>620.8</ele>
      </trkpt>
      <trkpt lat="42.921692" lon="-0.040527">
        <ele>621.5</ele>
      </trkpt>
      <trkpt lat="42.921753" lon="-0.040557">
        <ele>622.0</ele>
      </trkpt>
      <trkpt lat="42.921814" lon="-0.040588">
        <ele>622.4</ele>
      </trkpt>
      <trkpt lat="42.922028" lon="-0.040527">
        <ele>622.4</ele>
      </trkpt>
      <trkpt lat="42.922127" lon="-0.040527">
        <ele>622.4</ele>
      </trkpt>
      <trkpt lat="42.921673" lon="-0.040619">
        <ele>622.0</ele>
      </trkpt>
      <trkpt lat="42.921741" lon="-0.040557">
        <ele>621.4</ele>
      </trkpt>
      <trkpt lat="42.921803" lon="-0.040527">
        <ele>621.0</ele>
      </trkpt>
      <trkpt lat="42.921871" lon="-0.040527">
        <ele>620.4</ele>
      </trkpt>
      <trkpt lat="42.921963" lon="-0.040497">
        <ele>619.8</ele>
      </trkpt>
      <trkpt lat="42.922066" lon="-0.040466">
        <ele>619.2</ele>
      </trkpt>
      <trkpt lat="42.922146" lon="-0.040497">
        <ele>618.5</ele>
      </trkpt>
      <trkpt lat="42.922241" lon="-0.040497">
        <ele>618.0</ele>
      </trkpt>
      <trkpt lat="42.92234" lon="-0.040497">
        <ele>617.2</ele>
      </trkpt>
      <trkpt lat="42.922855" lon="-0.040497">
        <ele>615.8</ele>
      </trkpt>
      <trkpt lat="42.922935" lon="-0.040527">
        <ele>615.0</ele>
      </trkpt>
      <trkpt lat="42.923023" lon="-0.040588">
        <ele>614.2</ele>
      </trkpt>
      <trkpt lat="42.923222" lon="-0.04068">
        <ele>613.8</ele>
      </trkpt>
      <trkpt lat="42.923321" lon="-0.04071">
        <ele>613.2</ele>
      </trkpt>
      <trkpt lat="42.923424" lon="-0.04071">
        <ele>612.8</ele>
      </trkpt>
      <trkpt lat="42.923527" lon="-0.04071">
        <ele>612.2</ele>
      </trkpt>
      <trkpt lat="42.923637" lon="-0.04068">
        <ele>611.5</ele>
      </trkpt>
      <trkpt lat="42.923744" lon="-0.04068">
        <ele>611.0</ele>
      </trkpt>
      <trkpt lat="42.923843" lon="-0.040649">
        <ele>610.4</ele>
      </trkpt>
      <trkpt lat="42.923939" lon="-0.04068">
        <ele>610.0</ele>
      </trkpt>
      <trkpt lat="42.924042" lon="-0.04071">
        <ele>609.4</ele>
      </trkpt>
      <trkpt lat="42.924332" lon="-0.041015">
        <ele>609.4</ele>
      </trkpt>
      <trkpt lat="42.924423" lon="-0.041138">
        <ele>608.8</ele>
      </trkpt>
      <trkpt lat="42.924518" lon="-0.041229">
        <ele>608.4</ele>
      </trkpt>
      <trkpt lat="42.924618" lon="-0.04132">
        <ele>608.0</ele>
      </trkpt>
      <trkpt lat="42.924721" lon="-0.041382">
        <ele>607.5</ele>
      </trkpt>
      <trkpt lat="42.924812" lon="-0.041473">
        <ele>607.0</ele>
      </trkpt>
      <trkpt lat="42.924911" lon="-0.041565">
        <ele>606.4</ele>
      </trkpt>
      <trkpt lat="42.925011" lon="-0.041656">
        <ele>605.8</ele>
      </trkpt>
      <trkpt lat="42.925106" lon="-0.041748">
        <ele>605.4</ele>
      </trkpt>
      <trkpt lat="42.925209" lon="-0.04184">
        <ele>604.8</ele>
      </trkpt>
      <trkpt lat="42.925316" lon="-0.041901">
        <ele>604.2</ele>
      </trkpt>
      <trkpt lat="42.925423" lon="-0.041962">
        <ele>603.2</ele>
      </trkpt>
      <trkpt lat="42.925537" lon="-0.041992">
        <ele>602.4</ele>
      </trkpt>
      <trkpt lat="42.925655" lon="-0.041992">
        <ele>601.5</ele>
      </trkpt>
      <trkpt lat="42.925773" lon="-0.041992">
        <ele>600.5</ele>
      </trkpt>
      <trkpt lat="42.925858" lon="-0.041962">
        <ele>599.5</ele>
      </trkpt>
      <trkpt lat="42.925941" lon="-0.041931">
        <ele>598.4</ele>
      </trkpt>
      <trkpt lat="42.926018" lon="-0.04184">
        <ele>597.2</ele>
      </trkpt>
      <trkpt lat="42.925999" lon="-0.041778">
        <ele>596.2</ele>
      </trkpt>
      <trkpt lat="42.926022" lon="-0.041748">
        <ele>595.0</ele>
      </trkpt>
      <trkpt lat="42.926063" lon="-0.041718">
        <ele>594.0</ele>
      </trkpt>
      <trkpt lat="42.926376" lon="-0.041687">
        <ele>594.0</ele>
      </trkpt>
      <trkpt lat="42.926491" lon="-0.041687">
        <ele>593.4</ele>
      </trkpt>
      <trkpt lat="42.926804" lon="-0.041687">
        <ele>592.2</ele>
      </trkpt>
      <trkpt lat="42.926945" lon="-0.041718">
        <ele>591.4</ele>
      </trkpt>
      <trkpt lat="42.927086" lon="-0.041748">
        <ele>590.5</ele>
      </trkpt>
      <trkpt lat="42.9272" lon="-0.041778">
        <ele>589.8</ele>
      </trkpt>
      <trkpt lat="42.927334" lon="-0.041809">
        <ele>589.2</ele>
      </trkpt>
      <trkpt lat="42.927475" lon="-0.04184">
        <ele>588.5</ele>
      </trkpt>
      <trkpt lat="42.927727" lon="-0.04187">
        <ele>586.8</ele>
      </trkpt>
      <trkpt lat="42.927872" lon="-0.041931">
        <ele>585.5</ele>
      </trkpt>
      <trkpt lat="42.928016" lon="-0.041962">
        <ele>584.5</ele>
      </trkpt>
      <trkpt lat="42.928158" lon="-0.042023">
        <ele>583.5</ele>
      </trkpt>
      <trkpt lat="42.928284" lon="-0.042084">
        <ele>582.4</ele>
      </trkpt>
      <trkpt lat="42.928417" lon="-0.042145">
        <ele>581.4</ele>
      </trkpt>
      <trkpt lat="42.928528" lon="-0.042206">
        <ele>581.0</ele>
      </trkpt>
      <trkpt lat="42.92865" lon="-0.042297">
        <ele>580.4</ele>
      </trkpt>
      <trkpt lat="42.928772" lon="-0.042358">
        <ele>580.0</ele>
      </trkpt>
      <trkpt lat="42.928897" lon="-0.042419">
        <ele>579.5</ele>
      </trkpt>
      <trkpt lat="42.929012" lon="-0.042479">
        <ele>579.2</ele>
      </trkpt>
      <trkpt lat="42.929123" lon="-0.042572">
        <ele>578.5</ele>
      </trkpt>
      <trkpt lat="42.929237" lon="-0.042664">
        <ele>578.0</ele>
      </trkpt>
      <trkpt lat="42.929352" lon="-0.042755">
        <ele>577.2</ele>
      </trkpt>
      <trkpt lat="42.929466" lon="-0.042877">
        <ele>576.0</ele>
      </trkpt>
      <trkpt lat="42.929523" lon="-0.043152">
        <ele>574.8</ele>
      </trkpt>
      <trkpt lat="42.929564" lon="-0.043274">
        <ele>573.5</ele>
      </trkpt>
      <trkpt lat="42.929646" lon="-0.043427">
        <ele>572.4</ele>
      </trkpt>
      <trkpt lat="42.929764" lon="-0.043549">
        <ele>571.2</ele>
      </trkpt>
      <trkpt lat="42.929844" lon="-0.0437">
        <ele>570.2</ele>
      </trkpt>
      <trkpt lat="42.929901" lon="-0.043884">
        <ele>568.8</ele>
      </trkpt>
      <trkpt lat="42.929935" lon="-0.044067">
        <ele>567.5</ele>
      </trkpt>
      <trkpt lat="42.929977" lon="-0.04425">
        <ele>566.4</ele>
      </trkpt>
      <trkpt lat="42.930034" lon="-0.044403">
        <ele>565.2</ele>
      </trkpt>
      <trkpt lat="42.930103" lon="-0.044586">
        <ele>564.0</ele>
      </trkpt>
      <trkpt lat="42.930168" lon="-0.044739">
        <ele>562.8</ele>
      </trkpt>
      <trkpt lat="42.930225" lon="-0.044891">
        <ele>562.0</ele>
      </trkpt>
      <trkpt lat="42.930294" lon="-0.045044">
        <ele>561.4</ele>
      </trkpt>
      <trkpt lat="42.93037" lon="-0.045197">
        <ele>560.5</ele>
      </trkpt>
      <trkpt lat="42.930462" lon="-0.045319">
        <ele>560.0</ele>
      </trkpt>
      <trkpt lat="42.930557" lon="-0.045441">
        <ele>559.2</ele>
      </trkpt>
      <trkpt lat="42.930641" lon="-0.045563">
        <ele>558.5</ele>
      </trkpt>
      <trkpt lat="42.93074" lon="-0.045685">
        <ele>557.8</ele>
      </trkpt>
      <trkpt lat="42.930843" lon="-0.045807">
        <ele>557.2</ele>
      </trkpt>
      <trkpt lat="42.93095" lon="-0.045898">
        <ele>556.4</ele>
      </trkpt>
      <trkpt lat="42.931053" lon="-0.04599">
        <ele>555.8</ele>
      </trkpt>
      <trkpt lat="42.931202" lon="-0.045959">
        <ele>555.2</ele>
      </trkpt>
      <trkpt lat="42.931328" lon="-0.045959">
        <ele>554.5</ele>
      </trkpt>
      <trkpt lat="42.931446" lon="-0.045929">
        <ele>554.0</ele>
      </trkpt>
      <trkpt lat="42.931561" lon="-0.045898">
        <ele>553.5</ele>
      </trkpt>
      <trkpt lat="42.931671" lon="-0.045898">
        <ele>553.0</ele>
      </trkpt>
      <trkpt lat="42.932007" lon="-0.045868">
        <ele>553.0</ele>
      </trkpt>
      <trkpt lat="42.932117" lon="-0.045898">
        <ele>553.0</ele>
      </trkpt>
      <trkpt lat="42.932331" lon="-0.04599">
        <ele>552.4</ele>
      </trkpt>
      <trkpt lat="42.932429" lon="-0.046021">
        <ele>552.0</ele>
      </trkpt>
      <trkpt lat="42.932529" lon="-0.046082">
        <ele>551.4</ele>
      </trkpt>
      <trkpt lat="42.932625" lon="-0.046173">
        <ele>551.0</ele>
      </trkpt>
      <trkpt lat="42.932716" lon="-0.046234">
        <ele>550.5</ele>
      </trkpt>
      <trkpt lat="42.932911" lon="-0.046326">
        <ele>550.5</ele>
      </trkpt>
      <trkpt lat="42.933022" lon="-0.046356">
        <ele>550.5</ele>
      </trkpt>
      <trkpt lat="42.933228" lon="-0.046448">
        <ele>550.5</ele>
      </trkpt>
      <trkpt lat="42.93343" lon="-0.046538">
        <ele>550.5</ele>
      </trkpt>
      <trkpt lat="42.933537" lon="-0.046631">
        <ele>550.0</ele>
      </trkpt>
      <trkpt lat="42.933647" lon="-0.046692">
        <ele>549.5</ele>
      </trkpt>
      <trkpt lat="42.933754" lon="-0.046753">
        <ele>549.0</ele>
      </trkpt>
      <trkpt lat="42.933865" lon="-0.046814">
        <ele>548.5</ele>
      </trkpt>
      <trkpt lat="42.933971" lon="-0.046875">
        <ele>548.2</ele>
      </trkpt>
      <trkpt lat="42.934071" lon="-0.046967">
        <ele>547.5</ele>
      </trkpt>
      <trkpt lat="42.934151" lon="-0.047028">
        <ele>547.2</ele>
      </trkpt>
      <trkpt lat="42.934235" lon="-0.047119">
        <ele>546.8</ele>
      </trkpt>
      <trkpt lat="42.934326" lon="-0.047211">
        <ele>546.4</ele>
      </trkpt>
      <trkpt lat="42.934349" lon="-0.047333">
        <ele>546.0</ele>
      </trkpt>
      <trkpt lat="42.934261" lon="-0.047546">
        <ele>545.4</ele>
      </trkpt>
      <trkpt lat="42.934322" lon="-0.047638">
        <ele>545.0</ele>
      </trkpt>
      <trkpt lat="42.934402" lon="-0.047759">
        <ele>544.5</ele>
      </trkpt>
      <trkpt lat="42.934464" lon="-0.047913">
        <ele>543.8</ele>
      </trkpt>
      <trkpt lat="42.934544" lon="-0.048126">
        <ele>543.2</ele>
      </trkpt>
      <trkpt lat="42.934669" lon="-0.048248">
        <ele>542.4</ele>
      </trkpt>
      <trkpt lat="42.934753" lon="-0.04834">
        <ele>541.5</ele>
      </trkpt>
      <trkpt lat="42.934875" lon="-0.04837">
        <ele>540.5</ele>
      </trkpt>
      <trkpt lat="42.934956" lon="-0.048462">
        <ele>539.8</ele>
      </trkpt>
      <trkpt lat="42.935043" lon="-0.048492">
        <ele>539.0</ele>
      </trkpt>
      <trkpt lat="42.935165" lon="-0.048462">
        <ele>538.4</ele>
      </trkpt>
      <trkpt lat="42.935276" lon="-0.048462">
        <ele>538.0</ele>
      </trkpt>
      <trkpt lat="42.935421" lon="-0.04837">
        <ele>537.4</ele>
      </trkpt>
      <trkpt lat="42.935539" lon="-0.04834">
        <ele>536.8</ele>
      </trkpt>
      <trkpt lat="42.935661" lon="-0.048309">
        <ele>536.0</ele>
      </trkpt>
      <trkpt lat="42.935783" lon="-0.048279">
        <ele>535.2</ele>
      </trkpt>
      <trkpt lat="42.935909" lon="-0.048248">
        <ele>534.2</ele>
      </trkpt>
      <trkpt lat="42.936043" lon="-0.048217">
        <ele>533.4</ele>
      </trkpt>
      <trkpt lat="42.93618" lon="-0.048217">
        <ele>532.4</ele>
      </trkpt>
      <trkpt lat="42.936306" lon="-0.048217">
        <ele>531.4</ele>
      </trkpt>
      <trkpt lat="42.936722" lon="-0.048248">
        <ele>531.4</ele>
      </trkpt>
      <trkpt lat="42.936924" lon="-0.048462">
        <ele>531.0</ele>
      </trkpt>
      <trkpt lat="42.937004" lon="-0.048615">
        <ele>530.5</ele>
      </trkpt>
      <trkpt lat="42.937069" lon="-0.048767">
        <ele>530.0</ele>
      </trkpt>
      <trkpt lat="42.937138" lon="-0.048889">
        <ele>529.2</ele>
      </trkpt>
      <trkpt lat="42.937222" lon="-0.049011">
        <ele>528.5</ele>
      </trkpt>
      <trkpt lat="42.937309" lon="-0.049133">
        <ele>527.8</ele>
      </trkpt>
      <trkpt lat="42.937401" lon="-0.049255">
        <ele>527.0</ele>
      </trkpt>
      <trkpt lat="42.9375" lon="-0.049347">
        <ele>526.2</ele>
      </trkpt>
      <trkpt lat="42.937614" lon="-0.049377">
        <ele>525.4</ele>
      </trkpt>
      <trkpt lat="42.937733" lon="-0.049438">
        <ele>524.8</ele>
      </trkpt>
      <trkpt lat="42.937855" lon="-0.049469">
        <ele>524.2</ele>
      </trkpt>
      <trkpt lat="42.937973" lon="-0.0495">
        <ele>523.6</ele>
      </trkpt>
      <trkpt lat="42.938084" lon="-0.049561">
        <ele>522.8</ele>
      </trkpt>
      <trkpt lat="42.938179" lon="-0.049622">
        <ele>522.2</ele>
      </trkpt>
      <trkpt lat="42.938251" lon="-0.049683">
        <ele>522.2</ele>
      </trkpt>
      <trkpt lat="42.938358" lon="-0.049805">
        <ele>521.8</ele>
      </trkpt>
      <trkpt lat="42.938427" lon="-0.049866">
        <ele>521.4</ele>
      </trkpt>
      <trkpt lat="42.938526" lon="-0.049927">
        <ele>521.0</ele>
      </trkpt>
      <trkpt lat="42.938637" lon="-0.049988">
        <ele>520.6</ele>
      </trkpt>
      <trkpt lat="42.938747" lon="-0.050049">
        <ele>520.2</ele>
      </trkpt>
      <trkpt lat="42.938854" lon="-0.05011">
        <ele>520.2</ele>
      </trkpt>
      <trkpt lat="42.938957" lon="-0.050201">
        <ele>520.2</ele>
      </trkpt>
      <trkpt lat="42.939053" lon="-0.050293">
        <ele>520.6</ele>
      </trkpt>
      <trkpt lat="42.939129" lon="-0.050415">
        <ele>521.0</ele>
      </trkpt>
      <trkpt lat="42.939209" lon="-0.050537">
        <ele>521.4</ele>
      </trkpt>
      <trkpt lat="42.939285" lon="-0.050659">
        <ele>521.8</ele>
      </trkpt>
      <trkpt lat="42.939335" lon="-0.050781">
        <ele>522.2</ele>
      </trkpt>
      <trkpt lat="42.93943" lon="-0.051056">
        <ele>522.2</ele>
      </trkpt>
      <trkpt lat="42.939507" lon="-0.05136">
        <ele>521.8</ele>
      </trkpt>
      <trkpt lat="42.939541" lon="-0.051514">
        <ele>521.2</ele>
      </trkpt>
      <trkpt lat="42.939571" lon="-0.051697">
        <ele>520.6</ele>
      </trkpt>
      <trkpt lat="42.93964" lon="-0.052002">
        <ele>519.6</ele>
      </trkpt>
      <trkpt lat="42.939789" lon="-0.05246">
        <ele>519.2</ele>
      </trkpt>
      <trkpt lat="42.939842" lon="-0.052582">
        <ele>518.8</ele>
      </trkpt>
      <trkpt lat="42.939898" lon="-0.052734">
        <ele>518.2</ele>
      </trkpt>
      <trkpt lat="42.940105" lon="-0.052917">
        <ele>517.4</ele>
      </trkpt>
      <trkpt lat="42.940186" lon="-0.05304">
        <ele>516.8</ele>
      </trkpt>
      <trkpt lat="42.94025" lon="-0.053162">
        <ele>516.2</ele>
      </trkpt>
      <trkpt lat="42.940337" lon="-0.053223">
        <ele>515.6</ele>
      </trkpt>
      <trkpt lat="42.940453" lon="-0.053223">
        <ele>515.0</ele>
      </trkpt>
      <trkpt lat="42.940605" lon="-0.053101">
        <ele>514.6</ele>
      </trkpt>
      <trkpt lat="42.940697" lon="-0.053009">
        <ele>514.0</ele>
      </trkpt>
      <trkpt lat="42.940792" lon="-0.052917">
        <ele>513.4</ele>
      </trkpt>
      <trkpt lat="42.940868" lon="-0.052826">
        <ele>513.0</ele>
      </trkpt>
      <trkpt lat="42.940948" lon="-0.052734">
        <ele>512.6</ele>
      </trkpt>
      <trkpt lat="42.941032" lon="-0.052643">
        <ele>512.2</ele>
      </trkpt>
      <trkpt lat="42.94112" lon="-0.052551">
        <ele>511.8</ele>
      </trkpt>
      <trkpt lat="42.941204" lon="-0.05246">
        <ele>511.4</ele>
      </trkpt>
      <trkpt lat="42.941452" lon="-0.052185">
        <ele>511.4</ele>
      </trkpt>
      <trkpt lat="42.941688" lon="-0.051971">
        <ele>511.4</ele>
      </trkpt>
      <trkpt lat="42.941776" lon="-0.05191">
        <ele>511.4</ele>
      </trkpt>
      <trkpt lat="42.942055" lon="-0.05191">
        <ele>511.4</ele>
      </trkpt>
      <trkpt lat="42.942337" lon="-0.052063">
        <ele>511.8</ele>
      </trkpt>
      <trkpt lat="42.942429" lon="-0.052155">
        <ele>512.4</ele>
      </trkpt>
      <trkpt lat="42.942513" lon="-0.052276">
        <ele>512.8</ele>
      </trkpt>
      <trkpt lat="42.942604" lon="-0.052368">
        <ele>512.4</ele>
      </trkpt>
      <trkpt lat="42.942692" lon="-0.05246">
        <ele>512.0</ele>
      </trkpt>
      <trkpt lat="42.94278" lon="-0.052582">
        <ele>511.6</ele>
      </trkpt>
      <trkpt lat="42.94286" lon="-0.052673">
        <ele>511.0</ele>
      </trkpt>
      <trkpt lat="42.94294" lon="-0.052734">
        <ele>510.4</ele>
      </trkpt>
      <trkpt lat="42.943024" lon="-0.052826">
        <ele>509.8</ele>
      </trkpt>
      <trkpt lat="42.943104" lon="-0.052917">
        <ele>509.2</ele>
      </trkpt>
      <trkpt lat="42.943199" lon="-0.052979">
        <ele>508.8</ele>
      </trkpt>
      <trkpt lat="42.943668" lon="-0.053223">
        <ele>508.8</ele>
      </trkpt>
      <trkpt lat="42.944168" lon="-0.053589">
        <ele>508.8</ele>
      </trkpt>
      <trkpt lat="42.944241" lon="-0.05365">
        <ele>508.8</ele>
      </trkpt>
      <trkpt lat="42.944454" lon="-0.053894">
        <ele>508.8</ele>
      </trkpt>
      <trkpt lat="42.944927" lon="-0.054382">
        <ele>508.8</ele>
      </trkpt>
      <trkpt lat="42.94532" lon="-0.054779">
        <ele>508.8</ele>
      </trkpt>
      <trkpt lat="42.945751" lon="-0.055298">
        <ele>508.8</ele>
      </trkpt>
      <trkpt lat="42.94582" lon="-0.055359">
        <ele>508.8</ele>
      </trkpt>
      <trkpt lat="42.946224" lon="-0.055847">
        <ele>508.8</ele>
      </trkpt>
      <trkpt lat="42.946357" lon="-0.05603">
        <ele>508.2</ele>
      </trkpt>
      <trkpt lat="42.94643" lon="-0.056122">
        <ele>507.8</ele>
      </trkpt>
      <trkpt lat="42.946514" lon="-0.056183">
        <ele>507.2</ele>
      </trkpt>
      <trkpt lat="42.946594" lon="-0.056274">
        <ele>506.8</ele>
      </trkpt>
      <trkpt lat="42.946671" lon="-0.056335">
        <ele>506.2</ele>
      </trkpt>
      <trkpt lat="42.946747" lon="-0.056427">
        <ele>506.2</ele>
      </trkpt>
      <trkpt lat="42.94698" lon="-0.056671">
        <ele>505.8</ele>
      </trkpt>
      <trkpt lat="42.947041" lon="-0.056793">
        <ele>505.2</ele>
      </trkpt>
      <trkpt lat="42.947102" lon="-0.056885">
        <ele>504.8</ele>
      </trkpt>
      <trkpt lat="42.947147" lon="-0.057007">
        <ele>504.2</ele>
      </trkpt>
      <trkpt lat="42.947186" lon="-0.057129">
        <ele>503.6</ele>
      </trkpt>
      <trkpt lat="42.947247" lon="-0.057373">
        <ele>503.6</ele>
      </trkpt>
      <trkpt lat="42.947308" lon="-0.057922">
        <ele>503.2</ele>
      </trkpt>
      <trkpt lat="42.947323" lon="-0.058044">
        <ele>502.8</ele>
      </trkpt>
      <trkpt lat="42.947342" lon="-0.058167">
        <ele>502.4</ele>
      </trkpt>
      <trkpt lat="42.947361" lon="-0.058289">
        <ele>502.0</ele>
      </trkpt>
      <trkpt lat="42.94738" lon="-0.058411">
        <ele>501.6</ele>
      </trkpt>
      <trkpt lat="42.947514" lon="-0.058929">
        <ele>501.6</ele>
      </trkpt>
      <trkpt lat="42.947559" lon="-0.059052">
        <ele>501.2</ele>
      </trkpt>
      <trkpt lat="42.947605" lon="-0.059174">
        <ele>500.8</ele>
      </trkpt>
      <trkpt lat="42.947655" lon="-0.059296">
        <ele>500.4</ele>
      </trkpt>
      <trkpt lat="42.947708" lon="-0.059418">
        <ele>500.0</ele>
      </trkpt>
      <trkpt lat="42.947754" lon="-0.05954">
        <ele>499.6</ele>
      </trkpt>
      <trkpt lat="42.947811" lon="-0.059662">
        <ele>499.6</ele>
      </trkpt>
      <trkpt lat="42.947933" lon="-0.059875">
        <ele>499.0</ele>
      </trkpt>
      <trkpt lat="42.947998" lon="-0.059998">
        <ele>498.6</ele>
      </trkpt>
      <trkpt lat="42.948067" lon="-0.060089">
        <ele>498.0</ele>
      </trkpt>
      <trkpt lat="42.948135" lon="-0.060181">
        <ele>497.6</ele>
      </trkpt>
      <trkpt lat="42.948196" lon="-0.060272">
        <ele>497.2</ele>
      </trkpt>
      <trkpt lat="42.948547" lon="-0.060913">
        <ele>497.2</ele>
      </trkpt>
      <trkpt lat="42.948715" lon="-0.061249">
        <ele>496.4</ele>
      </trkpt>
      <trkpt lat="42.948769" lon="-0.061371">
        <ele>496.0</ele>
      </trkpt>
      <trkpt lat="42.948822" lon="-0.061462">
        <ele>495.4</ele>
      </trkpt>
      <trkpt lat="42.948872" lon="-0.061584">
        <ele>495.0</ele>
      </trkpt>
      <trkpt lat="42.948963" lon="-0.061829">
        <ele>495.0</ele>
      </trkpt>
      <trkpt lat="42.949191" lon="-0.062256">
        <ele>495.0</ele>
      </trkpt>
      <trkpt lat="42.949253" lon="-0.062347">
        <ele>495.0</ele>
      </trkpt>
      <trkpt lat="42.949638" lon="-0.062988">
        <ele>495.0</ele>
      </trkpt>
      <trkpt lat="42.949692" lon="-0.06311">
        <ele>495.0</ele>
      </trkpt>
      <trkpt lat="42.949825" lon="-0.063477">
        <ele>495.0</ele>
      </trkpt>
      <trkpt lat="42.950089" lon="-0.06424">
        <ele>495.0</ele>
      </trkpt>
      <trkpt lat="42.950176" lon="-0.064606">
        <ele>495.0</ele>
      </trkpt>
      <trkpt lat="42.950306" lon="-0.065399">
        <ele>495.0</ele>
      </trkpt>
      <trkpt lat="42.950329" lon="-0.06552">
        <ele>495.0</ele>
      </trkpt>
      <trkpt lat="42.950378" lon="-0.065775">
        <ele>494.0</ele>
      </trkpt>
      <trkpt lat="42.950424" lon="-0.06601">
        <ele>494.6</ele>
      </trkpt>
    </trkseg>
  </trk>
</gpx>
